
════════════════════════════════════════════════════════════
[ERROR] 2026-05-16 16:39:18
────────────────────────────────────────────────────────────
Mensaje    : [CONFIG_INVALID] en carga de nivel: configs/demo_final.txt: Token de configuración desconocido: LIFE
Excepción  : main.domain.HardestGameException
Detalle    : Token de configuración desconocido: LIFE
StackTrace :
  at main.domain.GameConfiguration.parseLineContent(GameConfiguration.java:135)
  at main.domain.GameConfiguration.parseLine(GameConfiguration.java:75)
  at main.domain.GameConfiguration.load(GameConfiguration.java:54)
  at main.domain.HardestGame.loadConfiguration(HardestGame.java:97)
  at main.presentation.GameGUI.loadLevel(GameGUI.java:157)
  at main.presentation.GameGUI.startGame(GameGUI.java:144)
  at main.presentation.MenuScreen.fireStart(MenuScreen.java:157)
  at main.presentation.MenuScreen.lambda$buildComponents$0(MenuScreen.java:135)
  at java.desktop/javax.swing.AbstractButton.fireActionPerformed(AbstractButton.java:1972)
  at java.desktop/javax.swing.AbstractButton$Handler.actionPerformed(AbstractButton.java:2314)
  at java.desktop/javax.swing.DefaultButtonModel.fireActionPerformed(DefaultButtonModel.java:407)
  at java.desktop/javax.swing.DefaultButtonModel.setPressed(DefaultButtonModel.java:262)
  at java.desktop/javax.swing.plaf.basic.BasicButtonListener.mouseReleased(BasicButtonListener.java:279)
  at java.desktop/java.awt.Component.processMouseEvent(Component.java:6576)
  at java.desktop/javax.swing.JComponent.processMouseEvent(JComponent.java:3404)
  at java.desktop/java.awt.Component.processEvent(Component.java:6341)
  at java.desktop/java.awt.Container.processEvent(Container.java:2260)
  at java.desktop/java.awt.Component.dispatchEventImpl(Component.java:4958)
  at java.desktop/java.awt.Container.dispatchEventImpl(Container.java:2318)
  at java.desktop/java.awt.Component.dispatchEvent(Component.java:4790)
  at java.desktop/java.awt.LightweightDispatcher.retargetMouseEvent(Container.java:4916)
  at java.desktop/java.awt.LightweightDispatcher.processMouseEvent(Container.java:4559)
  at java.desktop/java.awt.LightweightDispatcher.dispatchEvent(Container.java:4500)
  at java.desktop/java.awt.Container.dispatchEventImpl(Container.java:2304)
  at java.desktop/java.awt.Window.dispatchEventImpl(Window.java:2671)
  at java.desktop/java.awt.Component.dispatchEvent(Component.java:4790)
  at java.desktop/java.awt.EventQueue.dispatchEventImpl(EventQueue.java:725)
  at java.desktop/java.awt.EventQueue.dispatchEvent(EventQueue.java:702)
  at java.desktop/java.awt.EventDispatchThread.pumpOneEventForFilters(EventDispatchThread.java:203)
  at java.desktop/java.awt.EventDispatchThread.pumpEventsForFilter(EventDispatchThread.java:124)
  at java.desktop/java.awt.EventDispatchThread.pumpEventsForHierarchy(EventDispatchThread.java:113)
  at java.desktop/java.awt.EventDispatchThread.pumpEvents(EventDispatchThread.java:109)
  at java.desktop/java.awt.EventDispatchThread.pumpEvents(EventDispatchThread.java:101)
  at java.desktop/java.awt.EventDispatchThread.run(EventDispatchThread.java:90)
════════════════════════════════════════════════════════════

════════════════════════════════════════════════════════════
[ERROR] 2026-05-16 16:39:35
────────────────────────────────────────────────────────────
Mensaje    : [CONFIG_INVALID] en carga de nivel: configs/demo_final.txt: Token de configuración desconocido: LIFE
Excepción  : main.domain.HardestGameException
Detalle    : Token de configuración desconocido: LIFE
StackTrace :
  at main.domain.GameConfiguration.parseLineContent(GameConfiguration.java:135)
  at main.domain.GameConfiguration.parseLine(GameConfiguration.java:75)
  at main.domain.GameConfiguration.load(GameConfiguration.java:54)
  at main.domain.HardestGame.loadConfiguration(HardestGame.java:97)
  at main.presentation.GameGUI.loadLevel(GameGUI.java:157)
  at main.presentation.GameGUI.startGame(GameGUI.java:144)
  at main.presentation.MenuScreen.fireStart(MenuScreen.java:157)
  at main.presentation.MenuScreen.lambda$buildComponents$0(MenuScreen.java:135)
  at java.desktop/javax.swing.AbstractButton.fireActionPerformed(AbstractButton.java:1972)
  at java.desktop/javax.swing.AbstractButton$Handler.actionPerformed(AbstractButton.java:2314)
  at java.desktop/javax.swing.DefaultButtonModel.fireActionPerformed(DefaultButtonModel.java:407)
  at java.desktop/javax.swing.DefaultButtonModel.setPressed(DefaultButtonModel.java:262)
  at java.desktop/javax.swing.plaf.basic.BasicButtonListener.mouseReleased(BasicButtonListener.java:279)
  at java.desktop/java.awt.Component.processMouseEvent(Component.java:6576)
  at java.desktop/javax.swing.JComponent.processMouseEvent(JComponent.java:3404)
  at java.desktop/java.awt.Component.processEvent(Component.java:6341)
  at java.desktop/java.awt.Container.processEvent(Container.java:2260)
  at java.desktop/java.awt.Component.dispatchEventImpl(Component.java:4958)
  at java.desktop/java.awt.Container.dispatchEventImpl(Container.java:2318)
  at java.desktop/java.awt.Component.dispatchEvent(Component.java:4790)
  at java.desktop/java.awt.LightweightDispatcher.retargetMouseEvent(Container.java:4916)
  at java.desktop/java.awt.LightweightDispatcher.processMouseEvent(Container.java:4559)
  at java.desktop/java.awt.LightweightDispatcher.dispatchEvent(Container.java:4500)
  at java.desktop/java.awt.Container.dispatchEventImpl(Container.java:2304)
  at java.desktop/java.awt.Window.dispatchEventImpl(Window.java:2671)
  at java.desktop/java.awt.Component.dispatchEvent(Component.java:4790)
  at java.desktop/java.awt.EventQueue.dispatchEventImpl(EventQueue.java:725)
  at java.desktop/java.awt.EventQueue.dispatchEvent(EventQueue.java:702)
  at java.desktop/java.awt.EventDispatchThread.pumpOneEventForFilters(EventDispatchThread.java:203)
  at java.desktop/java.awt.EventDispatchThread.pumpEventsForFilter(EventDispatchThread.java:124)
  at java.desktop/java.awt.EventDispatchThread.pumpEventsForHierarchy(EventDispatchThread.java:113)
  at java.desktop/java.awt.EventDispatchThread.pumpEvents(EventDispatchThread.java:109)
  at java.desktop/java.awt.EventDispatchThread.pumpEvents(EventDispatchThread.java:101)
  at java.desktop/java.awt.EventDispatchThread.run(EventDispatchThread.java:90)
════════════════════════════════════════════════════════════

[INFO] 2026-05-16 16:41:30 — Checkpoint intermedio activado — monedas previas fijadas

[INFO] 2026-05-16 16:51:43 — Colisión jugador-jugador: ambos reiniciados a inicio
may 16, 2026 4:51:43 P. M. main.domain.HardestGame movePlayer
SEVERE: movePlayer no permitido en estado PAUSED

[INFO] 2026-05-16 16:51:43 — Checkpoint intermedio activado — monedas previas fijadas
may 16, 2026 4:51:43 P. M. main.domain.Board setWall
SEVERE: Muro fuera del tablero en (-1,0)
may 16, 2026 4:51:43 P. M. main.domain.GameConfiguration validate
SEVERE: Falta SAFE_START en la configuración

[INFO] 2026-05-16 16:51:43 — Vida extra para Jugador 1 (total: 1)

[INFO] 2026-05-16 16:51:43 — Vida extra para Jugador 1 (total: 1)

[INFO] 2026-05-16 16:51:43 — Vida extra para Jugador 1 (total: 1)

[INFO] 2026-05-16 16:51:43 — Vida extra consumida por Jugador 1

[INFO] 2026-05-16 16:51:43 — Vida extra para Jugador 1 (total: 1)

[INFO] 2026-05-16 16:51:43 — Vida extra para Jugador 1 (total: 1)

[INFO] 2026-05-16 16:51:43 — Vida extra consumida por Jugador 1

[INFO] 2026-05-16 16:52:04 — Colisión jugador-jugador: ambos reiniciados a inicio
may 16, 2026 4:52:04 P. M. main.domain.HardestGame movePlayer
SEVERE: movePlayer no permitido en estado PAUSED

[INFO] 2026-05-16 16:52:04 — Checkpoint intermedio activado — monedas previas fijadas

[INFO] 2026-05-16 16:52:04 — Vida extra para Jugador 1 (total: 1)

[INFO] 2026-05-16 16:52:04 — Vida extra para Jugador 1 (total: 1)

[INFO] 2026-05-16 16:52:04 — Vida extra para Jugador 1 (total: 1)

[INFO] 2026-05-16 16:52:04 — Vida extra consumida por Jugador 1

[INFO] 2026-05-16 16:52:04 — Vida extra para Jugador 1 (total: 1)

[INFO] 2026-05-16 16:52:04 — Vida extra para Jugador 1 (total: 1)

[INFO] 2026-05-16 16:52:04 — Vida extra consumida por Jugador 1

[INFO] 2026-05-16 16:52:56 — Colisión jugador-jugador: ambos reiniciados a inicio
may 16, 2026 4:52:56 P. M. main.domain.HardestGame movePlayer
SEVERE: movePlayer no permitido en estado PAUSED

[INFO] 2026-05-16 16:52:56 — Checkpoint intermedio activado — monedas previas fijadas
may 16, 2026 4:52:56 P. M. main.domain.Board setWall
SEVERE: Muro fuera del tablero en (-1,0)
may 16, 2026 4:52:56 P. M. main.domain.GameConfiguration validate
SEVERE: Falta SAFE_START en la configuración

[INFO] 2026-05-16 16:52:56 — Vida extra para Jugador 1 (total: 1)

[INFO] 2026-05-16 16:52:56 — Vida extra para Jugador 1 (total: 1)

[INFO] 2026-05-16 16:52:56 — Vida extra para Jugador 1 (total: 1)

[INFO] 2026-05-16 16:52:56 — Vida extra consumida por Jugador 1

[INFO] 2026-05-16 16:52:56 — Vida extra para Jugador 1 (total: 1)

[INFO] 2026-05-16 16:52:56 — Vida extra para Jugador 1 (total: 1)

[INFO] 2026-05-16 16:52:56 — Vida extra consumida por Jugador 1

[INFO] 2026-05-16 16:53:12 — Vida extra para Jugador 1 (total: 1)

[INFO] 2026-05-16 16:53:12 — Vida extra para Jugador 1 (total: 1)

[INFO] 2026-05-16 16:53:12 — Vida extra para Jugador 1 (total: 1)

[INFO] 2026-05-16 16:53:12 — Vida extra consumida por Jugador 1

[INFO] 2026-05-16 16:53:12 — Vida extra para Jugador 1 (total: 1)

[INFO] 2026-05-16 16:53:13 — Vida extra para Jugador 1 (total: 1)

[INFO] 2026-05-16 16:53:13 — Vida extra consumida por Jugador 1

[INFO] 2026-05-16 16:53:13 — Colisión jugador-jugador: ambos reiniciados a inicio
may 16, 2026 4:53:13 P. M. main.domain.HardestGame movePlayer
SEVERE: movePlayer no permitido en estado PAUSED

[INFO] 2026-05-16 16:53:13 — Checkpoint intermedio activado — monedas previas fijadas

[INFO] 2026-05-16 16:53:36 — Colisión jugador-jugador: ambos reiniciados a inicio
may 16, 2026 4:53:36 P. M. main.domain.HardestGame movePlayer
SEVERE: movePlayer no permitido en estado PAUSED

[INFO] 2026-05-16 16:53:36 — Checkpoint intermedio activado — monedas previas fijadas
may 16, 2026 4:53:36 P. M. main.domain.Board setWall
SEVERE: Muro fuera del tablero en (-1,0)
may 16, 2026 4:53:36 P. M. main.domain.GameConfiguration validate
SEVERE: Falta SAFE_START en la configuración

[INFO] 2026-05-16 16:53:36 — Vida extra para Jugador 1 (total: 1)

[INFO] 2026-05-16 16:53:36 — Vida extra para Jugador 1 (total: 1)

[INFO] 2026-05-16 16:53:36 — Vida extra para Jugador 1 (total: 1)

[INFO] 2026-05-16 16:53:36 — Vida extra consumida por Jugador 1

[INFO] 2026-05-16 16:53:36 — Vida extra para Jugador 1 (total: 1)

[INFO] 2026-05-16 16:53:36 — Vida extra para Jugador 1 (total: 1)

[INFO] 2026-05-16 16:53:36 — Vida extra consumida por Jugador 1

[INFO] 2026-05-16 16:53:54 — Colisión jugador-jugador: ambos reiniciados a inicio
may 16, 2026 4:53:54 P. M. main.domain.HardestGame movePlayer
SEVERE: movePlayer no permitido en estado PAUSED

[INFO] 2026-05-16 16:53:54 — Checkpoint intermedio activado — monedas previas fijadas
may 16, 2026 4:54:14 P. M. main.domain.Board setWall
SEVERE: Muro fuera del tablero en (-1,0)
may 16, 2026 4:54:14 P. M. main.domain.GameConfiguration validate
SEVERE: Falta SAFE_START en la configuración

[INFO] 2026-05-16 16:54:32 — Vida extra para Jugador 1 (total: 1)

[INFO] 2026-05-16 16:54:32 — Vida extra para Jugador 1 (total: 1)

[INFO] 2026-05-16 16:54:32 — Vida extra para Jugador 1 (total: 1)

[INFO] 2026-05-16 16:54:32 — Vida extra consumida por Jugador 1

[INFO] 2026-05-16 16:54:32 — Vida extra para Jugador 1 (total: 1)

[INFO] 2026-05-16 16:54:32 — Vida extra para Jugador 1 (total: 1)

[INFO] 2026-05-16 16:54:32 — Vida extra consumida por Jugador 1

[INFO] 2026-05-16 16:54:55 — Colisión jugador-jugador: ambos reiniciados a inicio
may 16, 2026 4:54:55 P. M. main.domain.HardestGame movePlayer
SEVERE: movePlayer no permitido en estado PAUSED

[INFO] 2026-05-16 16:54:55 — Checkpoint intermedio activado — monedas previas fijadas
may 16, 2026 4:54:55 P. M. main.domain.Board setWall
SEVERE: Muro fuera del tablero en (-1,0)
may 16, 2026 4:54:55 P. M. main.domain.GameConfiguration validate
SEVERE: Falta SAFE_START en la configuración

[INFO] 2026-05-16 16:54:55 — Vida extra para Jugador 1 (total: 1)

[INFO] 2026-05-16 16:54:55 — Vida extra para Jugador 1 (total: 1)

[INFO] 2026-05-16 16:54:55 — Vida extra para Jugador 1 (total: 1)

[INFO] 2026-05-16 16:54:55 — Vida extra consumida por Jugador 1

[INFO] 2026-05-16 16:54:55 — Vida extra para Jugador 1 (total: 1)

[INFO] 2026-05-16 16:54:55 — Vida extra para Jugador 1 (total: 1)

[INFO] 2026-05-16 16:54:55 — Vida extra consumida por Jugador 1

[INFO] 2026-05-16 16:55:51 — Vida extra para Jugador 1 (total: 1)

[INFO] 2026-05-16 16:55:52 — Vida extra consumida por Jugador 1

[INFO] 2026-05-16 16:56:01 — Checkpoint intermedio activado — monedas previas fijadas
may 16, 2026 4:56:25 P. M. main.domain.GameConfiguration parseLineContent
SEVERE: Token desconocido en línea 15: LIFE
may 16, 2026 4:56:25 P. M. main.presentation.GameGUI handleGameError
SEVERE: Error en carga de nivel: configs/demo_final.txt: Token desconocido en línea 15: LIFE
[CONFIG_INVALID] Token desconocido en línea 15: LIFE
	at main.domain.GameConfiguration.parseLineContent(GameConfiguration.java:135)
	at main.domain.GameConfiguration.parseLine(GameConfiguration.java:93)
	at main.domain.GameConfiguration.load(GameConfiguration.java:60)
	at main.domain.HardestGame.loadConfiguration(HardestGame.java:114)
	at main.presentation.GameGUI.loadLevel(GameGUI.java:171)
	at main.presentation.GameGUI.startGame(GameGUI.java:156)
	at main.presentation.MenuScreen.fireStart(MenuScreen.java:163)
	at main.presentation.MenuScreen.lambda$buildComponents$0(MenuScreen.java:141)
	at java.desktop/javax.swing.AbstractButton.fireActionPerformed(AbstractButton.java:1972)
	at java.desktop/javax.swing.AbstractButton$Handler.actionPerformed(AbstractButton.java:2314)
	at java.desktop/javax.swing.DefaultButtonModel.fireActionPerformed(DefaultButtonModel.java:407)
	at java.desktop/javax.swing.DefaultButtonModel.setPressed(DefaultButtonModel.java:262)
	at java.desktop/javax.swing.plaf.basic.BasicButtonListener.mouseReleased(BasicButtonListener.java:279)
	at java.desktop/java.awt.Component.processMouseEvent(Component.java:6576)
	at java.desktop/javax.swing.JComponent.processMouseEvent(JComponent.java:3404)
	at java.desktop/java.awt.Component.processEvent(Component.java:6341)
	at java.desktop/java.awt.Container.processEvent(Container.java:2260)
	at java.desktop/java.awt.Component.dispatchEventImpl(Component.java:4958)
	at java.desktop/java.awt.Container.dispatchEventImpl(Container.java:2318)
	at java.desktop/java.awt.Component.dispatchEvent(Component.java:4790)
	at java.desktop/java.awt.LightweightDispatcher.retargetMouseEvent(Container.java:4916)
	at java.desktop/java.awt.LightweightDispatcher.processMouseEvent(Container.java:4559)
	at java.desktop/java.awt.LightweightDispatcher.dispatchEvent(Container.java:4500)
	at java.desktop/java.awt.Container.dispatchEventImpl(Container.java:2304)
	at java.desktop/java.awt.Window.dispatchEventImpl(Window.java:2671)
	at java.desktop/java.awt.Component.dispatchEvent(Component.java:4790)
	at java.desktop/java.awt.EventQueue.dispatchEventImpl(EventQueue.java:725)
	at java.desktop/java.awt.EventQueue.dispatchEvent(EventQueue.java:702)
	at java.desktop/java.awt.EventDispatchThread.pumpOneEventForFilters(EventDispatchThread.java:203)
	at java.desktop/java.awt.EventDispatchThread.pumpEventsForFilter(EventDispatchThread.java:124)
	at java.desktop/java.awt.EventDispatchThread.pumpEventsForHierarchy(EventDispatchThread.java:113)
	at java.desktop/java.awt.EventDispatchThread.pumpEvents(EventDispatchThread.java:109)
	at java.desktop/java.awt.EventDispatchThread.pumpEvents(EventDispatchThread.java:101)
	at java.desktop/java.awt.EventDispatchThread.run(EventDispatchThread.java:90)


════════════════════════════════════════════════════════════
[ERROR] 2026-05-16 16:56:25
────────────────────────────────────────────────────────────
Mensaje    : [CONFIG_INVALID] en carga de nivel: configs/demo_final.txt: Token desconocido en línea 15: LIFE
Excepción  : main.domain.InvalidLevelFormatException
Detalle    : Token desconocido en línea 15: LIFE
StackTrace :
  at main.domain.GameConfiguration.parseLineContent(GameConfiguration.java:135)
  at main.domain.GameConfiguration.parseLine(GameConfiguration.java:93)
  at main.domain.GameConfiguration.load(GameConfiguration.java:60)
  at main.domain.HardestGame.loadConfiguration(HardestGame.java:114)
  at main.presentation.GameGUI.loadLevel(GameGUI.java:171)
  at main.presentation.GameGUI.startGame(GameGUI.java:156)
  at main.presentation.MenuScreen.fireStart(MenuScreen.java:163)
  at main.presentation.MenuScreen.lambda$buildComponents$0(MenuScreen.java:141)
  at java.desktop/javax.swing.AbstractButton.fireActionPerformed(AbstractButton.java:1972)
  at java.desktop/javax.swing.AbstractButton$Handler.actionPerformed(AbstractButton.java:2314)
  at java.desktop/javax.swing.DefaultButtonModel.fireActionPerformed(DefaultButtonModel.java:407)
  at java.desktop/javax.swing.DefaultButtonModel.setPressed(DefaultButtonModel.java:262)
  at java.desktop/javax.swing.plaf.basic.BasicButtonListener.mouseReleased(BasicButtonListener.java:279)
  at java.desktop/java.awt.Component.processMouseEvent(Component.java:6576)
  at java.desktop/javax.swing.JComponent.processMouseEvent(JComponent.java:3404)
  at java.desktop/java.awt.Component.processEvent(Component.java:6341)
  at java.desktop/java.awt.Container.processEvent(Container.java:2260)
  at java.desktop/java.awt.Component.dispatchEventImpl(Component.java:4958)
  at java.desktop/java.awt.Container.dispatchEventImpl(Container.java:2318)
  at java.desktop/java.awt.Component.dispatchEvent(Component.java:4790)
  at java.desktop/java.awt.LightweightDispatcher.retargetMouseEvent(Container.java:4916)
  at java.desktop/java.awt.LightweightDispatcher.processMouseEvent(Container.java:4559)
  at java.desktop/java.awt.LightweightDispatcher.dispatchEvent(Container.java:4500)
  at java.desktop/java.awt.Container.dispatchEventImpl(Container.java:2304)
  at java.desktop/java.awt.Window.dispatchEventImpl(Window.java:2671)
  at java.desktop/java.awt.Component.dispatchEvent(Component.java:4790)
  at java.desktop/java.awt.EventQueue.dispatchEventImpl(EventQueue.java:725)
  at java.desktop/java.awt.EventQueue.dispatchEvent(EventQueue.java:702)
  at java.desktop/java.awt.EventDispatchThread.pumpOneEventForFilters(EventDispatchThread.java:203)
  at java.desktop/java.awt.EventDispatchThread.pumpEventsForFilter(EventDispatchThread.java:124)
  at java.desktop/java.awt.EventDispatchThread.pumpEventsForHierarchy(EventDispatchThread.java:113)
  at java.desktop/java.awt.EventDispatchThread.pumpEvents(EventDispatchThread.java:109)
  at java.desktop/java.awt.EventDispatchThread.pumpEvents(EventDispatchThread.java:101)
  at java.desktop/java.awt.EventDispatchThread.run(EventDispatchThread.java:90)
════════════════════════════════════════════════════════════

[INFO] 2026-05-16 16:56:40 — Vida extra para Jugador 1 (total: 1)

[INFO] 2026-05-16 16:56:42 — Vida extra para Jugador 1 (total: 2)

[INFO] 2026-05-16 16:56:43 — Checkpoint intermedio activado — monedas previas fijadas

[INFO] 2026-05-16 16:56:44 — Vida extra consumida por Jugador 1

[INFO] 2026-05-16 16:56:44 — Vida extra consumida por Jugador 1

[INFO] 2026-05-16 16:56:53 — Vida extra para Jugador 1 (total: 1)

[INFO] 2026-05-16 16:56:53 — Vida extra consumida por Jugador 1

[INFO] 2026-05-16 16:56:58 — Vida extra para Jugador 1 (total: 1)

[INFO] 2026-05-16 16:57:01 — Vida extra para Jugador 1 (total: 2)

[INFO] 2026-05-16 16:57:04 — Vida extra consumida por Jugador 1

[INFO] 2026-05-16 16:57:08 — Vida extra consumida por Jugador 1

[INFO] 2026-05-16 16:57:12 — Vida extra para Jugador 1 (total: 1)

[INFO] 2026-05-16 16:57:14 — Vida extra para Jugador 1 (total: 2)

[INFO] 2026-05-16 16:57:15 — Vida extra consumida por Jugador 1

[INFO] 2026-05-16 16:57:16 — Vida extra consumida por Jugador 1

[INFO] 2026-05-16 16:57:18 — Checkpoint intermedio activado — monedas previas fijadas

[INFO] 2026-05-16 16:57:31 — Vida extra para Jugador 1 (total: 1)

[INFO] 2026-05-16 16:57:45 — Vida extra para Jugador 1 (total: 1)

[INFO] 2026-05-16 16:57:53 — Vida extra para Jugador 1 (total: 2)

[INFO] 2026-05-16 16:58:04 — Colisión jugador-jugador: ambos reiniciados a inicio

[INFO] 2026-05-16 16:58:05 — Vida extra para Jugador 1 (total: 1)

[INFO] 2026-05-16 16:58:07 — Colisión jugador-jugador: ambos reiniciados a inicio

[INFO] 2026-05-16 16:58:08 — Vida extra para Jugador 1 (total: 1)

[INFO] 2026-05-16 16:58:11 — Colisión jugador-jugador: ambos reiniciados a inicio

[INFO] 2026-05-16 16:58:12 — Colisión jugador-jugador: ambos reiniciados a inicio

[INFO] 2026-05-16 16:58:12 — Vida extra para Jugador 1 (total: 1)

[INFO] 2026-05-16 16:58:16 — Colisión jugador-jugador: ambos reiniciados a inicio

[INFO] 2026-05-16 16:58:16 — Colisión jugador-jugador: ambos reiniciados a inicio

[INFO] 2026-05-16 16:58:17 — Colisión jugador-jugador: ambos reiniciados a inicio

[INFO] 2026-05-16 16:58:19 — Vida extra para Jugador 1 (total: 1)

[INFO] 2026-05-16 16:58:41 — Colisión jugador-jugador: ambos reiniciados a inicio

[INFO] 2026-05-16 16:58:45 — Colisión jugador-jugador: ambos reiniciados a inicio

[INFO] 2026-05-16 16:58:47 — Colisión jugador-jugador: ambos reiniciados a inicio

[INFO] 2026-05-16 16:58:54 — Colisión jugador-jugador: ambos reiniciados a inicio

[INFO] 2026-05-16 16:58:58 — Colisión jugador-jugador: ambos reiniciados a inicio

[INFO] 2026-05-16 16:59:01 — Colisión jugador-jugador: ambos reiniciados a inicio

[INFO] 2026-05-16 16:59:01 — Colisión jugador-jugador: ambos reiniciados a inicio

[INFO] 2026-05-16 16:59:03 — Colisión jugador-jugador: ambos reiniciados a inicio

[INFO] 2026-05-16 16:59:05 — Colisión jugador-jugador: ambos reiniciados a inicio

[INFO] 2026-05-16 16:59:06 — Colisión jugador-jugador: ambos reiniciados a inicio

[INFO] 2026-05-16 16:59:07 — Colisión jugador-jugador: ambos reiniciados a inicio

[INFO] 2026-05-16 17:03:46 — Clyde absorbió un golpe con su escudo

[INFO] 2026-05-16 17:03:46 — Vida extra para Jugador 1 (total: 1)

[INFO] 2026-05-16 17:03:46 — Clyde absorbió un golpe con su escudo

[INFO] 2026-05-16 17:03:46 — Clyde absorbió un golpe con su escudo

[INFO] 2026-05-16 17:03:46 — Vida extra para Jugador 1 (total: 1)

[INFO] 2026-05-16 17:03:46 — Vida extra para Jugador 1 (total: 1)

[INFO] 2026-05-16 17:03:46 — Vida extra para Jugador 1 (total: 1)

[INFO] 2026-05-16 17:03:46 — Vida extra absorbió un golpe para Jugador 1 (restantes: 0)

[INFO] 2026-05-16 17:03:46 — Vida extra para Jugador 1 (total: 1)

[INFO] 2026-05-16 17:03:46 — Vida extra para Jugador 1 (total: 1)

[INFO] 2026-05-16 17:03:46 — Vida extra absorbió un golpe para Jugador 1 (restantes: 0)

[INFO] 2026-05-16 17:04:16 — Clyde absorbió un golpe con su escudo

[INFO] 2026-05-16 17:04:16 — Vida extra para Jugador 1 (total: 1)

[INFO] 2026-05-16 17:04:16 — Clyde absorbió un golpe con su escudo

[INFO] 2026-05-16 17:04:16 — Clyde absorbió un golpe con su escudo

[INFO] 2026-05-16 17:04:42 — Clyde absorbió un golpe con su escudo

[INFO] 2026-05-16 17:04:42 — Vida extra para Jugador 1 (total: 1)

[INFO] 2026-05-16 17:04:42 — Clyde absorbió un golpe con su escudo

[INFO] 2026-05-16 17:04:42 — Clyde absorbió un golpe con su escudo

[INFO] 2026-05-16 17:05:25 — Clyde absorbió un golpe con su escudo

[INFO] 2026-05-16 17:05:25 — Vida extra para Jugador 1 (total: 1)

[INFO] 2026-05-16 17:05:25 — Clyde absorbió un golpe con su escudo

[INFO] 2026-05-16 17:05:25 — Vida extra absorbió un golpe para Jugador 1 (restantes: 0)

[INFO] 2026-05-16 17:05:25 — Clyde absorbió un golpe con su escudo

[INFO] 2026-05-16 17:05:25 — Vida extra para Jugador 1 (total: 1)

[INFO] 2026-05-16 17:05:25 — Vida extra para Jugador 1 (total: 1)

[INFO] 2026-05-16 17:05:25 — Vida extra para Jugador 1 (total: 1)

[INFO] 2026-05-16 17:05:25 — Vida extra absorbió un golpe para Jugador 1 (restantes: 0)

[INFO] 2026-05-16 17:05:25 — Vida extra para Jugador 1 (total: 1)

[INFO] 2026-05-16 17:05:25 — Vida extra para Jugador 1 (total: 1)

[INFO] 2026-05-16 17:05:25 — Vida extra absorbió un golpe para Jugador 1 (restantes: 0)

[INFO] 2026-05-16 17:05:47 — Colisión jugador-jugador: ambos reiniciados a inicio

[INFO] 2026-05-16 17:05:47 — Checkpoint intermedio activado — monedas previas fijadas

[INFO] 2026-05-16 17:05:47 — Vida extra para Jugador 1 (total: 1)

[INFO] 2026-05-16 17:05:47 — Vida extra para Jugador 1 (total: 1)

[INFO] 2026-05-16 17:05:47 — Vida extra para Jugador 1 (total: 1)

[INFO] 2026-05-16 17:05:47 — Vida extra absorbió un golpe para Jugador 1 (restantes: 0)

[INFO] 2026-05-16 17:05:47 — Vida extra para Jugador 1 (total: 1)

[INFO] 2026-05-16 17:05:47 — Vida extra para Jugador 1 (total: 1)

[INFO] 2026-05-16 17:05:47 — Vida extra absorbió un golpe para Jugador 1 (restantes: 0)

[INFO] 2026-05-16 17:05:47 — Clyde absorbió un golpe con su escudo

[INFO] 2026-05-16 17:05:47 — Vida extra para Jugador 1 (total: 1)

[INFO] 2026-05-16 17:05:47 — Clyde absorbió un golpe con su escudo

[INFO] 2026-05-16 17:05:47 — Vida extra absorbió un golpe para Jugador 1 (restantes: 0)

[INFO] 2026-05-16 17:05:47 — Clyde absorbió un golpe con su escudo
may 16, 2026 5:06:45 P. M. main.domain.GameConfiguration validateNotOnWall
SEVERE: ENEMY colocado sobre un muro en (2,5)
may 16, 2026 5:06:45 P. M. main.presentation.GameGUI handleGameError
SEVERE: Error en carga de nivel: configs/level3.txt: ENEMY colocado sobre un muro en (2,5)
[CONFIG_INVALID] ENEMY colocado sobre un muro en (2,5)
	at main.domain.GameConfiguration.validateNotOnWall(GameConfiguration.java:263)
	at main.domain.GameConfiguration.validate(GameConfiguration.java:250)
	at main.domain.GameConfiguration.load(GameConfiguration.java:83)
	at main.domain.HardestGame.loadConfiguration(HardestGame.java:114)
	at main.presentation.GameGUI.loadLevel(GameGUI.java:171)
	at main.presentation.GameGUI.startGame(GameGUI.java:156)
	at main.presentation.MenuScreen.fireStart(MenuScreen.java:163)
	at main.presentation.MenuScreen.lambda$buildComponents$0(MenuScreen.java:141)
	at java.desktop/javax.swing.AbstractButton.fireActionPerformed(AbstractButton.java:1972)
	at java.desktop/javax.swing.AbstractButton$Handler.actionPerformed(AbstractButton.java:2314)
	at java.desktop/javax.swing.DefaultButtonModel.fireActionPerformed(DefaultButtonModel.java:407)
	at java.desktop/javax.swing.DefaultButtonModel.setPressed(DefaultButtonModel.java:262)
	at java.desktop/javax.swing.plaf.basic.BasicButtonListener.mouseReleased(BasicButtonListener.java:279)
	at java.desktop/java.awt.Component.processMouseEvent(Component.java:6576)
	at java.desktop/javax.swing.JComponent.processMouseEvent(JComponent.java:3404)
	at java.desktop/java.awt.Component.processEvent(Component.java:6341)
	at java.desktop/java.awt.Container.processEvent(Container.java:2260)
	at java.desktop/java.awt.Component.dispatchEventImpl(Component.java:4958)
	at java.desktop/java.awt.Container.dispatchEventImpl(Container.java:2318)
	at java.desktop/java.awt.Component.dispatchEvent(Component.java:4790)
	at java.desktop/java.awt.LightweightDispatcher.retargetMouseEvent(Container.java:4916)
	at java.desktop/java.awt.LightweightDispatcher.processMouseEvent(Container.java:4559)
	at java.desktop/java.awt.LightweightDispatcher.dispatchEvent(Container.java:4500)
	at java.desktop/java.awt.Container.dispatchEventImpl(Container.java:2304)
	at java.desktop/java.awt.Window.dispatchEventImpl(Window.java:2671)
	at java.desktop/java.awt.Component.dispatchEvent(Component.java:4790)
	at java.desktop/java.awt.EventQueue.dispatchEventImpl(EventQueue.java:725)
	at java.desktop/java.awt.EventQueue.dispatchEvent(EventQueue.java:702)
	at java.desktop/java.awt.EventDispatchThread.pumpOneEventForFilters(EventDispatchThread.java:203)
	at java.desktop/java.awt.EventDispatchThread.pumpEventsForFilter(EventDispatchThread.java:124)
	at java.desktop/java.awt.EventDispatchThread.pumpEventsForHierarchy(EventDispatchThread.java:113)
	at java.desktop/java.awt.EventDispatchThread.pumpEvents(EventDispatchThread.java:109)
	at java.desktop/java.awt.EventDispatchThread.pumpEvents(EventDispatchThread.java:101)
	at java.desktop/java.awt.EventDispatchThread.run(EventDispatchThread.java:90)


════════════════════════════════════════════════════════════
[ERROR] 2026-05-16 17:06:45
────────────────────────────────────────────────────────────
Mensaje    : [CONFIG_INVALID] en carga de nivel: configs/level3.txt: ENEMY colocado sobre un muro en (2,5)
Excepción  : main.domain.InvalidLevelFormatException
Detalle    : ENEMY colocado sobre un muro en (2,5)
StackTrace :
  at main.domain.GameConfiguration.validateNotOnWall(GameConfiguration.java:263)
  at main.domain.GameConfiguration.validate(GameConfiguration.java:250)
  at main.domain.GameConfiguration.load(GameConfiguration.java:83)
  at main.domain.HardestGame.loadConfiguration(HardestGame.java:114)
  at main.presentation.GameGUI.loadLevel(GameGUI.java:171)
  at main.presentation.GameGUI.startGame(GameGUI.java:156)
  at main.presentation.MenuScreen.fireStart(MenuScreen.java:163)
  at main.presentation.MenuScreen.lambda$buildComponents$0(MenuScreen.java:141)
  at java.desktop/javax.swing.AbstractButton.fireActionPerformed(AbstractButton.java:1972)
  at java.desktop/javax.swing.AbstractButton$Handler.actionPerformed(AbstractButton.java:2314)
  at java.desktop/javax.swing.DefaultButtonModel.fireActionPerformed(DefaultButtonModel.java:407)
  at java.desktop/javax.swing.DefaultButtonModel.setPressed(DefaultButtonModel.java:262)
  at java.desktop/javax.swing.plaf.basic.BasicButtonListener.mouseReleased(BasicButtonListener.java:279)
  at java.desktop/java.awt.Component.processMouseEvent(Component.java:6576)
  at java.desktop/javax.swing.JComponent.processMouseEvent(JComponent.java:3404)
  at java.desktop/java.awt.Component.processEvent(Component.java:6341)
  at java.desktop/java.awt.Container.processEvent(Container.java:2260)
  at java.desktop/java.awt.Component.dispatchEventImpl(Component.java:4958)
  at java.desktop/java.awt.Container.dispatchEventImpl(Container.java:2318)
  at java.desktop/java.awt.Component.dispatchEvent(Component.java:4790)
  at java.desktop/java.awt.LightweightDispatcher.retargetMouseEvent(Container.java:4916)
  at java.desktop/java.awt.LightweightDispatcher.processMouseEvent(Container.java:4559)
  at java.desktop/java.awt.LightweightDispatcher.dispatchEvent(Container.java:4500)
  at java.desktop/java.awt.Container.dispatchEventImpl(Container.java:2304)
  at java.desktop/java.awt.Window.dispatchEventImpl(Window.java:2671)
  at java.desktop/java.awt.Component.dispatchEvent(Component.java:4790)
  at java.desktop/java.awt.EventQueue.dispatchEventImpl(EventQueue.java:725)
  at java.desktop/java.awt.EventQueue.dispatchEvent(EventQueue.java:702)
  at java.desktop/java.awt.EventDispatchThread.pumpOneEventForFilters(EventDispatchThread.java:203)
  at java.desktop/java.awt.EventDispatchThread.pumpEventsForFilter(EventDispatchThread.java:124)
  at java.desktop/java.awt.EventDispatchThread.pumpEventsForHierarchy(EventDispatchThread.java:113)
  at java.desktop/java.awt.EventDispatchThread.pumpEvents(EventDispatchThread.java:109)
  at java.desktop/java.awt.EventDispatchThread.pumpEvents(EventDispatchThread.java:101)
  at java.desktop/java.awt.EventDispatchThread.run(EventDispatchThread.java:90)
════════════════════════════════════════════════════════════
may 16, 2026 5:06:59 P. M. main.domain.GameConfiguration validateNotOnWall
SEVERE: ENEMY colocado sobre un muro en (2,5)
may 16, 2026 5:06:59 P. M. main.presentation.GameGUI handleGameError
SEVERE: Error en carga de nivel: configs/level3.txt: ENEMY colocado sobre un muro en (2,5)
[CONFIG_INVALID] ENEMY colocado sobre un muro en (2,5)
	at main.domain.GameConfiguration.validateNotOnWall(GameConfiguration.java:263)
	at main.domain.GameConfiguration.validate(GameConfiguration.java:250)
	at main.domain.GameConfiguration.load(GameConfiguration.java:83)
	at main.domain.HardestGame.loadConfiguration(HardestGame.java:114)
	at main.presentation.GameGUI.loadLevel(GameGUI.java:171)
	at main.presentation.GameGUI.startGame(GameGUI.java:156)
	at main.presentation.MenuScreen.fireStart(MenuScreen.java:163)
	at main.presentation.MenuScreen.lambda$buildComponents$0(MenuScreen.java:141)
	at java.desktop/javax.swing.AbstractButton.fireActionPerformed(AbstractButton.java:1972)
	at java.desktop/javax.swing.AbstractButton$Handler.actionPerformed(AbstractButton.java:2314)
	at java.desktop/javax.swing.DefaultButtonModel.fireActionPerformed(DefaultButtonModel.java:407)
	at java.desktop/javax.swing.DefaultButtonModel.setPressed(DefaultButtonModel.java:262)
	at java.desktop/javax.swing.plaf.basic.BasicButtonListener.mouseReleased(BasicButtonListener.java:279)
	at java.desktop/java.awt.Component.processMouseEvent(Component.java:6576)
	at java.desktop/javax.swing.JComponent.processMouseEvent(JComponent.java:3404)
	at java.desktop/java.awt.Component.processEvent(Component.java:6341)
	at java.desktop/java.awt.Container.processEvent(Container.java:2260)
	at java.desktop/java.awt.Component.dispatchEventImpl(Component.java:4958)
	at java.desktop/java.awt.Container.dispatchEventImpl(Container.java:2318)
	at java.desktop/java.awt.Component.dispatchEvent(Component.java:4790)
	at java.desktop/java.awt.LightweightDispatcher.retargetMouseEvent(Container.java:4916)
	at java.desktop/java.awt.LightweightDispatcher.processMouseEvent(Container.java:4559)
	at java.desktop/java.awt.LightweightDispatcher.dispatchEvent(Container.java:4500)
	at java.desktop/java.awt.Container.dispatchEventImpl(Container.java:2304)
	at java.desktop/java.awt.Window.dispatchEventImpl(Window.java:2671)
	at java.desktop/java.awt.Component.dispatchEvent(Component.java:4790)
	at java.desktop/java.awt.EventQueue.dispatchEventImpl(EventQueue.java:725)
	at java.desktop/java.awt.EventQueue.dispatchEvent(EventQueue.java:702)
	at java.desktop/java.awt.EventDispatchThread.pumpOneEventForFilters(EventDispatchThread.java:203)
	at java.desktop/java.awt.EventDispatchThread.pumpEventsForFilter(EventDispatchThread.java:124)
	at java.desktop/java.awt.EventDispatchThread.pumpEventsForHierarchy(EventDispatchThread.java:113)
	at java.desktop/java.awt.EventDispatchThread.pumpEvents(EventDispatchThread.java:109)
	at java.desktop/java.awt.EventDispatchThread.pumpEvents(EventDispatchThread.java:101)
	at java.desktop/java.awt.EventDispatchThread.run(EventDispatchThread.java:90)


════════════════════════════════════════════════════════════
[ERROR] 2026-05-16 17:06:59
────────────────────────────────────────────────────────────
Mensaje    : [CONFIG_INVALID] en carga de nivel: configs/level3.txt: ENEMY colocado sobre un muro en (2,5)
Excepción  : main.domain.InvalidLevelFormatException
Detalle    : ENEMY colocado sobre un muro en (2,5)
StackTrace :
  at main.domain.GameConfiguration.validateNotOnWall(GameConfiguration.java:263)
  at main.domain.GameConfiguration.validate(GameConfiguration.java:250)
  at main.domain.GameConfiguration.load(GameConfiguration.java:83)
  at main.domain.HardestGame.loadConfiguration(HardestGame.java:114)
  at main.presentation.GameGUI.loadLevel(GameGUI.java:171)
  at main.presentation.GameGUI.startGame(GameGUI.java:156)
  at main.presentation.MenuScreen.fireStart(MenuScreen.java:163)
  at main.presentation.MenuScreen.lambda$buildComponents$0(MenuScreen.java:141)
  at java.desktop/javax.swing.AbstractButton.fireActionPerformed(AbstractButton.java:1972)
  at java.desktop/javax.swing.AbstractButton$Handler.actionPerformed(AbstractButton.java:2314)
  at java.desktop/javax.swing.DefaultButtonModel.fireActionPerformed(DefaultButtonModel.java:407)
  at java.desktop/javax.swing.DefaultButtonModel.setPressed(DefaultButtonModel.java:262)
  at java.desktop/javax.swing.plaf.basic.BasicButtonListener.mouseReleased(BasicButtonListener.java:279)
  at java.desktop/java.awt.Component.processMouseEvent(Component.java:6576)
  at java.desktop/javax.swing.JComponent.processMouseEvent(JComponent.java:3404)
  at java.desktop/java.awt.Component.processEvent(Component.java:6341)
  at java.desktop/java.awt.Container.processEvent(Container.java:2260)
  at java.desktop/java.awt.Component.dispatchEventImpl(Component.java:4958)
  at java.desktop/java.awt.Container.dispatchEventImpl(Container.java:2318)
  at java.desktop/java.awt.Component.dispatchEvent(Component.java:4790)
  at java.desktop/java.awt.LightweightDispatcher.retargetMouseEvent(Container.java:4916)
  at java.desktop/java.awt.LightweightDispatcher.processMouseEvent(Container.java:4559)
  at java.desktop/java.awt.LightweightDispatcher.dispatchEvent(Container.java:4500)
  at java.desktop/java.awt.Container.dispatchEventImpl(Container.java:2304)
  at java.desktop/java.awt.Window.dispatchEventImpl(Window.java:2671)
  at java.desktop/java.awt.Component.dispatchEvent(Component.java:4790)
  at java.desktop/java.awt.EventQueue.dispatchEventImpl(EventQueue.java:725)
  at java.desktop/java.awt.EventQueue.dispatchEvent(EventQueue.java:702)
  at java.desktop/java.awt.EventDispatchThread.pumpOneEventForFilters(EventDispatchThread.java:203)
  at java.desktop/java.awt.EventDispatchThread.pumpEventsForFilter(EventDispatchThread.java:124)
  at java.desktop/java.awt.EventDispatchThread.pumpEventsForHierarchy(EventDispatchThread.java:113)
  at java.desktop/java.awt.EventDispatchThread.pumpEvents(EventDispatchThread.java:109)
  at java.desktop/java.awt.EventDispatchThread.pumpEvents(EventDispatchThread.java:101)
  at java.desktop/java.awt.EventDispatchThread.run(EventDispatchThread.java:90)
════════════════════════════════════════════════════════════
may 16, 2026 5:07:11 P. M. main.domain.GameConfiguration parseLineContent
SEVERE: Token desconocido en línea 15: LIFE
may 16, 2026 5:07:11 P. M. main.presentation.GameGUI handleGameError
SEVERE: Error en carga de nivel: configs/demo_final.txt: Token desconocido en línea 15: LIFE
[CONFIG_INVALID] Token desconocido en línea 15: LIFE
	at main.domain.GameConfiguration.parseLineContent(GameConfiguration.java:135)
	at main.domain.GameConfiguration.parseLine(GameConfiguration.java:93)
	at main.domain.GameConfiguration.load(GameConfiguration.java:60)
	at main.domain.HardestGame.loadConfiguration(HardestGame.java:114)
	at main.presentation.GameGUI.loadLevel(GameGUI.java:171)
	at main.presentation.GameGUI.startGame(GameGUI.java:156)
	at main.presentation.MenuScreen.fireStart(MenuScreen.java:163)
	at main.presentation.MenuScreen.lambda$buildComponents$0(MenuScreen.java:141)
	at java.desktop/javax.swing.AbstractButton.fireActionPerformed(AbstractButton.java:1972)
	at java.desktop/javax.swing.AbstractButton$Handler.actionPerformed(AbstractButton.java:2314)
	at java.desktop/javax.swing.DefaultButtonModel.fireActionPerformed(DefaultButtonModel.java:407)
	at java.desktop/javax.swing.DefaultButtonModel.setPressed(DefaultButtonModel.java:262)
	at java.desktop/javax.swing.plaf.basic.BasicButtonListener.mouseReleased(BasicButtonListener.java:279)
	at java.desktop/java.awt.Component.processMouseEvent(Component.java:6576)
	at java.desktop/javax.swing.JComponent.processMouseEvent(JComponent.java:3404)
	at java.desktop/java.awt.Component.processEvent(Component.java:6341)
	at java.desktop/java.awt.Container.processEvent(Container.java:2260)
	at java.desktop/java.awt.Component.dispatchEventImpl(Component.java:4958)
	at java.desktop/java.awt.Container.dispatchEventImpl(Container.java:2318)
	at java.desktop/java.awt.Component.dispatchEvent(Component.java:4790)
	at java.desktop/java.awt.LightweightDispatcher.retargetMouseEvent(Container.java:4916)
	at java.desktop/java.awt.LightweightDispatcher.processMouseEvent(Container.java:4559)
	at java.desktop/java.awt.LightweightDispatcher.dispatchEvent(Container.java:4500)
	at java.desktop/java.awt.Container.dispatchEventImpl(Container.java:2304)
	at java.desktop/java.awt.Window.dispatchEventImpl(Window.java:2671)
	at java.desktop/java.awt.Component.dispatchEvent(Component.java:4790)
	at java.desktop/java.awt.EventQueue.dispatchEventImpl(EventQueue.java:725)
	at java.desktop/java.awt.EventQueue.dispatchEvent(EventQueue.java:702)
	at java.desktop/java.awt.EventDispatchThread.pumpOneEventForFilters(EventDispatchThread.java:203)
	at java.desktop/java.awt.EventDispatchThread.pumpEventsForFilter(EventDispatchThread.java:124)
	at java.desktop/java.awt.EventDispatchThread.pumpEventsForHierarchy(EventDispatchThread.java:113)
	at java.desktop/java.awt.EventDispatchThread.pumpEvents(EventDispatchThread.java:109)
	at java.desktop/java.awt.EventDispatchThread.pumpEvents(EventDispatchThread.java:101)
	at java.desktop/java.awt.EventDispatchThread.run(EventDispatchThread.java:90)


════════════════════════════════════════════════════════════
[ERROR] 2026-05-16 17:07:11
────────────────────────────────────────────────────────────
Mensaje    : [CONFIG_INVALID] en carga de nivel: configs/demo_final.txt: Token desconocido en línea 15: LIFE
Excepción  : main.domain.InvalidLevelFormatException
Detalle    : Token desconocido en línea 15: LIFE
StackTrace :
  at main.domain.GameConfiguration.parseLineContent(GameConfiguration.java:135)
  at main.domain.GameConfiguration.parseLine(GameConfiguration.java:93)
  at main.domain.GameConfiguration.load(GameConfiguration.java:60)
  at main.domain.HardestGame.loadConfiguration(HardestGame.java:114)
  at main.presentation.GameGUI.loadLevel(GameGUI.java:171)
  at main.presentation.GameGUI.startGame(GameGUI.java:156)
  at main.presentation.MenuScreen.fireStart(MenuScreen.java:163)
  at main.presentation.MenuScreen.lambda$buildComponents$0(MenuScreen.java:141)
  at java.desktop/javax.swing.AbstractButton.fireActionPerformed(AbstractButton.java:1972)
  at java.desktop/javax.swing.AbstractButton$Handler.actionPerformed(AbstractButton.java:2314)
  at java.desktop/javax.swing.DefaultButtonModel.fireActionPerformed(DefaultButtonModel.java:407)
  at java.desktop/javax.swing.DefaultButtonModel.setPressed(DefaultButtonModel.java:262)
  at java.desktop/javax.swing.plaf.basic.BasicButtonListener.mouseReleased(BasicButtonListener.java:279)
  at java.desktop/java.awt.Component.processMouseEvent(Component.java:6576)
  at java.desktop/javax.swing.JComponent.processMouseEvent(JComponent.java:3404)
  at java.desktop/java.awt.Component.processEvent(Component.java:6341)
  at java.desktop/java.awt.Container.processEvent(Container.java:2260)
  at java.desktop/java.awt.Component.dispatchEventImpl(Component.java:4958)
  at java.desktop/java.awt.Container.dispatchEventImpl(Container.java:2318)
  at java.desktop/java.awt.Component.dispatchEvent(Component.java:4790)
  at java.desktop/java.awt.LightweightDispatcher.retargetMouseEvent(Container.java:4916)
  at java.desktop/java.awt.LightweightDispatcher.processMouseEvent(Container.java:4559)
  at java.desktop/java.awt.LightweightDispatcher.dispatchEvent(Container.java:4500)
  at java.desktop/java.awt.Container.dispatchEventImpl(Container.java:2304)
  at java.desktop/java.awt.Window.dispatchEventImpl(Window.java:2671)
  at java.desktop/java.awt.Component.dispatchEvent(Component.java:4790)
  at java.desktop/java.awt.EventQueue.dispatchEventImpl(EventQueue.java:725)
  at java.desktop/java.awt.EventQueue.dispatchEvent(EventQueue.java:702)
  at java.desktop/java.awt.EventDispatchThread.pumpOneEventForFilters(EventDispatchThread.java:203)
  at java.desktop/java.awt.EventDispatchThread.pumpEventsForFilter(EventDispatchThread.java:124)
  at java.desktop/java.awt.EventDispatchThread.pumpEventsForHierarchy(EventDispatchThread.java:113)
  at java.desktop/java.awt.EventDispatchThread.pumpEvents(EventDispatchThread.java:109)
  at java.desktop/java.awt.EventDispatchThread.pumpEvents(EventDispatchThread.java:101)
  at java.desktop/java.awt.EventDispatchThread.run(EventDispatchThread.java:90)
════════════════════════════════════════════════════════════

[INFO] 2026-05-16 17:07:28 — Vida extra para Jugador 1 (total: 1)

[INFO] 2026-05-16 17:07:30 — Vida extra absorbió un golpe para Jugador 1 (restantes: 0)

[INFO] 2026-05-16 17:07:36 — Checkpoint intermedio activado — monedas previas fijadas

[INFO] 2026-05-16 17:07:41 — Vida extra para Jugador 1 (total: 1)

[INFO] 2026-05-16 17:07:43 — Vida extra para Jugador 1 (total: 2)

[INFO] 2026-05-16 17:07:46 — Checkpoint intermedio activado — monedas previas fijadas

[INFO] 2026-05-16 17:07:46 — Vida extra absorbió un golpe para Jugador 1 (restantes: 1)

[INFO] 2026-05-16 17:07:47 — Vida extra absorbió un golpe para Jugador 1 (restantes: 0)

[INFO] 2026-05-16 17:07:57 — Checkpoint intermedio activado — monedas previas fijadas

[INFO] 2026-05-16 17:07:59 — Vida extra para Jugador 1 (total: 1)

[INFO] 2026-05-16 17:08:00 — Vida extra absorbió un golpe para Jugador 1 (restantes: 0)

[INFO] 2026-05-16 17:08:09 — Vida extra para Jugador 1 (total: 1)

[INFO] 2026-05-16 17:08:12 — Vida extra absorbió un golpe para Jugador 1 (restantes: 0)

[INFO] 2026-05-16 17:08:39 — Checkpoint intermedio activado — monedas previas fijadas

[INFO] 2026-05-16 17:08:45 — Vida extra para Jugador 1 (total: 1)

[INFO] 2026-05-16 17:08:46 — Vida extra absorbió un golpe para Jugador 1 (restantes: 0)

[INFO] 2026-05-16 17:08:55 — Vida extra para Jugador 1 (total: 1)

[INFO] 2026-05-16 17:08:55 — Vida extra absorbió un golpe para Jugador 1 (restantes: 0)

[INFO] 2026-05-16 17:09:06 — Vida extra para Jugador 1 (total: 1)

[INFO] 2026-05-16 17:09:09 — Vida extra absorbió un golpe para Jugador 1 (restantes: 0)

[INFO] 2026-05-16 17:09:10 — Vida extra para Jugador 1 (total: 1)

[INFO] 2026-05-16 17:09:12 — Vida extra absorbió un golpe para Jugador 1 (restantes: 0)
may 16, 2026 5:09:28 P. M. main.domain.GameConfiguration validateNotOnWall
SEVERE: ENEMY colocado sobre un muro en (2,5)
may 16, 2026 5:09:28 P. M. main.presentation.GameGUI handleGameError
SEVERE: Error en carga de nivel: configs/level3.txt: ENEMY colocado sobre un muro en (2,5)
[CONFIG_INVALID] ENEMY colocado sobre un muro en (2,5)
	at main.domain.GameConfiguration.validateNotOnWall(GameConfiguration.java:263)
	at main.domain.GameConfiguration.validate(GameConfiguration.java:250)
	at main.domain.GameConfiguration.load(GameConfiguration.java:83)
	at main.domain.HardestGame.loadConfiguration(HardestGame.java:114)
	at main.presentation.GameGUI.loadLevel(GameGUI.java:171)
	at main.presentation.GameGUI.startGame(GameGUI.java:156)
	at main.presentation.MenuScreen.fireStart(MenuScreen.java:163)
	at main.presentation.MenuScreen.lambda$buildComponents$0(MenuScreen.java:141)
	at java.desktop/javax.swing.AbstractButton.fireActionPerformed(AbstractButton.java:1972)
	at java.desktop/javax.swing.AbstractButton$Handler.actionPerformed(AbstractButton.java:2314)
	at java.desktop/javax.swing.DefaultButtonModel.fireActionPerformed(DefaultButtonModel.java:407)
	at java.desktop/javax.swing.DefaultButtonModel.setPressed(DefaultButtonModel.java:262)
	at java.desktop/javax.swing.plaf.basic.BasicButtonListener.mouseReleased(BasicButtonListener.java:279)
	at java.desktop/java.awt.Component.processMouseEvent(Component.java:6576)
	at java.desktop/javax.swing.JComponent.processMouseEvent(JComponent.java:3404)
	at java.desktop/java.awt.Component.processEvent(Component.java:6341)
	at java.desktop/java.awt.Container.processEvent(Container.java:2260)
	at java.desktop/java.awt.Component.dispatchEventImpl(Component.java:4958)
	at java.desktop/java.awt.Container.dispatchEventImpl(Container.java:2318)
	at java.desktop/java.awt.Component.dispatchEvent(Component.java:4790)
	at java.desktop/java.awt.LightweightDispatcher.retargetMouseEvent(Container.java:4916)
	at java.desktop/java.awt.LightweightDispatcher.processMouseEvent(Container.java:4559)
	at java.desktop/java.awt.LightweightDispatcher.dispatchEvent(Container.java:4500)
	at java.desktop/java.awt.Container.dispatchEventImpl(Container.java:2304)
	at java.desktop/java.awt.Window.dispatchEventImpl(Window.java:2671)
	at java.desktop/java.awt.Component.dispatchEvent(Component.java:4790)
	at java.desktop/java.awt.EventQueue.dispatchEventImpl(EventQueue.java:725)
	at java.desktop/java.awt.EventQueue.dispatchEvent(EventQueue.java:702)
	at java.desktop/java.awt.EventDispatchThread.pumpOneEventForFilters(EventDispatchThread.java:203)
	at java.desktop/java.awt.EventDispatchThread.pumpEventsForFilter(EventDispatchThread.java:124)
	at java.desktop/java.awt.EventDispatchThread.pumpEventsForHierarchy(EventDispatchThread.java:113)
	at java.desktop/java.awt.EventDispatchThread.pumpEvents(EventDispatchThread.java:109)
	at java.desktop/java.awt.EventDispatchThread.pumpEvents(EventDispatchThread.java:101)
	at java.desktop/java.awt.EventDispatchThread.run(EventDispatchThread.java:90)


════════════════════════════════════════════════════════════
[ERROR] 2026-05-16 17:09:28
────────────────────────────────────────────────────────────
Mensaje    : [CONFIG_INVALID] en carga de nivel: configs/level3.txt: ENEMY colocado sobre un muro en (2,5)
Excepción  : main.domain.InvalidLevelFormatException
Detalle    : ENEMY colocado sobre un muro en (2,5)
StackTrace :
  at main.domain.GameConfiguration.validateNotOnWall(GameConfiguration.java:263)
  at main.domain.GameConfiguration.validate(GameConfiguration.java:250)
  at main.domain.GameConfiguration.load(GameConfiguration.java:83)
  at main.domain.HardestGame.loadConfiguration(HardestGame.java:114)
  at main.presentation.GameGUI.loadLevel(GameGUI.java:171)
  at main.presentation.GameGUI.startGame(GameGUI.java:156)
  at main.presentation.MenuScreen.fireStart(MenuScreen.java:163)
  at main.presentation.MenuScreen.lambda$buildComponents$0(MenuScreen.java:141)
  at java.desktop/javax.swing.AbstractButton.fireActionPerformed(AbstractButton.java:1972)
  at java.desktop/javax.swing.AbstractButton$Handler.actionPerformed(AbstractButton.java:2314)
  at java.desktop/javax.swing.DefaultButtonModel.fireActionPerformed(DefaultButtonModel.java:407)
  at java.desktop/javax.swing.DefaultButtonModel.setPressed(DefaultButtonModel.java:262)
  at java.desktop/javax.swing.plaf.basic.BasicButtonListener.mouseReleased(BasicButtonListener.java:279)
  at java.desktop/java.awt.Component.processMouseEvent(Component.java:6576)
  at java.desktop/javax.swing.JComponent.processMouseEvent(JComponent.java:3404)
  at java.desktop/java.awt.Component.processEvent(Component.java:6341)
  at java.desktop/java.awt.Container.processEvent(Container.java:2260)
  at java.desktop/java.awt.Component.dispatchEventImpl(Component.java:4958)
  at java.desktop/java.awt.Container.dispatchEventImpl(Container.java:2318)
  at java.desktop/java.awt.Component.dispatchEvent(Component.java:4790)
  at java.desktop/java.awt.LightweightDispatcher.retargetMouseEvent(Container.java:4916)
  at java.desktop/java.awt.LightweightDispatcher.processMouseEvent(Container.java:4559)
  at java.desktop/java.awt.LightweightDispatcher.dispatchEvent(Container.java:4500)
  at java.desktop/java.awt.Container.dispatchEventImpl(Container.java:2304)
  at java.desktop/java.awt.Window.dispatchEventImpl(Window.java:2671)
  at java.desktop/java.awt.Component.dispatchEvent(Component.java:4790)
  at java.desktop/java.awt.EventQueue.dispatchEventImpl(EventQueue.java:725)
  at java.desktop/java.awt.EventQueue.dispatchEvent(EventQueue.java:702)
  at java.desktop/java.awt.EventDispatchThread.pumpOneEventForFilters(EventDispatchThread.java:203)
  at java.desktop/java.awt.EventDispatchThread.pumpEventsForFilter(EventDispatchThread.java:124)
  at java.desktop/java.awt.EventDispatchThread.pumpEventsForHierarchy(EventDispatchThread.java:113)
  at java.desktop/java.awt.EventDispatchThread.pumpEvents(EventDispatchThread.java:109)
  at java.desktop/java.awt.EventDispatchThread.pumpEvents(EventDispatchThread.java:101)
  at java.desktop/java.awt.EventDispatchThread.run(EventDispatchThread.java:90)
════════════════════════════════════════════════════════════

[INFO] 2026-05-16 17:09:43 — Clyde absorbió un golpe con su escudo

[INFO] 2026-05-16 17:09:47 — Clyde absorbió un golpe con su escudo

[INFO] 2026-05-16 17:09:53 — Clyde absorbió un golpe con su escudo

[INFO] 2026-05-16 17:09:57 — Clyde absorbió un golpe con su escudo

[INFO] 2026-05-16 17:10:01 — Clyde absorbió un golpe con su escudo

[INFO] 2026-05-16 17:10:05 — Vida extra para Jugador 1 (total: 1)

[INFO] 2026-05-16 17:10:08 — Vida extra absorbió un golpe para Jugador 1 (restantes: 0)

[INFO] 2026-05-16 17:10:11 — Checkpoint intermedio activado — monedas previas fijadas

[INFO] 2026-05-16 17:10:11 — Clyde absorbió un golpe con su escudo

[INFO] 2026-05-16 17:10:16 — Vida extra para Jugador 1 (total: 1)

[INFO] 2026-05-16 17:10:18 — Vida extra para Jugador 1 (total: 2)

[INFO] 2026-05-16 17:10:19 — Clyde absorbió un golpe con su escudo

[INFO] 2026-05-16 17:10:21 — Vida extra absorbió un golpe para Jugador 1 (restantes: 1)

[INFO] 2026-05-16 17:10:21 — Checkpoint intermedio activado — monedas previas fijadas

[INFO] 2026-05-16 17:10:23 — Vida extra absorbió un golpe para Jugador 1 (restantes: 0)
may 16, 2026 5:24:44 P. M. main.domain.GameConfiguration parseLineContent
SEVERE: Token desconocido en línea 15: LIFE
may 16, 2026 5:24:44 P. M. main.presentation.GameGUI handleGameError
SEVERE: Error en carga de nivel: configs/demo_final.txt: Token desconocido en línea 15: LIFE
[CONFIG_INVALID] Token desconocido en línea 15: LIFE
	at main.domain.GameConfiguration.parseLineContent(GameConfiguration.java:135)
	at main.domain.GameConfiguration.parseLine(GameConfiguration.java:93)
	at main.domain.GameConfiguration.load(GameConfiguration.java:60)
	at main.domain.HardestGame.loadConfiguration(HardestGame.java:120)
	at main.presentation.GameGUI.loadLevel(GameGUI.java:238)
	at main.presentation.GameGUI.beginGameSession(GameGUI.java:213)
	at main.presentation.GameGUI.startGame(GameGUI.java:93)
	at main.presentation.MenuScreen.fireStart(MenuScreen.java:166)
	at main.presentation.MenuScreen.lambda$buildComponents$0(MenuScreen.java:144)
	at java.desktop/javax.swing.AbstractButton.fireActionPerformed(AbstractButton.java:1972)
	at java.desktop/javax.swing.AbstractButton$Handler.actionPerformed(AbstractButton.java:2314)
	at java.desktop/javax.swing.DefaultButtonModel.fireActionPerformed(DefaultButtonModel.java:407)
	at java.desktop/javax.swing.DefaultButtonModel.setPressed(DefaultButtonModel.java:262)
	at java.desktop/javax.swing.plaf.basic.BasicButtonListener.mouseReleased(BasicButtonListener.java:279)
	at java.desktop/java.awt.Component.processMouseEvent(Component.java:6576)
	at java.desktop/javax.swing.JComponent.processMouseEvent(JComponent.java:3404)
	at java.desktop/java.awt.Component.processEvent(Component.java:6341)
	at java.desktop/java.awt.Container.processEvent(Container.java:2260)
	at java.desktop/java.awt.Component.dispatchEventImpl(Component.java:4958)
	at java.desktop/java.awt.Container.dispatchEventImpl(Container.java:2318)
	at java.desktop/java.awt.Component.dispatchEvent(Component.java:4790)
	at java.desktop/java.awt.LightweightDispatcher.retargetMouseEvent(Container.java:4916)
	at java.desktop/java.awt.LightweightDispatcher.processMouseEvent(Container.java:4559)
	at java.desktop/java.awt.LightweightDispatcher.dispatchEvent(Container.java:4500)
	at java.desktop/java.awt.Container.dispatchEventImpl(Container.java:2304)
	at java.desktop/java.awt.Window.dispatchEventImpl(Window.java:2671)
	at java.desktop/java.awt.Component.dispatchEvent(Component.java:4790)
	at java.desktop/java.awt.EventQueue.dispatchEventImpl(EventQueue.java:725)
	at java.desktop/java.awt.EventQueue.dispatchEvent(EventQueue.java:702)
	at java.desktop/java.awt.EventDispatchThread.pumpOneEventForFilters(EventDispatchThread.java:203)
	at java.desktop/java.awt.EventDispatchThread.pumpEventsForFilter(EventDispatchThread.java:124)
	at java.desktop/java.awt.EventDispatchThread.pumpEventsForHierarchy(EventDispatchThread.java:113)
	at java.desktop/java.awt.EventDispatchThread.pumpEvents(EventDispatchThread.java:109)
	at java.desktop/java.awt.EventDispatchThread.pumpEvents(EventDispatchThread.java:101)
	at java.desktop/java.awt.EventDispatchThread.run(EventDispatchThread.java:90)


════════════════════════════════════════════════════════════
[ERROR] 2026-05-16 17:24:44
────────────────────────────────────────────────────────────
Mensaje    : [CONFIG_INVALID] en carga de nivel: configs/demo_final.txt: Token desconocido en línea 15: LIFE
Excepción  : main.domain.InvalidLevelFormatException
Detalle    : Token desconocido en línea 15: LIFE
StackTrace :
  at main.domain.GameConfiguration.parseLineContent(GameConfiguration.java:135)
  at main.domain.GameConfiguration.parseLine(GameConfiguration.java:93)
  at main.domain.GameConfiguration.load(GameConfiguration.java:60)
  at main.domain.HardestGame.loadConfiguration(HardestGame.java:120)
  at main.presentation.GameGUI.loadLevel(GameGUI.java:238)
  at main.presentation.GameGUI.beginGameSession(GameGUI.java:213)
  at main.presentation.GameGUI.startGame(GameGUI.java:93)
  at main.presentation.MenuScreen.fireStart(MenuScreen.java:166)
  at main.presentation.MenuScreen.lambda$buildComponents$0(MenuScreen.java:144)
  at java.desktop/javax.swing.AbstractButton.fireActionPerformed(AbstractButton.java:1972)
  at java.desktop/javax.swing.AbstractButton$Handler.actionPerformed(AbstractButton.java:2314)
  at java.desktop/javax.swing.DefaultButtonModel.fireActionPerformed(DefaultButtonModel.java:407)
  at java.desktop/javax.swing.DefaultButtonModel.setPressed(DefaultButtonModel.java:262)
  at java.desktop/javax.swing.plaf.basic.BasicButtonListener.mouseReleased(BasicButtonListener.java:279)
  at java.desktop/java.awt.Component.processMouseEvent(Component.java:6576)
  at java.desktop/javax.swing.JComponent.processMouseEvent(JComponent.java:3404)
  at java.desktop/java.awt.Component.processEvent(Component.java:6341)
  at java.desktop/java.awt.Container.processEvent(Container.java:2260)
  at java.desktop/java.awt.Component.dispatchEventImpl(Component.java:4958)
  at java.desktop/java.awt.Container.dispatchEventImpl(Container.java:2318)
  at java.desktop/java.awt.Component.dispatchEvent(Component.java:4790)
  at java.desktop/java.awt.LightweightDispatcher.retargetMouseEvent(Container.java:4916)
  at java.desktop/java.awt.LightweightDispatcher.processMouseEvent(Container.java:4559)
  at java.desktop/java.awt.LightweightDispatcher.dispatchEvent(Container.java:4500)
  at java.desktop/java.awt.Container.dispatchEventImpl(Container.java:2304)
  at java.desktop/java.awt.Window.dispatchEventImpl(Window.java:2671)
  at java.desktop/java.awt.Component.dispatchEvent(Component.java:4790)
  at java.desktop/java.awt.EventQueue.dispatchEventImpl(EventQueue.java:725)
  at java.desktop/java.awt.EventQueue.dispatchEvent(EventQueue.java:702)
  at java.desktop/java.awt.EventDispatchThread.pumpOneEventForFilters(EventDispatchThread.java:203)
  at java.desktop/java.awt.EventDispatchThread.pumpEventsForFilter(EventDispatchThread.java:124)
  at java.desktop/java.awt.EventDispatchThread.pumpEventsForHierarchy(EventDispatchThread.java:113)
  at java.desktop/java.awt.EventDispatchThread.pumpEvents(EventDispatchThread.java:109)
  at java.desktop/java.awt.EventDispatchThread.pumpEvents(EventDispatchThread.java:101)
  at java.desktop/java.awt.EventDispatchThread.run(EventDispatchThread.java:90)
════════════════════════════════════════════════════════════
may 16, 2026 5:30:26 P. M. main.domain.GameConfiguration validateNotOnWall
SEVERE: ENEMY colocado sobre un muro en (2,5)
may 16, 2026 5:30:26 P. M. main.presentation.GameGUI handleGameError
SEVERE: Error en carga de nivel: configs/level3.txt: ENEMY colocado sobre un muro en (2,5)
[CONFIG_INVALID] ENEMY colocado sobre un muro en (2,5)
	at main.domain.GameConfiguration.validateNotOnWall(GameConfiguration.java:263)
	at main.domain.GameConfiguration.validate(GameConfiguration.java:250)
	at main.domain.GameConfiguration.load(GameConfiguration.java:83)
	at main.domain.HardestGame.loadConfiguration(HardestGame.java:120)
	at main.presentation.GameGUI.loadLevel(GameGUI.java:255)
	at main.presentation.GameGUI.beginGameSession(GameGUI.java:230)
	at main.presentation.GameGUI.startGame(GameGUI.java:93)
	at main.presentation.MenuScreen.fireStart(MenuScreen.java:166)
	at main.presentation.MenuScreen.lambda$buildComponents$0(MenuScreen.java:144)
	at java.desktop/javax.swing.AbstractButton.fireActionPerformed(AbstractButton.java:1972)
	at java.desktop/javax.swing.AbstractButton$Handler.actionPerformed(AbstractButton.java:2314)
	at java.desktop/javax.swing.DefaultButtonModel.fireActionPerformed(DefaultButtonModel.java:407)
	at java.desktop/javax.swing.DefaultButtonModel.setPressed(DefaultButtonModel.java:262)
	at java.desktop/javax.swing.plaf.basic.BasicButtonListener.mouseReleased(BasicButtonListener.java:279)
	at java.desktop/java.awt.Component.processMouseEvent(Component.java:6576)
	at java.desktop/javax.swing.JComponent.processMouseEvent(JComponent.java:3404)
	at java.desktop/java.awt.Component.processEvent(Component.java:6341)
	at java.desktop/java.awt.Container.processEvent(Container.java:2260)
	at java.desktop/java.awt.Component.dispatchEventImpl(Component.java:4958)
	at java.desktop/java.awt.Container.dispatchEventImpl(Container.java:2318)
	at java.desktop/java.awt.Component.dispatchEvent(Component.java:4790)
	at java.desktop/java.awt.LightweightDispatcher.retargetMouseEvent(Container.java:4916)
	at java.desktop/java.awt.LightweightDispatcher.processMouseEvent(Container.java:4559)
	at java.desktop/java.awt.LightweightDispatcher.dispatchEvent(Container.java:4500)
	at java.desktop/java.awt.Container.dispatchEventImpl(Container.java:2304)
	at java.desktop/java.awt.Window.dispatchEventImpl(Window.java:2671)
	at java.desktop/java.awt.Component.dispatchEvent(Component.java:4790)
	at java.desktop/java.awt.EventQueue.dispatchEventImpl(EventQueue.java:725)
	at java.desktop/java.awt.EventQueue.dispatchEvent(EventQueue.java:702)
	at java.desktop/java.awt.EventDispatchThread.pumpOneEventForFilters(EventDispatchThread.java:203)
	at java.desktop/java.awt.EventDispatchThread.pumpEventsForFilter(EventDispatchThread.java:124)
	at java.desktop/java.awt.EventDispatchThread.pumpEventsForHierarchy(EventDispatchThread.java:113)
	at java.desktop/java.awt.EventDispatchThread.pumpEvents(EventDispatchThread.java:109)
	at java.desktop/java.awt.EventDispatchThread.pumpEvents(EventDispatchThread.java:101)
	at java.desktop/java.awt.EventDispatchThread.run(EventDispatchThread.java:90)


════════════════════════════════════════════════════════════
[ERROR] 2026-05-16 17:30:26
────────────────────────────────────────────────────────────
Mensaje    : [CONFIG_INVALID] en carga de nivel: configs/level3.txt: ENEMY colocado sobre un muro en (2,5)
Excepción  : main.domain.InvalidLevelFormatException
Detalle    : ENEMY colocado sobre un muro en (2,5)
StackTrace :
  at main.domain.GameConfiguration.validateNotOnWall(GameConfiguration.java:263)
  at main.domain.GameConfiguration.validate(GameConfiguration.java:250)
  at main.domain.GameConfiguration.load(GameConfiguration.java:83)
  at main.domain.HardestGame.loadConfiguration(HardestGame.java:120)
  at main.presentation.GameGUI.loadLevel(GameGUI.java:255)
  at main.presentation.GameGUI.beginGameSession(GameGUI.java:230)
  at main.presentation.GameGUI.startGame(GameGUI.java:93)
  at main.presentation.MenuScreen.fireStart(MenuScreen.java:166)
  at main.presentation.MenuScreen.lambda$buildComponents$0(MenuScreen.java:144)
  at java.desktop/javax.swing.AbstractButton.fireActionPerformed(AbstractButton.java:1972)
  at java.desktop/javax.swing.AbstractButton$Handler.actionPerformed(AbstractButton.java:2314)
  at java.desktop/javax.swing.DefaultButtonModel.fireActionPerformed(DefaultButtonModel.java:407)
  at java.desktop/javax.swing.DefaultButtonModel.setPressed(DefaultButtonModel.java:262)
  at java.desktop/javax.swing.plaf.basic.BasicButtonListener.mouseReleased(BasicButtonListener.java:279)
  at java.desktop/java.awt.Component.processMouseEvent(Component.java:6576)
  at java.desktop/javax.swing.JComponent.processMouseEvent(JComponent.java:3404)
  at java.desktop/java.awt.Component.processEvent(Component.java:6341)
  at java.desktop/java.awt.Container.processEvent(Container.java:2260)
  at java.desktop/java.awt.Component.dispatchEventImpl(Component.java:4958)
  at java.desktop/java.awt.Container.dispatchEventImpl(Container.java:2318)
  at java.desktop/java.awt.Component.dispatchEvent(Component.java:4790)
  at java.desktop/java.awt.LightweightDispatcher.retargetMouseEvent(Container.java:4916)
  at java.desktop/java.awt.LightweightDispatcher.processMouseEvent(Container.java:4559)
  at java.desktop/java.awt.LightweightDispatcher.dispatchEvent(Container.java:4500)
  at java.desktop/java.awt.Container.dispatchEventImpl(Container.java:2304)
  at java.desktop/java.awt.Window.dispatchEventImpl(Window.java:2671)
  at java.desktop/java.awt.Component.dispatchEvent(Component.java:4790)
  at java.desktop/java.awt.EventQueue.dispatchEventImpl(EventQueue.java:725)
  at java.desktop/java.awt.EventQueue.dispatchEvent(EventQueue.java:702)
  at java.desktop/java.awt.EventDispatchThread.pumpOneEventForFilters(EventDispatchThread.java:203)
  at java.desktop/java.awt.EventDispatchThread.pumpEventsForFilter(EventDispatchThread.java:124)
  at java.desktop/java.awt.EventDispatchThread.pumpEventsForHierarchy(EventDispatchThread.java:113)
  at java.desktop/java.awt.EventDispatchThread.pumpEvents(EventDispatchThread.java:109)
  at java.desktop/java.awt.EventDispatchThread.pumpEvents(EventDispatchThread.java:101)
  at java.desktop/java.awt.EventDispatchThread.run(EventDispatchThread.java:90)
════════════════════════════════════════════════════════════
may 16, 2026 5:30:30 P. M. main.domain.GameConfiguration parseLineContent
SEVERE: Token desconocido en línea 15: LIFE
may 16, 2026 5:30:30 P. M. main.presentation.GameGUI handleGameError
SEVERE: Error en carga de nivel: configs/demo_final.txt: Token desconocido en línea 15: LIFE
[CONFIG_INVALID] Token desconocido en línea 15: LIFE
	at main.domain.GameConfiguration.parseLineContent(GameConfiguration.java:135)
	at main.domain.GameConfiguration.parseLine(GameConfiguration.java:93)
	at main.domain.GameConfiguration.load(GameConfiguration.java:60)
	at main.domain.HardestGame.loadConfiguration(HardestGame.java:120)
	at main.presentation.GameGUI.loadLevel(GameGUI.java:255)
	at main.presentation.GameGUI.beginGameSession(GameGUI.java:230)
	at main.presentation.GameGUI.startGame(GameGUI.java:93)
	at main.presentation.MenuScreen.fireStart(MenuScreen.java:166)
	at main.presentation.MenuScreen.lambda$buildComponents$0(MenuScreen.java:144)
	at java.desktop/javax.swing.AbstractButton.fireActionPerformed(AbstractButton.java:1972)
	at java.desktop/javax.swing.AbstractButton$Handler.actionPerformed(AbstractButton.java:2314)
	at java.desktop/javax.swing.DefaultButtonModel.fireActionPerformed(DefaultButtonModel.java:407)
	at java.desktop/javax.swing.DefaultButtonModel.setPressed(DefaultButtonModel.java:262)
	at java.desktop/javax.swing.plaf.basic.BasicButtonListener.mouseReleased(BasicButtonListener.java:279)
	at java.desktop/java.awt.Component.processMouseEvent(Component.java:6576)
	at java.desktop/javax.swing.JComponent.processMouseEvent(JComponent.java:3404)
	at java.desktop/java.awt.Component.processEvent(Component.java:6341)
	at java.desktop/java.awt.Container.processEvent(Container.java:2260)
	at java.desktop/java.awt.Component.dispatchEventImpl(Component.java:4958)
	at java.desktop/java.awt.Container.dispatchEventImpl(Container.java:2318)
	at java.desktop/java.awt.Component.dispatchEvent(Component.java:4790)
	at java.desktop/java.awt.LightweightDispatcher.retargetMouseEvent(Container.java:4916)
	at java.desktop/java.awt.LightweightDispatcher.processMouseEvent(Container.java:4559)
	at java.desktop/java.awt.LightweightDispatcher.dispatchEvent(Container.java:4500)
	at java.desktop/java.awt.Container.dispatchEventImpl(Container.java:2304)
	at java.desktop/java.awt.Window.dispatchEventImpl(Window.java:2671)
	at java.desktop/java.awt.Component.dispatchEvent(Component.java:4790)
	at java.desktop/java.awt.EventQueue.dispatchEventImpl(EventQueue.java:725)
	at java.desktop/java.awt.EventQueue.dispatchEvent(EventQueue.java:702)
	at java.desktop/java.awt.EventDispatchThread.pumpOneEventForFilters(EventDispatchThread.java:203)
	at java.desktop/java.awt.EventDispatchThread.pumpEventsForFilter(EventDispatchThread.java:124)
	at java.desktop/java.awt.EventDispatchThread.pumpEventsForHierarchy(EventDispatchThread.java:113)
	at java.desktop/java.awt.EventDispatchThread.pumpEvents(EventDispatchThread.java:109)
	at java.desktop/java.awt.EventDispatchThread.pumpEvents(EventDispatchThread.java:101)
	at java.desktop/java.awt.EventDispatchThread.run(EventDispatchThread.java:90)


════════════════════════════════════════════════════════════
[ERROR] 2026-05-16 17:30:30
────────────────────────────────────────────────────────────
Mensaje    : [CONFIG_INVALID] en carga de nivel: configs/demo_final.txt: Token desconocido en línea 15: LIFE
Excepción  : main.domain.InvalidLevelFormatException
Detalle    : Token desconocido en línea 15: LIFE
StackTrace :
  at main.domain.GameConfiguration.parseLineContent(GameConfiguration.java:135)
  at main.domain.GameConfiguration.parseLine(GameConfiguration.java:93)
  at main.domain.GameConfiguration.load(GameConfiguration.java:60)
  at main.domain.HardestGame.loadConfiguration(HardestGame.java:120)
  at main.presentation.GameGUI.loadLevel(GameGUI.java:255)
  at main.presentation.GameGUI.beginGameSession(GameGUI.java:230)
  at main.presentation.GameGUI.startGame(GameGUI.java:93)
  at main.presentation.MenuScreen.fireStart(MenuScreen.java:166)
  at main.presentation.MenuScreen.lambda$buildComponents$0(MenuScreen.java:144)
  at java.desktop/javax.swing.AbstractButton.fireActionPerformed(AbstractButton.java:1972)
  at java.desktop/javax.swing.AbstractButton$Handler.actionPerformed(AbstractButton.java:2314)
  at java.desktop/javax.swing.DefaultButtonModel.fireActionPerformed(DefaultButtonModel.java:407)
  at java.desktop/javax.swing.DefaultButtonModel.setPressed(DefaultButtonModel.java:262)
  at java.desktop/javax.swing.plaf.basic.BasicButtonListener.mouseReleased(BasicButtonListener.java:279)
  at java.desktop/java.awt.Component.processMouseEvent(Component.java:6576)
  at java.desktop/javax.swing.JComponent.processMouseEvent(JComponent.java:3404)
  at java.desktop/java.awt.Component.processEvent(Component.java:6341)
  at java.desktop/java.awt.Container.processEvent(Container.java:2260)
  at java.desktop/java.awt.Component.dispatchEventImpl(Component.java:4958)
  at java.desktop/java.awt.Container.dispatchEventImpl(Container.java:2318)
  at java.desktop/java.awt.Component.dispatchEvent(Component.java:4790)
  at java.desktop/java.awt.LightweightDispatcher.retargetMouseEvent(Container.java:4916)
  at java.desktop/java.awt.LightweightDispatcher.processMouseEvent(Container.java:4559)
  at java.desktop/java.awt.LightweightDispatcher.dispatchEvent(Container.java:4500)
  at java.desktop/java.awt.Container.dispatchEventImpl(Container.java:2304)
  at java.desktop/java.awt.Window.dispatchEventImpl(Window.java:2671)
  at java.desktop/java.awt.Component.dispatchEvent(Component.java:4790)
  at java.desktop/java.awt.EventQueue.dispatchEventImpl(EventQueue.java:725)
  at java.desktop/java.awt.EventQueue.dispatchEvent(EventQueue.java:702)
  at java.desktop/java.awt.EventDispatchThread.pumpOneEventForFilters(EventDispatchThread.java:203)
  at java.desktop/java.awt.EventDispatchThread.pumpEventsForFilter(EventDispatchThread.java:124)
  at java.desktop/java.awt.EventDispatchThread.pumpEventsForHierarchy(EventDispatchThread.java:113)
  at java.desktop/java.awt.EventDispatchThread.pumpEvents(EventDispatchThread.java:109)
  at java.desktop/java.awt.EventDispatchThread.pumpEvents(EventDispatchThread.java:101)
  at java.desktop/java.awt.EventDispatchThread.run(EventDispatchThread.java:90)
════════════════════════════════════════════════════════════

[INFO] 2026-05-16 17:35:12 — Moneda skin: Jugador 1 cambió a Azul (Inky) hasta morir

[INFO] 2026-05-16 17:35:18 — Moneda skin: Jugador 1 cambió a Azul (Inky) hasta morir

[INFO] 2026-05-16 17:35:22 — Moneda skin: Jugador 1 cambió a Rojo (Blinky) hasta morir

[INFO] 2026-05-16 17:35:27 — Moneda skin: Jugador 1 cambió a Azul (Inky) hasta morir

[INFO] 2026-05-16 17:35:30 — Moneda skin: Jugador 1 cambió a Azul (Inky) hasta morir

[INFO] 2026-05-16 17:35:30 — Moneda skin: Jugador 1 cambió a Rojo (Blinky) hasta morir

[INFO] 2026-05-16 17:35:51 — Moneda skin: Jugador 1 cambió a Verde (Clyde) hasta morir

[INFO] 2026-05-16 17:35:52 — Moneda skin: Jugador 1 cambió a Azul (Inky) hasta morir

[INFO] 2026-05-16 17:35:55 — Moneda skin: Jugador 1 cambió a Azul (Inky) hasta morir

[INFO] 2026-05-16 17:36:00 — Moneda skin: Jugador 1 cambió a Azul (Inky) hasta morir

[INFO] 2026-05-16 17:36:07 — Moneda skin: Jugador 1 cambió a Azul (Inky) hasta morir

[INFO] 2026-05-16 17:36:14 — Moneda skin: Jugador 1 cambió a Azul (Inky) hasta morir

[INFO] 2026-05-16 17:36:42 — Moneda skin: Jugador 1 cambió a Azul (Inky) hasta morir

[INFO] 2026-05-16 17:36:45 — Checkpoint intermedio activado — monedas previas fijadas

[INFO] 2026-05-16 17:36:51 — Vida extra para Jugador 1 (total: 1)

[INFO] 2026-05-16 17:36:52 — Vida extra absorbió un golpe para Jugador 1 (restantes: 0)

[INFO] 2026-05-16 17:36:57 — Moneda skin: Jugador 1 cambió a Verde (Clyde) hasta morir
may 16, 2026 5:37:20 P. M. main.domain.GameConfiguration validateNotOnWall
SEVERE: ENEMY colocado sobre un muro en (2,5)
may 16, 2026 5:37:20 P. M. main.presentation.GameGUI handleGameError
SEVERE: Error en carga de nivel: configs/level3.txt: ENEMY colocado sobre un muro en (2,5)
[CONFIG_INVALID] ENEMY colocado sobre un muro en (2,5)
	at main.domain.GameConfiguration.validateNotOnWall(GameConfiguration.java:346)
	at main.domain.GameConfiguration.validate(GameConfiguration.java:333)
	at main.domain.GameConfiguration.load(GameConfiguration.java:83)
	at main.domain.HardestGame.loadConfiguration(HardestGame.java:120)
	at main.presentation.GameGUI.loadLevel(GameGUI.java:255)
	at main.presentation.GameGUI.beginGameSession(GameGUI.java:230)
	at main.presentation.GameGUI.startGame(GameGUI.java:93)
	at main.presentation.MenuScreen.fireStart(MenuScreen.java:166)
	at main.presentation.MenuScreen.lambda$buildComponents$0(MenuScreen.java:144)
	at java.desktop/javax.swing.AbstractButton.fireActionPerformed(AbstractButton.java:1972)
	at java.desktop/javax.swing.AbstractButton$Handler.actionPerformed(AbstractButton.java:2314)
	at java.desktop/javax.swing.DefaultButtonModel.fireActionPerformed(DefaultButtonModel.java:407)
	at java.desktop/javax.swing.DefaultButtonModel.setPressed(DefaultButtonModel.java:262)
	at java.desktop/javax.swing.plaf.basic.BasicButtonListener.mouseReleased(BasicButtonListener.java:279)
	at java.desktop/java.awt.Component.processMouseEvent(Component.java:6576)
	at java.desktop/javax.swing.JComponent.processMouseEvent(JComponent.java:3404)
	at java.desktop/java.awt.Component.processEvent(Component.java:6341)
	at java.desktop/java.awt.Container.processEvent(Container.java:2260)
	at java.desktop/java.awt.Component.dispatchEventImpl(Component.java:4958)
	at java.desktop/java.awt.Container.dispatchEventImpl(Container.java:2318)
	at java.desktop/java.awt.Component.dispatchEvent(Component.java:4790)
	at java.desktop/java.awt.LightweightDispatcher.retargetMouseEvent(Container.java:4916)
	at java.desktop/java.awt.LightweightDispatcher.processMouseEvent(Container.java:4559)
	at java.desktop/java.awt.LightweightDispatcher.dispatchEvent(Container.java:4500)
	at java.desktop/java.awt.Container.dispatchEventImpl(Container.java:2304)
	at java.desktop/java.awt.Window.dispatchEventImpl(Window.java:2671)
	at java.desktop/java.awt.Component.dispatchEvent(Component.java:4790)
	at java.desktop/java.awt.EventQueue.dispatchEventImpl(EventQueue.java:725)
	at java.desktop/java.awt.EventQueue.dispatchEvent(EventQueue.java:702)
	at java.desktop/java.awt.EventDispatchThread.pumpOneEventForFilters(EventDispatchThread.java:203)
	at java.desktop/java.awt.EventDispatchThread.pumpEventsForFilter(EventDispatchThread.java:124)
	at java.desktop/java.awt.EventDispatchThread.pumpEventsForHierarchy(EventDispatchThread.java:113)
	at java.desktop/java.awt.EventDispatchThread.pumpEvents(EventDispatchThread.java:109)
	at java.desktop/java.awt.EventDispatchThread.pumpEvents(EventDispatchThread.java:101)
	at java.desktop/java.awt.EventDispatchThread.run(EventDispatchThread.java:90)


════════════════════════════════════════════════════════════
[ERROR] 2026-05-16 17:37:20
────────────────────────────────────────────────────────────
Mensaje    : [CONFIG_INVALID] en carga de nivel: configs/level3.txt: ENEMY colocado sobre un muro en (2,5)
Excepción  : main.domain.InvalidLevelFormatException
Detalle    : ENEMY colocado sobre un muro en (2,5)
StackTrace :
  at main.domain.GameConfiguration.validateNotOnWall(GameConfiguration.java:346)
  at main.domain.GameConfiguration.validate(GameConfiguration.java:333)
  at main.domain.GameConfiguration.load(GameConfiguration.java:83)
  at main.domain.HardestGame.loadConfiguration(HardestGame.java:120)
  at main.presentation.GameGUI.loadLevel(GameGUI.java:255)
  at main.presentation.GameGUI.beginGameSession(GameGUI.java:230)
  at main.presentation.GameGUI.startGame(GameGUI.java:93)
  at main.presentation.MenuScreen.fireStart(MenuScreen.java:166)
  at main.presentation.MenuScreen.lambda$buildComponents$0(MenuScreen.java:144)
  at java.desktop/javax.swing.AbstractButton.fireActionPerformed(AbstractButton.java:1972)
  at java.desktop/javax.swing.AbstractButton$Handler.actionPerformed(AbstractButton.java:2314)
  at java.desktop/javax.swing.DefaultButtonModel.fireActionPerformed(DefaultButtonModel.java:407)
  at java.desktop/javax.swing.DefaultButtonModel.setPressed(DefaultButtonModel.java:262)
  at java.desktop/javax.swing.plaf.basic.BasicButtonListener.mouseReleased(BasicButtonListener.java:279)
  at java.desktop/java.awt.Component.processMouseEvent(Component.java:6576)
  at java.desktop/javax.swing.JComponent.processMouseEvent(JComponent.java:3404)
  at java.desktop/java.awt.Component.processEvent(Component.java:6341)
  at java.desktop/java.awt.Container.processEvent(Container.java:2260)
  at java.desktop/java.awt.Component.dispatchEventImpl(Component.java:4958)
  at java.desktop/java.awt.Container.dispatchEventImpl(Container.java:2318)
  at java.desktop/java.awt.Component.dispatchEvent(Component.java:4790)
  at java.desktop/java.awt.LightweightDispatcher.retargetMouseEvent(Container.java:4916)
  at java.desktop/java.awt.LightweightDispatcher.processMouseEvent(Container.java:4559)
  at java.desktop/java.awt.LightweightDispatcher.dispatchEvent(Container.java:4500)
  at java.desktop/java.awt.Container.dispatchEventImpl(Container.java:2304)
  at java.desktop/java.awt.Window.dispatchEventImpl(Window.java:2671)
  at java.desktop/java.awt.Component.dispatchEvent(Component.java:4790)
  at java.desktop/java.awt.EventQueue.dispatchEventImpl(EventQueue.java:725)
  at java.desktop/java.awt.EventQueue.dispatchEvent(EventQueue.java:702)
  at java.desktop/java.awt.EventDispatchThread.pumpOneEventForFilters(EventDispatchThread.java:203)
  at java.desktop/java.awt.EventDispatchThread.pumpEventsForFilter(EventDispatchThread.java:124)
  at java.desktop/java.awt.EventDispatchThread.pumpEventsForHierarchy(EventDispatchThread.java:113)
  at java.desktop/java.awt.EventDispatchThread.pumpEvents(EventDispatchThread.java:109)
  at java.desktop/java.awt.EventDispatchThread.pumpEvents(EventDispatchThread.java:101)
  at java.desktop/java.awt.EventDispatchThread.run(EventDispatchThread.java:90)
════════════════════════════════════════════════════════════
may 16, 2026 5:37:26 P. M. main.domain.GameConfiguration validateNotOnWall
SEVERE: ENEMY colocado sobre un muro en (2,5)
may 16, 2026 5:37:26 P. M. main.presentation.GameGUI handleGameError
SEVERE: Error en carga de nivel: configs/level3.txt: ENEMY colocado sobre un muro en (2,5)
[CONFIG_INVALID] ENEMY colocado sobre un muro en (2,5)
	at main.domain.GameConfiguration.validateNotOnWall(GameConfiguration.java:346)
	at main.domain.GameConfiguration.validate(GameConfiguration.java:333)
	at main.domain.GameConfiguration.load(GameConfiguration.java:83)
	at main.domain.HardestGame.loadConfiguration(HardestGame.java:120)
	at main.presentation.GameGUI.loadLevel(GameGUI.java:255)
	at main.presentation.GameGUI.beginGameSession(GameGUI.java:230)
	at main.presentation.GameGUI.startGame(GameGUI.java:93)
	at main.presentation.MenuScreen.fireStart(MenuScreen.java:166)
	at main.presentation.MenuScreen.lambda$buildComponents$0(MenuScreen.java:144)
	at java.desktop/javax.swing.AbstractButton.fireActionPerformed(AbstractButton.java:1972)
	at java.desktop/javax.swing.AbstractButton$Handler.actionPerformed(AbstractButton.java:2314)
	at java.desktop/javax.swing.DefaultButtonModel.fireActionPerformed(DefaultButtonModel.java:407)
	at java.desktop/javax.swing.DefaultButtonModel.setPressed(DefaultButtonModel.java:262)
	at java.desktop/javax.swing.plaf.basic.BasicButtonListener.mouseReleased(BasicButtonListener.java:279)
	at java.desktop/java.awt.Component.processMouseEvent(Component.java:6576)
	at java.desktop/javax.swing.JComponent.processMouseEvent(JComponent.java:3404)
	at java.desktop/java.awt.Component.processEvent(Component.java:6341)
	at java.desktop/java.awt.Container.processEvent(Container.java:2260)
	at java.desktop/java.awt.Component.dispatchEventImpl(Component.java:4958)
	at java.desktop/java.awt.Container.dispatchEventImpl(Container.java:2318)
	at java.desktop/java.awt.Component.dispatchEvent(Component.java:4790)
	at java.desktop/java.awt.LightweightDispatcher.retargetMouseEvent(Container.java:4916)
	at java.desktop/java.awt.LightweightDispatcher.processMouseEvent(Container.java:4559)
	at java.desktop/java.awt.LightweightDispatcher.dispatchEvent(Container.java:4500)
	at java.desktop/java.awt.Container.dispatchEventImpl(Container.java:2304)
	at java.desktop/java.awt.Window.dispatchEventImpl(Window.java:2671)
	at java.desktop/java.awt.Component.dispatchEvent(Component.java:4790)
	at java.desktop/java.awt.EventQueue.dispatchEventImpl(EventQueue.java:725)
	at java.desktop/java.awt.EventQueue.dispatchEvent(EventQueue.java:702)
	at java.desktop/java.awt.EventDispatchThread.pumpOneEventForFilters(EventDispatchThread.java:203)
	at java.desktop/java.awt.EventDispatchThread.pumpEventsForFilter(EventDispatchThread.java:124)
	at java.desktop/java.awt.EventDispatchThread.pumpEventsForHierarchy(EventDispatchThread.java:113)
	at java.desktop/java.awt.EventDispatchThread.pumpEvents(EventDispatchThread.java:109)
	at java.desktop/java.awt.EventDispatchThread.pumpEvents(EventDispatchThread.java:101)
	at java.desktop/java.awt.EventDispatchThread.run(EventDispatchThread.java:90)


════════════════════════════════════════════════════════════
[ERROR] 2026-05-16 17:37:26
────────────────────────────────────────────────────────────
Mensaje    : [CONFIG_INVALID] en carga de nivel: configs/level3.txt: ENEMY colocado sobre un muro en (2,5)
Excepción  : main.domain.InvalidLevelFormatException
Detalle    : ENEMY colocado sobre un muro en (2,5)
StackTrace :
  at main.domain.GameConfiguration.validateNotOnWall(GameConfiguration.java:346)
  at main.domain.GameConfiguration.validate(GameConfiguration.java:333)
  at main.domain.GameConfiguration.load(GameConfiguration.java:83)
  at main.domain.HardestGame.loadConfiguration(HardestGame.java:120)
  at main.presentation.GameGUI.loadLevel(GameGUI.java:255)
  at main.presentation.GameGUI.beginGameSession(GameGUI.java:230)
  at main.presentation.GameGUI.startGame(GameGUI.java:93)
  at main.presentation.MenuScreen.fireStart(MenuScreen.java:166)
  at main.presentation.MenuScreen.lambda$buildComponents$0(MenuScreen.java:144)
  at java.desktop/javax.swing.AbstractButton.fireActionPerformed(AbstractButton.java:1972)
  at java.desktop/javax.swing.AbstractButton$Handler.actionPerformed(AbstractButton.java:2314)
  at java.desktop/javax.swing.DefaultButtonModel.fireActionPerformed(DefaultButtonModel.java:407)
  at java.desktop/javax.swing.DefaultButtonModel.setPressed(DefaultButtonModel.java:262)
  at java.desktop/javax.swing.plaf.basic.BasicButtonListener.mouseReleased(BasicButtonListener.java:279)
  at java.desktop/java.awt.Component.processMouseEvent(Component.java:6576)
  at java.desktop/javax.swing.JComponent.processMouseEvent(JComponent.java:3404)
  at java.desktop/java.awt.Component.processEvent(Component.java:6341)
  at java.desktop/java.awt.Container.processEvent(Container.java:2260)
  at java.desktop/java.awt.Component.dispatchEventImpl(Component.java:4958)
  at java.desktop/java.awt.Container.dispatchEventImpl(Container.java:2318)
  at java.desktop/java.awt.Component.dispatchEvent(Component.java:4790)
  at java.desktop/java.awt.LightweightDispatcher.retargetMouseEvent(Container.java:4916)
  at java.desktop/java.awt.LightweightDispatcher.processMouseEvent(Container.java:4559)
  at java.desktop/java.awt.LightweightDispatcher.dispatchEvent(Container.java:4500)
  at java.desktop/java.awt.Container.dispatchEventImpl(Container.java:2304)
  at java.desktop/java.awt.Window.dispatchEventImpl(Window.java:2671)
  at java.desktop/java.awt.Component.dispatchEvent(Component.java:4790)
  at java.desktop/java.awt.EventQueue.dispatchEventImpl(EventQueue.java:725)
  at java.desktop/java.awt.EventQueue.dispatchEvent(EventQueue.java:702)
  at java.desktop/java.awt.EventDispatchThread.pumpOneEventForFilters(EventDispatchThread.java:203)
  at java.desktop/java.awt.EventDispatchThread.pumpEventsForFilter(EventDispatchThread.java:124)
  at java.desktop/java.awt.EventDispatchThread.pumpEventsForHierarchy(EventDispatchThread.java:113)
  at java.desktop/java.awt.EventDispatchThread.pumpEvents(EventDispatchThread.java:109)
  at java.desktop/java.awt.EventDispatchThread.pumpEvents(EventDispatchThread.java:101)
  at java.desktop/java.awt.EventDispatchThread.run(EventDispatchThread.java:90)
════════════════════════════════════════════════════════════
may 16, 2026 5:43:41 P. M. main.domain.GameConfiguration validateNotOnWall
SEVERE: ENEMY colocado sobre un muro en (5,11)
may 16, 2026 5:44:17 P. M. main.domain.GameConfiguration validateNotOnWall
SEVERE: ENEMY colocado sobre un muro en (3,8)
may 16, 2026 5:44:17 P. M. main.domain.GameConfiguration validate
SEVERE: Falta SAFE_START en la configuración
may 16, 2026 5:44:17 P. M. main.domain.GameConfiguration validateNotOnWall
SEVERE: COIN colocado sobre un muro en (2,4)
may 16, 2026 5:44:52 P. M. main.domain.GameConfiguration validateNotOnWall
SEVERE: ENEMY colocado sobre un muro en (3,7)
may 16, 2026 5:45:17 P. M. main.domain.GameConfiguration validateNotOnWall
SEVERE: ENEMY colocado sobre un muro en (3,19)
may 16, 2026 5:45:39 P. M. main.domain.GameConfiguration validateNotOnWall
SEVERE: POWERUP colocado sobre un muro en (4,24)

[INFO] 2026-05-16 17:48:24 — Moneda skin: Jugador 1 cambió a Azul (Inky) hasta morir

[INFO] 2026-05-16 17:48:30 — Moneda skin: Jugador 1 cambió a Azul (Inky) hasta morir

[INFO] 2026-05-16 17:48:45 — Vida extra para Jugador 1 (total: 1)

[INFO] 2026-05-16 17:48:48 — Vida extra absorbió un golpe para Jugador 1 (restantes: 0)

[INFO] 2026-05-16 17:58:55 — Checkpoint intermedio activado — monedas previas fijadas

[INFO] 2026-05-16 17:59:00 — Moneda skin: Jugador 1 cambió a Rojo (Blinky) hasta morir

[INFO] 2026-05-18 19:55:29 — Moneda skin: Jugador 1 cambió a Azul (Inky) hasta morir

[INFO] 2026-05-18 19:55:33 — Moneda skin: Jugador 1 cambió a Azul (Inky) hasta morir

[INFO] 2026-05-18 19:55:38 — Moneda skin: Jugador 1 cambió a Rojo (Blinky) hasta morir

[INFO] 2026-05-18 19:56:41 — Moneda skin: Jugador 1 cambió a Verde (Clyde) hasta morir

[INFO] 2026-05-18 19:56:41 — Clyde absorbió un golpe con su escudo

[INFO] 2026-05-18 19:56:44 — Moneda skin: Jugador 1 cambió a Azul (Inky) hasta morir

[INFO] 2026-05-18 19:56:46 — Moneda skin: Jugador 1 cambió a Azul (Inky) hasta morir

[INFO] 2026-05-18 19:56:49 — Moneda skin: Jugador 1 cambió a Verde (Clyde) hasta morir

[INFO] 2026-05-18 19:56:50 — Moneda skin: Jugador 1 cambió a Azul (Inky) hasta morir

[INFO] 2026-05-18 19:56:52 — Moneda skin: Jugador 1 cambió a Verde (Clyde) hasta morir

[INFO] 2026-05-18 19:56:57 — Moneda skin: Jugador 1 cambió a Azul (Inky) hasta morir
may 18, 2026 7:57:17 P. M. main.presentation.GameGUI handleGameError
SEVERE: Error en inicio de partida: En PvP cada jugador debe elegir un skin distinto.
[CONFIG_INVALID] En PvP cada jugador debe elegir un skin distinto.
	at main.presentation.GameGUI.beginGameSession(GameGUI.java:224)
	at main.presentation.GameGUI.startGame(GameGUI.java:93)
	at main.presentation.MenuScreen.fireStart(MenuScreen.java:166)
	at main.presentation.MenuScreen.lambda$buildComponents$0(MenuScreen.java:144)
	at java.desktop/javax.swing.AbstractButton.fireActionPerformed(AbstractButton.java:1972)
	at java.desktop/javax.swing.AbstractButton$Handler.actionPerformed(AbstractButton.java:2314)
	at java.desktop/javax.swing.DefaultButtonModel.fireActionPerformed(DefaultButtonModel.java:407)
	at java.desktop/javax.swing.DefaultButtonModel.setPressed(DefaultButtonModel.java:262)
	at java.desktop/javax.swing.plaf.basic.BasicButtonListener.mouseReleased(BasicButtonListener.java:279)
	at java.desktop/java.awt.Component.processMouseEvent(Component.java:6576)
	at java.desktop/javax.swing.JComponent.processMouseEvent(JComponent.java:3404)
	at java.desktop/java.awt.Component.processEvent(Component.java:6341)
	at java.desktop/java.awt.Container.processEvent(Container.java:2260)
	at java.desktop/java.awt.Component.dispatchEventImpl(Component.java:4958)
	at java.desktop/java.awt.Container.dispatchEventImpl(Container.java:2318)
	at java.desktop/java.awt.Component.dispatchEvent(Component.java:4790)
	at java.desktop/java.awt.LightweightDispatcher.retargetMouseEvent(Container.java:4916)
	at java.desktop/java.awt.LightweightDispatcher.processMouseEvent(Container.java:4559)
	at java.desktop/java.awt.LightweightDispatcher.dispatchEvent(Container.java:4500)
	at java.desktop/java.awt.Container.dispatchEventImpl(Container.java:2304)
	at java.desktop/java.awt.Window.dispatchEventImpl(Window.java:2671)
	at java.desktop/java.awt.Component.dispatchEvent(Component.java:4790)
	at java.desktop/java.awt.EventQueue.dispatchEventImpl(EventQueue.java:725)
	at java.desktop/java.awt.EventQueue.dispatchEvent(EventQueue.java:702)
	at java.desktop/java.awt.EventDispatchThread.pumpOneEventForFilters(EventDispatchThread.java:203)
	at java.desktop/java.awt.EventDispatchThread.pumpEventsForFilter(EventDispatchThread.java:124)
	at java.desktop/java.awt.EventDispatchThread.pumpEventsForHierarchy(EventDispatchThread.java:113)
	at java.desktop/java.awt.EventDispatchThread.pumpEvents(EventDispatchThread.java:109)
	at java.desktop/java.awt.EventDispatchThread.pumpEvents(EventDispatchThread.java:101)
	at java.desktop/java.awt.EventDispatchThread.run(EventDispatchThread.java:90)


════════════════════════════════════════════════════════════
[ERROR] 2026-05-18 19:57:17
────────────────────────────────────────────────────────────
Mensaje    : [CONFIG_INVALID] en inicio de partida: En PvP cada jugador debe elegir un skin distinto.
Excepción  : main.domain.InvalidMultiplayerConfigException
Detalle    : En PvP cada jugador debe elegir un skin distinto.
StackTrace :
  at main.presentation.GameGUI.beginGameSession(GameGUI.java:224)
  at main.presentation.GameGUI.startGame(GameGUI.java:93)
  at main.presentation.MenuScreen.fireStart(MenuScreen.java:166)
  at main.presentation.MenuScreen.lambda$buildComponents$0(MenuScreen.java:144)
  at java.desktop/javax.swing.AbstractButton.fireActionPerformed(AbstractButton.java:1972)
  at java.desktop/javax.swing.AbstractButton$Handler.actionPerformed(AbstractButton.java:2314)
  at java.desktop/javax.swing.DefaultButtonModel.fireActionPerformed(DefaultButtonModel.java:407)
  at java.desktop/javax.swing.DefaultButtonModel.setPressed(DefaultButtonModel.java:262)
  at java.desktop/javax.swing.plaf.basic.BasicButtonListener.mouseReleased(BasicButtonListener.java:279)
  at java.desktop/java.awt.Component.processMouseEvent(Component.java:6576)
  at java.desktop/javax.swing.JComponent.processMouseEvent(JComponent.java:3404)
  at java.desktop/java.awt.Component.processEvent(Component.java:6341)
  at java.desktop/java.awt.Container.processEvent(Container.java:2260)
  at java.desktop/java.awt.Component.dispatchEventImpl(Component.java:4958)
  at java.desktop/java.awt.Container.dispatchEventImpl(Container.java:2318)
  at java.desktop/java.awt.Component.dispatchEvent(Component.java:4790)
  at java.desktop/java.awt.LightweightDispatcher.retargetMouseEvent(Container.java:4916)
  at java.desktop/java.awt.LightweightDispatcher.processMouseEvent(Container.java:4559)
  at java.desktop/java.awt.LightweightDispatcher.dispatchEvent(Container.java:4500)
  at java.desktop/java.awt.Container.dispatchEventImpl(Container.java:2304)
  at java.desktop/java.awt.Window.dispatchEventImpl(Window.java:2671)
  at java.desktop/java.awt.Component.dispatchEvent(Component.java:4790)
  at java.desktop/java.awt.EventQueue.dispatchEventImpl(EventQueue.java:725)
  at java.desktop/java.awt.EventQueue.dispatchEvent(EventQueue.java:702)
  at java.desktop/java.awt.EventDispatchThread.pumpOneEventForFilters(EventDispatchThread.java:203)
  at java.desktop/java.awt.EventDispatchThread.pumpEventsForFilter(EventDispatchThread.java:124)
  at java.desktop/java.awt.EventDispatchThread.pumpEventsForHierarchy(EventDispatchThread.java:113)
  at java.desktop/java.awt.EventDispatchThread.pumpEvents(EventDispatchThread.java:109)
  at java.desktop/java.awt.EventDispatchThread.pumpEvents(EventDispatchThread.java:101)
  at java.desktop/java.awt.EventDispatchThread.run(EventDispatchThread.java:90)
════════════════════════════════════════════════════════════
may 18, 2026 7:57:27 P. M. main.presentation.GameGUI handleGameError
SEVERE: Error en inicio de partida: En PvP cada jugador debe elegir un skin distinto.
[CONFIG_INVALID] En PvP cada jugador debe elegir un skin distinto.
	at main.presentation.GameGUI.beginGameSession(GameGUI.java:224)
	at main.presentation.GameGUI.startGame(GameGUI.java:93)
	at main.presentation.MenuScreen.fireStart(MenuScreen.java:166)
	at main.presentation.MenuScreen.lambda$buildComponents$0(MenuScreen.java:144)
	at java.desktop/javax.swing.AbstractButton.fireActionPerformed(AbstractButton.java:1972)
	at java.desktop/javax.swing.AbstractButton$Handler.actionPerformed(AbstractButton.java:2314)
	at java.desktop/javax.swing.DefaultButtonModel.fireActionPerformed(DefaultButtonModel.java:407)
	at java.desktop/javax.swing.DefaultButtonModel.setPressed(DefaultButtonModel.java:262)
	at java.desktop/javax.swing.plaf.basic.BasicButtonListener.mouseReleased(BasicButtonListener.java:279)
	at java.desktop/java.awt.Component.processMouseEvent(Component.java:6576)
	at java.desktop/javax.swing.JComponent.processMouseEvent(JComponent.java:3404)
	at java.desktop/java.awt.Component.processEvent(Component.java:6341)
	at java.desktop/java.awt.Container.processEvent(Container.java:2260)
	at java.desktop/java.awt.Component.dispatchEventImpl(Component.java:4958)
	at java.desktop/java.awt.Container.dispatchEventImpl(Container.java:2318)
	at java.desktop/java.awt.Component.dispatchEvent(Component.java:4790)
	at java.desktop/java.awt.LightweightDispatcher.retargetMouseEvent(Container.java:4916)
	at java.desktop/java.awt.LightweightDispatcher.processMouseEvent(Container.java:4559)
	at java.desktop/java.awt.LightweightDispatcher.dispatchEvent(Container.java:4500)
	at java.desktop/java.awt.Container.dispatchEventImpl(Container.java:2304)
	at java.desktop/java.awt.Window.dispatchEventImpl(Window.java:2671)
	at java.desktop/java.awt.Component.dispatchEvent(Component.java:4790)
	at java.desktop/java.awt.EventQueue.dispatchEventImpl(EventQueue.java:725)
	at java.desktop/java.awt.EventQueue.dispatchEvent(EventQueue.java:702)
	at java.desktop/java.awt.EventDispatchThread.pumpOneEventForFilters(EventDispatchThread.java:203)
	at java.desktop/java.awt.EventDispatchThread.pumpEventsForFilter(EventDispatchThread.java:124)
	at java.desktop/java.awt.EventDispatchThread.pumpEventsForHierarchy(EventDispatchThread.java:113)
	at java.desktop/java.awt.EventDispatchThread.pumpEvents(EventDispatchThread.java:109)
	at java.desktop/java.awt.EventDispatchThread.pumpEvents(EventDispatchThread.java:101)
	at java.desktop/java.awt.EventDispatchThread.run(EventDispatchThread.java:90)


════════════════════════════════════════════════════════════
[ERROR] 2026-05-18 19:57:27
────────────────────────────────────────────────────────────
Mensaje    : [CONFIG_INVALID] en inicio de partida: En PvP cada jugador debe elegir un skin distinto.
Excepción  : main.domain.InvalidMultiplayerConfigException
Detalle    : En PvP cada jugador debe elegir un skin distinto.
StackTrace :
  at main.presentation.GameGUI.beginGameSession(GameGUI.java:224)
  at main.presentation.GameGUI.startGame(GameGUI.java:93)
  at main.presentation.MenuScreen.fireStart(MenuScreen.java:166)
  at main.presentation.MenuScreen.lambda$buildComponents$0(MenuScreen.java:144)
  at java.desktop/javax.swing.AbstractButton.fireActionPerformed(AbstractButton.java:1972)
  at java.desktop/javax.swing.AbstractButton$Handler.actionPerformed(AbstractButton.java:2314)
  at java.desktop/javax.swing.DefaultButtonModel.fireActionPerformed(DefaultButtonModel.java:407)
  at java.desktop/javax.swing.DefaultButtonModel.setPressed(DefaultButtonModel.java:262)
  at java.desktop/javax.swing.plaf.basic.BasicButtonListener.mouseReleased(BasicButtonListener.java:279)
  at java.desktop/java.awt.Component.processMouseEvent(Component.java:6576)
  at java.desktop/javax.swing.JComponent.processMouseEvent(JComponent.java:3404)
  at java.desktop/java.awt.Component.processEvent(Component.java:6341)
  at java.desktop/java.awt.Container.processEvent(Container.java:2260)
  at java.desktop/java.awt.Component.dispatchEventImpl(Component.java:4958)
  at java.desktop/java.awt.Container.dispatchEventImpl(Container.java:2318)
  at java.desktop/java.awt.Component.dispatchEvent(Component.java:4790)
  at java.desktop/java.awt.LightweightDispatcher.retargetMouseEvent(Container.java:4916)
  at java.desktop/java.awt.LightweightDispatcher.processMouseEvent(Container.java:4559)
  at java.desktop/java.awt.LightweightDispatcher.dispatchEvent(Container.java:4500)
  at java.desktop/java.awt.Container.dispatchEventImpl(Container.java:2304)
  at java.desktop/java.awt.Window.dispatchEventImpl(Window.java:2671)
  at java.desktop/java.awt.Component.dispatchEvent(Component.java:4790)
  at java.desktop/java.awt.EventQueue.dispatchEventImpl(EventQueue.java:725)
  at java.desktop/java.awt.EventQueue.dispatchEvent(EventQueue.java:702)
  at java.desktop/java.awt.EventDispatchThread.pumpOneEventForFilters(EventDispatchThread.java:203)
  at java.desktop/java.awt.EventDispatchThread.pumpEventsForFilter(EventDispatchThread.java:124)
  at java.desktop/java.awt.EventDispatchThread.pumpEventsForHierarchy(EventDispatchThread.java:113)
  at java.desktop/java.awt.EventDispatchThread.pumpEvents(EventDispatchThread.java:109)
  at java.desktop/java.awt.EventDispatchThread.pumpEvents(EventDispatchThread.java:101)
  at java.desktop/java.awt.EventDispatchThread.run(EventDispatchThread.java:90)
════════════════════════════════════════════════════════════
may 18, 2026 7:57:38 P. M. main.presentation.GameGUI handleGameError
SEVERE: Error en inicio de partida: En PvP cada jugador debe elegir un skin distinto.
[CONFIG_INVALID] En PvP cada jugador debe elegir un skin distinto.
	at main.presentation.GameGUI.beginGameSession(GameGUI.java:224)
	at main.presentation.GameGUI.startGame(GameGUI.java:93)
	at main.presentation.MenuScreen.fireStart(MenuScreen.java:166)
	at main.presentation.MenuScreen.lambda$buildComponents$0(MenuScreen.java:144)
	at java.desktop/javax.swing.AbstractButton.fireActionPerformed(AbstractButton.java:1972)
	at java.desktop/javax.swing.AbstractButton$Handler.actionPerformed(AbstractButton.java:2314)
	at java.desktop/javax.swing.DefaultButtonModel.fireActionPerformed(DefaultButtonModel.java:407)
	at java.desktop/javax.swing.DefaultButtonModel.setPressed(DefaultButtonModel.java:262)
	at java.desktop/javax.swing.plaf.basic.BasicButtonListener.mouseReleased(BasicButtonListener.java:279)
	at java.desktop/java.awt.Component.processMouseEvent(Component.java:6576)
	at java.desktop/javax.swing.JComponent.processMouseEvent(JComponent.java:3404)
	at java.desktop/java.awt.Component.processEvent(Component.java:6341)
	at java.desktop/java.awt.Container.processEvent(Container.java:2260)
	at java.desktop/java.awt.Component.dispatchEventImpl(Component.java:4958)
	at java.desktop/java.awt.Container.dispatchEventImpl(Container.java:2318)
	at java.desktop/java.awt.Component.dispatchEvent(Component.java:4790)
	at java.desktop/java.awt.LightweightDispatcher.retargetMouseEvent(Container.java:4916)
	at java.desktop/java.awt.LightweightDispatcher.processMouseEvent(Container.java:4559)
	at java.desktop/java.awt.LightweightDispatcher.dispatchEvent(Container.java:4500)
	at java.desktop/java.awt.Container.dispatchEventImpl(Container.java:2304)
	at java.desktop/java.awt.Window.dispatchEventImpl(Window.java:2671)
	at java.desktop/java.awt.Component.dispatchEvent(Component.java:4790)
	at java.desktop/java.awt.EventQueue.dispatchEventImpl(EventQueue.java:725)
	at java.desktop/java.awt.EventQueue.dispatchEvent(EventQueue.java:702)
	at java.desktop/java.awt.EventDispatchThread.pumpOneEventForFilters(EventDispatchThread.java:203)
	at java.desktop/java.awt.EventDispatchThread.pumpEventsForFilter(EventDispatchThread.java:124)
	at java.desktop/java.awt.EventDispatchThread.pumpEventsForHierarchy(EventDispatchThread.java:113)
	at java.desktop/java.awt.EventDispatchThread.pumpEvents(EventDispatchThread.java:109)
	at java.desktop/java.awt.EventDispatchThread.pumpEvents(EventDispatchThread.java:101)
	at java.desktop/java.awt.EventDispatchThread.run(EventDispatchThread.java:90)


════════════════════════════════════════════════════════════
[ERROR] 2026-05-18 19:57:38
────────────────────────────────────────────────────────────
Mensaje    : [CONFIG_INVALID] en inicio de partida: En PvP cada jugador debe elegir un skin distinto.
Excepción  : main.domain.InvalidMultiplayerConfigException
Detalle    : En PvP cada jugador debe elegir un skin distinto.
StackTrace :
  at main.presentation.GameGUI.beginGameSession(GameGUI.java:224)
  at main.presentation.GameGUI.startGame(GameGUI.java:93)
  at main.presentation.MenuScreen.fireStart(MenuScreen.java:166)
  at main.presentation.MenuScreen.lambda$buildComponents$0(MenuScreen.java:144)
  at java.desktop/javax.swing.AbstractButton.fireActionPerformed(AbstractButton.java:1972)
  at java.desktop/javax.swing.AbstractButton$Handler.actionPerformed(AbstractButton.java:2314)
  at java.desktop/javax.swing.DefaultButtonModel.fireActionPerformed(DefaultButtonModel.java:407)
  at java.desktop/javax.swing.DefaultButtonModel.setPressed(DefaultButtonModel.java:262)
  at java.desktop/javax.swing.plaf.basic.BasicButtonListener.mouseReleased(BasicButtonListener.java:279)
  at java.desktop/java.awt.Component.processMouseEvent(Component.java:6576)
  at java.desktop/javax.swing.JComponent.processMouseEvent(JComponent.java:3404)
  at java.desktop/java.awt.Component.processEvent(Component.java:6341)
  at java.desktop/java.awt.Container.processEvent(Container.java:2260)
  at java.desktop/java.awt.Component.dispatchEventImpl(Component.java:4958)
  at java.desktop/java.awt.Container.dispatchEventImpl(Container.java:2318)
  at java.desktop/java.awt.Component.dispatchEvent(Component.java:4790)
  at java.desktop/java.awt.LightweightDispatcher.retargetMouseEvent(Container.java:4916)
  at java.desktop/java.awt.LightweightDispatcher.processMouseEvent(Container.java:4559)
  at java.desktop/java.awt.LightweightDispatcher.dispatchEvent(Container.java:4500)
  at java.desktop/java.awt.Container.dispatchEventImpl(Container.java:2304)
  at java.desktop/java.awt.Window.dispatchEventImpl(Window.java:2671)
  at java.desktop/java.awt.Component.dispatchEvent(Component.java:4790)
  at java.desktop/java.awt.EventQueue.dispatchEventImpl(EventQueue.java:725)
  at java.desktop/java.awt.EventQueue.dispatchEvent(EventQueue.java:702)
  at java.desktop/java.awt.EventDispatchThread.pumpOneEventForFilters(EventDispatchThread.java:203)
  at java.desktop/java.awt.EventDispatchThread.pumpEventsForFilter(EventDispatchThread.java:124)
  at java.desktop/java.awt.EventDispatchThread.pumpEventsForHierarchy(EventDispatchThread.java:113)
  at java.desktop/java.awt.EventDispatchThread.pumpEvents(EventDispatchThread.java:109)
  at java.desktop/java.awt.EventDispatchThread.pumpEvents(EventDispatchThread.java:101)
  at java.desktop/java.awt.EventDispatchThread.run(EventDispatchThread.java:90)
════════════════════════════════════════════════════════════

[INFO] 2026-05-18 19:57:52 — Moneda skin: Jugador 1 cambió a Azul (Inky) hasta morir

[INFO] 2026-05-18 19:57:59 — Colisión jugador-jugador: ambos reiniciados a inicio

[INFO] 2026-05-18 19:58:24 — Moneda skin: Jugador 2 cambió a Rojo (Blinky) hasta morir

[INFO] 2026-05-18 19:58:24 — Moneda skin: Jugador 2 cambió a Azul (Inky) hasta morir

[INFO] 2026-05-18 19:58:37 — Clyde absorbió un golpe con su escudo

[INFO] 2026-05-18 19:58:38 — Moneda skin: Jugador 2 cambió a Rojo (Blinky) hasta morir

[INFO] 2026-05-18 19:58:38 — Moneda skin: Jugador 2 cambió a Azul (Inky) hasta morir

[INFO] 2026-05-18 19:58:40 — Moneda skin: Jugador 2 cambió a Azul (Inky) hasta morir

[INFO] 2026-05-18 19:58:42 — Moneda skin: Jugador 2 cambió a Azul (Inky) hasta morir

[INFO] 2026-05-18 19:58:42 — Moneda skin: Jugador 2 cambió a Rojo (Blinky) hasta morir

[INFO] 2026-05-18 19:58:44 — Clyde absorbió un golpe con su escudo

[INFO] 2026-05-18 19:58:45 — Moneda skin: Jugador 2 cambió a Azul (Inky) hasta morir

[INFO] 2026-05-18 19:58:47 — Clyde absorbió un golpe con su escudo

[INFO] 2026-05-18 19:58:48 — Moneda skin: Jugador 2 cambió a Rojo (Blinky) hasta morir

[INFO] 2026-05-18 19:58:49 — Moneda skin: Jugador 2 cambió a Rojo (Blinky) hasta morir

[INFO] 2026-05-18 19:58:51 — Moneda skin: Jugador 2 cambió a Azul (Inky) hasta morir

[INFO] 2026-05-18 19:58:52 — Clyde absorbió un golpe con su escudo

[INFO] 2026-05-18 19:58:53 — Moneda skin: Jugador 2 cambió a Azul (Inky) hasta morir

[INFO] 2026-05-18 19:58:55 — Moneda skin: Jugador 2 cambió a Azul (Inky) hasta morir

[INFO] 2026-05-18 19:58:57 — Moneda skin: Jugador 2 cambió a Azul (Inky) hasta morir

[INFO] 2026-05-18 19:58:59 — Clyde absorbió un golpe con su escudo

[INFO] 2026-05-18 19:58:59 — Moneda skin: Jugador 2 cambió a Rojo (Blinky) hasta morir

[INFO] 2026-05-18 19:59:00 — Moneda skin: Jugador 2 cambió a Azul (Inky) hasta morir

[INFO] 2026-05-18 19:59:03 — Moneda skin: Jugador 2 cambió a Azul (Inky) hasta morir

[INFO] 2026-05-18 19:59:06 — Moneda skin: Jugador 2 cambió a Rojo (Blinky) hasta morir

[INFO] 2026-05-18 19:59:09 — Moneda skin: Jugador 2 cambió a Azul (Inky) hasta morir

[INFO] 2026-05-18 19:59:11 — Moneda skin: Jugador 2 cambió a Azul (Inky) hasta morir

[INFO] 2026-05-18 19:59:13 — Moneda skin: Jugador 2 cambió a Azul (Inky) hasta morir

[INFO] 2026-05-18 19:59:15 — Moneda skin: Jugador 2 cambió a Azul (Inky) hasta morir

[INFO] 2026-05-18 19:59:15 — Moneda skin: Jugador 2 cambió a Rojo (Blinky) hasta morir

[INFO] 2026-05-18 19:59:17 — Clyde absorbió un golpe con su escudo

[INFO] 2026-05-18 19:59:17 — Moneda skin: Jugador 2 cambió a Rojo (Blinky) hasta morir

[INFO] 2026-05-18 19:59:20 — Moneda skin: Jugador 2 cambió a Rojo (Blinky) hasta morir

[INFO] 2026-05-18 19:59:21 — Moneda skin: Jugador 2 cambió a Azul (Inky) hasta morir

[INFO] 2026-05-18 19:59:22 — Clyde absorbió un golpe con su escudo

[INFO] 2026-05-18 19:59:23 — Moneda skin: Jugador 2 cambió a Azul (Inky) hasta morir

[INFO] 2026-05-18 19:59:25 — Moneda skin: Jugador 2 cambió a Azul (Inky) hasta morir

[INFO] 2026-05-18 19:59:26 — Moneda skin: Jugador 2 cambió a Azul (Inky) hasta morir

[INFO] 2026-05-18 19:59:28 — Clyde absorbió un golpe con su escudo

[INFO] 2026-05-18 19:59:28 — Moneda skin: Jugador 2 cambió a Azul (Inky) hasta morir

[INFO] 2026-05-18 19:59:30 — Clyde absorbió un golpe con su escudo

[INFO] 2026-05-18 19:59:30 — Moneda skin: Jugador 2 cambió a Azul (Inky) hasta morir

[INFO] 2026-05-18 19:59:31 — Moneda skin: Jugador 2 cambió a Azul (Inky) hasta morir

[INFO] 2026-05-18 19:59:33 — Moneda skin: Jugador 2 cambió a Azul (Inky) hasta morir

[INFO] 2026-05-18 19:59:36 — Clyde absorbió un golpe con su escudo

[INFO] 2026-05-18 19:59:37 — Moneda skin: Jugador 2 cambió a Rojo (Blinky) hasta morir

[INFO] 2026-05-18 19:59:37 — Moneda skin: Jugador 2 cambió a Azul (Inky) hasta morir

[INFO] 2026-05-18 19:59:39 — Clyde absorbió un golpe con su escudo

[INFO] 2026-05-18 20:00:06 — Vida extra para Jugador 1 (total: 1)

[INFO] 2026-05-18 20:00:07 — Vida extra absorbió un golpe para Jugador 1 (restantes: 0)

[INFO] 2026-05-18 20:00:13 — Vida extra para Jugador 1 (total: 1)

[INFO] 2026-05-18 20:00:34 — Checkpoint intermedio activado — monedas previas fijadas

[INFO] 2026-05-18 20:01:34 — Checkpoint intermedio activado — monedas previas fijadas

[INFO] 2026-05-18 20:01:40 — Checkpoint intermedio activado — monedas previas fijadas

[INFO] 2026-05-18 20:01:44 — Checkpoint intermedio activado — monedas previas fijadas

[INFO] 2026-05-18 20:01:49 — Vida extra para Jugador 1 (total: 1)

[INFO] 2026-05-18 20:01:53 — Checkpoint intermedio activado — monedas previas fijadas

[INFO] 2026-05-18 20:01:54 — Vida extra absorbió un golpe para Jugador 1 (restantes: 0)

[INFO] 2026-05-18 20:02:17 — Checkpoint intermedio activado — monedas previas fijadas

[INFO] 2026-05-18 20:02:53 — Moneda skin: Jugador 1 cambió a Azul (Inky) hasta morir

[INFO] 2026-05-18 20:02:56 — Moneda skin: Jugador 1 cambió a Azul (Inky) hasta morir

[INFO] 2026-05-18 20:02:58 — Moneda skin: Jugador 1 cambió a Azul (Inky) hasta morir

[INFO] 2026-05-18 20:03:00 — Moneda skin: Jugador 1 cambió a Azul (Inky) hasta morir

[INFO] 2026-05-18 20:03:02 — Vida extra para Jugador 1 (total: 1)

[INFO] 2026-05-18 20:03:02 — Vida extra absorbió un golpe para Jugador 1 (restantes: 0)

[INFO] 2026-05-18 20:03:15 — Moneda skin: Jugador 1 cambió a Verde (Clyde) hasta morir

[INFO] 2026-05-18 20:03:15 — Clyde absorbió un golpe con su escudo
may 18, 2026 8:13:27 P. M. main.domain.Board setWall
SEVERE: Muro fuera del tablero en (-1,0)

[INFO] 2026-05-20 22:44:52 — Moneda skin: Jugador 1 cambió a Azul (Inky) hasta morir

[INFO] 2026-05-20 22:44:55 — Moneda skin: Jugador 1 cambió a Azul (Inky) hasta morir

[INFO] 2026-05-20 22:44:59 — Moneda skin: Jugador 1 cambió a Azul (Inky) hasta morir

[INFO] 2026-05-20 22:45:02 — Moneda skin: Jugador 1 cambió a Azul (Inky) hasta morir

[INFO] 2026-05-20 22:45:06 — Moneda skin: Jugador 1 cambió a Azul (Inky) hasta morir

[INFO] 2026-05-20 22:45:06 — Moneda skin: Jugador 1 cambió a Rojo (Blinky) hasta morir
may 20, 2026 10:45:36 P. M. main.domain.Board setWall
SEVERE: Muro fuera del tablero en (-1,0)
may 20, 2026 10:45:36 P. M. main.domain.GameConfiguration validate
SEVERE: Falta SAFE_START en la configuración
may 20, 2026 10:45:36 P. M. main.domain.GameConfiguration validateNotOnWall
SEVERE: COIN colocado sobre un muro en (2,4)

[INFO] 2026-05-20 22:45:36 — Clyde absorbió un golpe con su escudo

[INFO] 2026-05-20 22:45:36 — Vida extra para Jugador 1 (total: 1)

[INFO] 2026-05-20 22:45:36 — Clyde absorbió un golpe con su escudo

[INFO] 2026-05-20 22:45:36 — Vida extra absorbió un golpe para Jugador 1 (restantes: 0)

[INFO] 2026-05-20 22:45:37 — Clyde absorbió un golpe con su escudo

[INFO] 2026-05-20 22:45:37 — Moneda skin: Jugador 1 cambió a Azul (Inky) hasta morir

[INFO] 2026-05-20 22:45:37 — Colisión jugador-jugador: ambos reiniciados a inicio
may 20, 2026 10:45:37 P. M. main.domain.HardestGame movePlayer
SEVERE: movePlayer no permitido en estado PAUSED

[INFO] 2026-05-20 22:45:37 — Checkpoint intermedio activado — monedas previas fijadas

[INFO] 2026-05-20 22:45:37 — Vida extra para Jugador 1 (total: 1)

[INFO] 2026-05-20 22:45:37 — Vida extra para Jugador 1 (total: 1)

[INFO] 2026-05-20 22:45:37 — Vida extra para Jugador 1 (total: 1)

[INFO] 2026-05-20 22:45:37 — Vida extra absorbió un golpe para Jugador 1 (restantes: 0)

[INFO] 2026-05-20 22:45:37 — Vida extra para Jugador 1 (total: 1)

[INFO] 2026-05-20 22:45:37 — Vida extra para Jugador 1 (total: 1)

[INFO] 2026-05-20 22:45:37 — Vida extra absorbió un golpe para Jugador 1 (restantes: 0)
may 20, 2026 10:45:51 P. M. main.domain.Board setWall
SEVERE: Muro fuera del tablero en (-1,0)
may 20, 2026 10:45:51 P. M. main.domain.GameConfiguration validate
SEVERE: Falta SAFE_START en la configuración
may 20, 2026 10:45:51 P. M. main.domain.GameConfiguration validateNotOnWall
SEVERE: COIN colocado sobre un muro en (2,4)

[INFO] 2026-05-20 22:45:51 — Clyde absorbió un golpe con su escudo

[INFO] 2026-05-20 22:45:51 — Vida extra para Jugador 1 (total: 1)

[INFO] 2026-05-20 22:45:51 — Clyde absorbió un golpe con su escudo

[INFO] 2026-05-20 22:45:51 — Vida extra absorbió un golpe para Jugador 1 (restantes: 0)

[INFO] 2026-05-20 22:45:51 — Clyde absorbió un golpe con su escudo

[INFO] 2026-05-20 22:45:51 — Moneda skin: Jugador 1 cambió a Azul (Inky) hasta morir

[INFO] 2026-05-20 22:45:51 — Colisión jugador-jugador: ambos reiniciados a inicio
may 20, 2026 10:45:51 P. M. main.domain.HardestGame movePlayer
SEVERE: movePlayer no permitido en estado PAUSED

[INFO] 2026-05-20 22:45:51 — Checkpoint intermedio activado — monedas previas fijadas

[INFO] 2026-05-20 22:45:51 — Vida extra para Jugador 1 (total: 1)

[INFO] 2026-05-20 22:45:51 — Vida extra para Jugador 1 (total: 1)

[INFO] 2026-05-20 22:45:51 — Vida extra para Jugador 1 (total: 1)

[INFO] 2026-05-20 22:45:51 — Vida extra absorbió un golpe para Jugador 1 (restantes: 0)

[INFO] 2026-05-20 22:45:51 — Vida extra para Jugador 1 (total: 1)

[INFO] 2026-05-20 22:45:51 — Vida extra para Jugador 1 (total: 1)

[INFO] 2026-05-20 22:45:51 — Vida extra absorbió un golpe para Jugador 1 (restantes: 0)
may 20, 2026 10:48:32 P. M. main.domain.Board setWall
SEVERE: Muro fuera del tablero en (-1,0)
may 20, 2026 10:48:32 P. M. main.domain.GameConfiguration validate
SEVERE: Falta SAFE_START en la configuración
may 20, 2026 10:48:32 P. M. main.domain.GameConfiguration validateNotOnWall
SEVERE: COIN colocado sobre un muro en (2,4)

[INFO] 2026-05-20 22:48:32 — Clyde absorbió un golpe con su escudo

[INFO] 2026-05-20 22:48:32 — Vida extra para Jugador 1 (total: 1)

[INFO] 2026-05-20 22:48:32 — Clyde absorbió un golpe con su escudo

[INFO] 2026-05-20 22:48:32 — Vida extra absorbió un golpe para Jugador 1 (restantes: 0)

[INFO] 2026-05-20 22:48:32 — Clyde absorbió un golpe con su escudo

[INFO] 2026-05-20 22:48:32 — Moneda skin: Jugador 1 cambió a Azul (Inky) hasta morir

[INFO] 2026-05-20 22:48:32 — Colisión jugador-jugador: ambos reiniciados a inicio
may 20, 2026 10:48:32 P. M. main.domain.HardestGame movePlayer
SEVERE: movePlayer no permitido en estado PAUSED

[INFO] 2026-05-20 22:48:32 — Checkpoint intermedio activado — monedas previas fijadas

[INFO] 2026-05-20 22:48:32 — Vida extra para Jugador 1 (total: 1)

[INFO] 2026-05-20 22:48:32 — Vida extra para Jugador 1 (total: 1)

[INFO] 2026-05-20 22:48:32 — Vida extra para Jugador 1 (total: 1)

[INFO] 2026-05-20 22:48:32 — Vida extra absorbió un golpe para Jugador 1 (restantes: 0)

[INFO] 2026-05-20 22:48:32 — Vida extra para Jugador 1 (total: 1)

[INFO] 2026-05-20 22:48:32 — Vida extra para Jugador 1 (total: 1)

[INFO] 2026-05-20 22:48:32 — Vida extra absorbió un golpe para Jugador 1 (restantes: 0)
may 20, 2026 10:49:08 P. M. main.domain.Board setWall
SEVERE: Muro fuera del tablero en (-1,0)
may 20, 2026 10:49:08 P. M. main.domain.GameConfiguration validate
SEVERE: Falta SAFE_START en la configuración
may 20, 2026 10:49:08 P. M. main.domain.GameConfiguration validateNotOnWall
SEVERE: COIN colocado sobre un muro en (2,4)

[INFO] 2026-05-20 22:49:08 — Clyde absorbió un golpe con su escudo

[INFO] 2026-05-20 22:49:08 — Vida extra para Jugador 1 (total: 1)

[INFO] 2026-05-20 22:49:08 — Clyde absorbió un golpe con su escudo

[INFO] 2026-05-20 22:49:08 — Vida extra absorbió un golpe para Jugador 1 (restantes: 0)

[INFO] 2026-05-20 22:49:08 — Clyde absorbió un golpe con su escudo

[INFO] 2026-05-20 22:49:08 — Moneda skin: Jugador 1 cambió a Azul (Inky) hasta morir

[INFO] 2026-05-20 22:49:08 — Colisión jugador-jugador: ambos reiniciados a inicio
may 20, 2026 10:49:08 P. M. main.domain.HardestGame movePlayer
SEVERE: movePlayer no permitido en estado PAUSED

[INFO] 2026-05-20 22:49:08 — Checkpoint intermedio activado — monedas previas fijadas

[INFO] 2026-05-20 22:49:08 — Vida extra para Jugador 1 (total: 1)

[INFO] 2026-05-20 22:49:08 — Vida extra para Jugador 1 (total: 1)

[INFO] 2026-05-20 22:49:08 — Vida extra para Jugador 1 (total: 1)

[INFO] 2026-05-20 22:49:08 — Vida extra absorbió un golpe para Jugador 1 (restantes: 0)

[INFO] 2026-05-20 22:49:08 — Vida extra para Jugador 1 (total: 1)

[INFO] 2026-05-20 22:49:08 — Vida extra para Jugador 1 (total: 1)

[INFO] 2026-05-20 22:49:08 — Vida extra absorbió un golpe para Jugador 1 (restantes: 0)
may 20, 2026 10:49:26 P. M. main.domain.Board setWall
SEVERE: Muro fuera del tablero en (-1,0)
may 20, 2026 10:49:26 P. M. main.domain.GameConfiguration validate
SEVERE: Falta SAFE_START en la configuración
may 20, 2026 10:49:26 P. M. main.domain.GameConfiguration validateNotOnWall
SEVERE: COIN colocado sobre un muro en (2,4)

[INFO] 2026-05-20 22:49:26 — Clyde absorbió un golpe con su escudo

[INFO] 2026-05-20 22:49:26 — Vida extra para Jugador 1 (total: 1)

[INFO] 2026-05-20 22:49:26 — Clyde absorbió un golpe con su escudo

[INFO] 2026-05-20 22:49:26 — Vida extra absorbió un golpe para Jugador 1 (restantes: 0)

[INFO] 2026-05-20 22:49:26 — Clyde absorbió un golpe con su escudo

[INFO] 2026-05-20 22:49:26 — Moneda skin: Jugador 1 cambió a Azul (Inky) hasta morir

[INFO] 2026-05-20 22:49:26 — Colisión jugador-jugador: ambos reiniciados a inicio
may 20, 2026 10:49:26 P. M. main.domain.HardestGame movePlayer
SEVERE: movePlayer no permitido en estado PAUSED

[INFO] 2026-05-20 22:49:26 — Checkpoint intermedio activado — monedas previas fijadas

[INFO] 2026-05-20 22:49:26 — Vida extra para Jugador 1 (total: 1)

[INFO] 2026-05-20 22:49:26 — Vida extra para Jugador 1 (total: 1)

[INFO] 2026-05-20 22:49:26 — Vida extra para Jugador 1 (total: 1)

[INFO] 2026-05-20 22:49:26 — Vida extra absorbió un golpe para Jugador 1 (restantes: 0)

[INFO] 2026-05-20 22:49:26 — Vida extra para Jugador 1 (total: 1)

[INFO] 2026-05-20 22:49:26 — Vida extra para Jugador 1 (total: 1)

[INFO] 2026-05-20 22:49:26 — Vida extra absorbió un golpe para Jugador 1 (restantes: 0)
may 20, 2026 10:49:41 P. M. main.domain.Board setWall
SEVERE: Muro fuera del tablero en (-1,0)
may 20, 2026 10:49:42 P. M. main.domain.GameConfiguration validate
SEVERE: Falta SAFE_START en la configuración
may 20, 2026 10:49:42 P. M. main.domain.GameConfiguration validateNotOnWall
SEVERE: COIN colocado sobre un muro en (2,4)

[INFO] 2026-05-20 22:49:42 — Clyde absorbió un golpe con su escudo

[INFO] 2026-05-20 22:49:42 — Vida extra para Jugador 1 (total: 1)

[INFO] 2026-05-20 22:49:42 — Clyde absorbió un golpe con su escudo

[INFO] 2026-05-20 22:49:42 — Vida extra absorbió un golpe para Jugador 1 (restantes: 0)

[INFO] 2026-05-20 22:49:42 — Clyde absorbió un golpe con su escudo

[INFO] 2026-05-20 22:49:42 — Moneda skin: Jugador 1 cambió a Azul (Inky) hasta morir

[INFO] 2026-05-20 22:49:42 — Colisión jugador-jugador: ambos reiniciados a inicio
may 20, 2026 10:49:42 P. M. main.domain.HardestGame movePlayer
SEVERE: movePlayer no permitido en estado PAUSED

[INFO] 2026-05-20 22:49:42 — Checkpoint intermedio activado — monedas previas fijadas

[INFO] 2026-05-20 22:49:42 — Vida extra para Jugador 1 (total: 1)

[INFO] 2026-05-20 22:49:42 — Vida extra para Jugador 1 (total: 1)

[INFO] 2026-05-20 22:49:42 — Vida extra para Jugador 1 (total: 1)

[INFO] 2026-05-20 22:49:42 — Vida extra absorbió un golpe para Jugador 1 (restantes: 0)

[INFO] 2026-05-20 22:49:42 — Vida extra para Jugador 1 (total: 1)

[INFO] 2026-05-20 22:49:42 — Vida extra para Jugador 1 (total: 1)

[INFO] 2026-05-20 22:49:42 — Vida extra absorbió un golpe para Jugador 1 (restantes: 0)
may 20, 2026 11:10:46 P. M. main.domain.Board setWall
SEVERE: Muro fuera del tablero en (-1,0)
may 20, 2026 11:10:46 P. M. main.domain.GameConfiguration validate
SEVERE: Falta SAFE_START en la configuración
may 20, 2026 11:10:46 P. M. main.domain.GameConfiguration validateNotOnWall
SEVERE: COIN colocado sobre un muro en (2,4)

[INFO] 2026-05-20 23:10:46 — Clyde absorbió un golpe con su escudo

[INFO] 2026-05-20 23:10:46 — Vida extra para Jugador 1 (total: 1)

[INFO] 2026-05-20 23:10:46 — Clyde absorbió un golpe con su escudo

[INFO] 2026-05-20 23:10:46 — Vida extra absorbió un golpe para Jugador 1 (restantes: 0)

[INFO] 2026-05-20 23:10:46 — Clyde absorbió un golpe con su escudo

[INFO] 2026-05-20 23:10:46 — Moneda skin: Jugador 1 cambió a Azul (Inky) hasta morir

[INFO] 2026-05-20 23:10:46 — Colisión jugador-jugador: ambos reiniciados a inicio
may 20, 2026 11:10:46 P. M. main.domain.HardestGame movePlayer
SEVERE: movePlayer no permitido en estado PAUSED

[INFO] 2026-05-20 23:10:46 — Checkpoint intermedio activado — monedas previas fijadas

[INFO] 2026-05-20 23:10:46 — Vida extra para Jugador 1 (total: 1)

[INFO] 2026-05-20 23:10:46 — Vida extra para Jugador 1 (total: 1)

[INFO] 2026-05-20 23:10:46 — Vida extra para Jugador 1 (total: 1)

[INFO] 2026-05-20 23:10:46 — Vida extra absorbió un golpe para Jugador 1 (restantes: 0)

[INFO] 2026-05-20 23:10:46 — Vida extra para Jugador 1 (total: 1)

[INFO] 2026-05-20 23:10:46 — Vida extra para Jugador 1 (total: 1)

[INFO] 2026-05-20 23:10:46 — Vida extra absorbió un golpe para Jugador 1 (restantes: 0)
may 20, 2026 11:31:56 P. M. main.domain.Board setWall
SEVERE: Muro fuera del tablero en (-1,0)
may 20, 2026 11:31:57 P. M. main.domain.GameConfiguration validate
SEVERE: Falta SAFE_START en la configuración
may 20, 2026 11:31:57 P. M. main.domain.GameConfiguration validateNotOnWall
SEVERE: COIN colocado sobre un muro en (2,4)

[INFO] 2026-05-20 23:31:57 — Clyde absorbió un golpe con su escudo

[INFO] 2026-05-20 23:31:57 — Vida extra para Jugador 1 (total: 1)

[INFO] 2026-05-20 23:31:57 — Clyde absorbió un golpe con su escudo

[INFO] 2026-05-20 23:31:57 — Vida extra absorbió un golpe para Jugador 1 (restantes: 0)

[INFO] 2026-05-20 23:31:57 — Clyde absorbió un golpe con su escudo

[INFO] 2026-05-20 23:31:57 — Moneda skin: Jugador 1 cambió a Azul (Inky) hasta morir

[INFO] 2026-05-20 23:31:57 — Colisión jugador-jugador: ambos reiniciados a inicio
may 20, 2026 11:31:57 P. M. main.domain.HardestGame movePlayer
SEVERE: movePlayer no permitido en estado PAUSED

[INFO] 2026-05-20 23:31:57 — Checkpoint intermedio activado — monedas previas fijadas

[INFO] 2026-05-20 23:31:57 — Vida extra para Jugador 1 (total: 1)

[INFO] 2026-05-20 23:31:57 — Vida extra para Jugador 1 (total: 1)

[INFO] 2026-05-20 23:31:57 — Vida extra para Jugador 1 (total: 1)

[INFO] 2026-05-20 23:31:57 — Vida extra absorbió un golpe para Jugador 1 (restantes: 0)

[INFO] 2026-05-20 23:31:57 — Vida extra para Jugador 1 (total: 1)

[INFO] 2026-05-20 23:31:57 — Vida extra para Jugador 1 (total: 1)

[INFO] 2026-05-20 23:31:57 — Vida extra absorbió un golpe para Jugador 1 (restantes: 0)
may 20, 2026 11:32:09 P. M. main.domain.Board setWall
SEVERE: Muro fuera del tablero en (-1,0)
may 20, 2026 11:32:09 P. M. main.domain.GameConfiguration validate
SEVERE: Falta SAFE_START en la configuración
may 20, 2026 11:32:09 P. M. main.domain.GameConfiguration validateNotOnWall
SEVERE: COIN colocado sobre un muro en (2,4)

[INFO] 2026-05-20 23:32:09 — Clyde absorbió un golpe con su escudo

[INFO] 2026-05-20 23:32:09 — Vida extra para Jugador 1 (total: 1)

[INFO] 2026-05-20 23:32:09 — Clyde absorbió un golpe con su escudo

[INFO] 2026-05-20 23:32:09 — Vida extra absorbió un golpe para Jugador 1 (restantes: 0)

[INFO] 2026-05-20 23:32:09 — Clyde absorbió un golpe con su escudo

[INFO] 2026-05-20 23:32:09 — Moneda skin: Jugador 1 cambió a Azul (Inky) hasta morir

[INFO] 2026-05-20 23:32:09 — Colisión jugador-jugador: ambos reiniciados a inicio
may 20, 2026 11:32:09 P. M. main.domain.HardestGame movePlayer
SEVERE: movePlayer no permitido en estado PAUSED

[INFO] 2026-05-20 23:32:09 — Checkpoint intermedio activado — monedas previas fijadas

[INFO] 2026-05-20 23:32:09 — Vida extra para Jugador 1 (total: 1)

[INFO] 2026-05-20 23:32:09 — Vida extra para Jugador 1 (total: 1)

[INFO] 2026-05-20 23:32:09 — Vida extra para Jugador 1 (total: 1)

[INFO] 2026-05-20 23:32:09 — Vida extra absorbió un golpe para Jugador 1 (restantes: 0)

[INFO] 2026-05-20 23:32:09 — Vida extra para Jugador 1 (total: 1)

[INFO] 2026-05-20 23:32:09 — Vida extra para Jugador 1 (total: 1)

[INFO] 2026-05-20 23:32:09 — Vida extra absorbió un golpe para Jugador 1 (restantes: 0)

════════════════════════════════════════════════════════════
[ERROR] 2026-05-20 23:32:09
────────────────────────────────────────────────────────────
Mensaje    : Mock error message
Excepción  : java.lang.NullPointerException
Detalle    : Mock unexpected exception for test
StackTrace :
  at test.ExceptionsTest.testGameLoggerUnexpectedErrorLogging(ExceptionsTest.java:138)
  at java.base/jdk.internal.reflect.DirectMethodHandleAccessor.invoke(DirectMethodHandleAccessor.java:104)
  at java.base/java.lang.reflect.Method.invoke(Method.java:565)
  at org.junit.runners.model.FrameworkMethod$1.runReflectiveCall(FrameworkMethod.java:59)
  at org.junit.internal.runners.model.ReflectiveCallable.run(ReflectiveCallable.java:12)
  at org.junit.runners.model.FrameworkMethod.invokeExplosively(FrameworkMethod.java:56)
  at org.junit.internal.runners.statements.InvokeMethod.evaluate(InvokeMethod.java:17)
  at org.junit.runners.ParentRunner$3.evaluate(ParentRunner.java:306)
  at org.junit.runners.BlockJUnit4ClassRunner$1.evaluate(BlockJUnit4ClassRunner.java:100)
  at org.junit.runners.ParentRunner.runLeaf(ParentRunner.java:366)
  at org.junit.runners.BlockJUnit4ClassRunner.runChild(BlockJUnit4ClassRunner.java:103)
  at org.junit.runners.BlockJUnit4ClassRunner.runChild(BlockJUnit4ClassRunner.java:63)
  at org.junit.runners.ParentRunner$4.run(ParentRunner.java:331)
  at org.junit.runners.ParentRunner$1.schedule(ParentRunner.java:79)
  at org.junit.runners.ParentRunner.runChildren(ParentRunner.java:329)
  at org.junit.runners.ParentRunner.access$100(ParentRunner.java:66)
  at org.junit.runners.ParentRunner$2.evaluate(ParentRunner.java:293)
  at org.junit.runners.ParentRunner$3.evaluate(ParentRunner.java:306)
  at org.junit.runners.ParentRunner.run(ParentRunner.java:413)
  at org.junit.runners.Suite.runChild(Suite.java:128)
  at org.junit.runners.Suite.runChild(Suite.java:27)
  at org.junit.runners.ParentRunner$4.run(ParentRunner.java:331)
  at org.junit.runners.ParentRunner$1.schedule(ParentRunner.java:79)
  at org.junit.runners.ParentRunner.runChildren(ParentRunner.java:329)
  at org.junit.runners.ParentRunner.access$100(ParentRunner.java:66)
  at org.junit.runners.ParentRunner$2.evaluate(ParentRunner.java:293)
  at org.junit.runners.ParentRunner$3.evaluate(ParentRunner.java:306)
  at org.junit.runners.ParentRunner.run(ParentRunner.java:413)
  at org.junit.runner.JUnitCore.run(JUnitCore.java:137)
  at org.junit.runner.JUnitCore.run(JUnitCore.java:115)
  at org.junit.runner.JUnitCore.runMain(JUnitCore.java:77)
  at org.junit.runner.JUnitCore.main(JUnitCore.java:36)
════════════════════════════════════════════════════════════
may 20, 2026 11:33:50 P. M. main.domain.Board setWall
SEVERE: Muro fuera del tablero en (-1,0)

════════════════════════════════════════════════════════════
[ERROR] 2026-05-20 23:33:50
────────────────────────────────────────────────────────────
Mensaje    : Mock error message
Excepción  : java.lang.NullPointerException
Detalle    : Mock unexpected exception for test
StackTrace :
  at test.ExceptionsTest.testGameLoggerUnexpectedErrorLogging(ExceptionsTest.java:138)
  at java.base/jdk.internal.reflect.DirectMethodHandleAccessor.invoke(DirectMethodHandleAccessor.java:104)
  at java.base/java.lang.reflect.Method.invoke(Method.java:565)
  at org.junit.runners.model.FrameworkMethod$1.runReflectiveCall(FrameworkMethod.java:59)
  at org.junit.internal.runners.model.ReflectiveCallable.run(ReflectiveCallable.java:12)
  at org.junit.runners.model.FrameworkMethod.invokeExplosively(FrameworkMethod.java:56)
  at org.junit.internal.runners.statements.InvokeMethod.evaluate(InvokeMethod.java:17)
  at org.junit.runners.ParentRunner$3.evaluate(ParentRunner.java:306)
  at org.junit.runners.BlockJUnit4ClassRunner$1.evaluate(BlockJUnit4ClassRunner.java:100)
  at org.junit.runners.ParentRunner.runLeaf(ParentRunner.java:366)
  at org.junit.runners.BlockJUnit4ClassRunner.runChild(BlockJUnit4ClassRunner.java:103)
  at org.junit.runners.BlockJUnit4ClassRunner.runChild(BlockJUnit4ClassRunner.java:63)
  at org.junit.runners.ParentRunner$4.run(ParentRunner.java:331)
  at org.junit.runners.ParentRunner$1.schedule(ParentRunner.java:79)
  at org.junit.runners.ParentRunner.runChildren(ParentRunner.java:329)
  at org.junit.runners.ParentRunner.access$100(ParentRunner.java:66)
  at org.junit.runners.ParentRunner$2.evaluate(ParentRunner.java:293)
  at org.junit.runners.ParentRunner$3.evaluate(ParentRunner.java:306)
  at org.junit.runners.ParentRunner.run(ParentRunner.java:413)
  at org.junit.runners.Suite.runChild(Suite.java:128)
  at org.junit.runners.Suite.runChild(Suite.java:27)
  at org.junit.runners.ParentRunner$4.run(ParentRunner.java:331)
  at org.junit.runners.ParentRunner$1.schedule(ParentRunner.java:79)
  at org.junit.runners.ParentRunner.runChildren(ParentRunner.java:329)
  at org.junit.runners.ParentRunner.access$100(ParentRunner.java:66)
  at org.junit.runners.ParentRunner$2.evaluate(ParentRunner.java:293)
  at org.junit.runners.ParentRunner$3.evaluate(ParentRunner.java:306)
  at org.junit.runners.ParentRunner.run(ParentRunner.java:413)
  at org.junit.runner.JUnitCore.run(JUnitCore.java:137)
  at com.intellij.junit4.JUnit4IdeaTestRunner.startRunnerWithArgs(JUnit4IdeaTestRunner.java:69)
  at com.intellij.rt.junit.IdeaTestRunner$Repeater$1.execute(IdeaTestRunner.java:38)
  at com.intellij.rt.execution.junit.TestsRepeater.repeat(TestsRepeater.java:11)
  at com.intellij.rt.junit.IdeaTestRunner$Repeater.startRunnerWithArgs(IdeaTestRunner.java:35)
  at com.intellij.rt.junit.JUnitStarter.prepareStreamsAndStart(JUnitStarter.java:231)
  at com.intellij.rt.junit.JUnitStarter.main(JUnitStarter.java:55)
════════════════════════════════════════════════════════════
may 20, 2026 11:33:50 P. M. main.domain.GameConfiguration validate
SEVERE: Falta SAFE_START en la configuración
may 20, 2026 11:33:50 P. M. main.domain.GameConfiguration validateNotOnWall
SEVERE: COIN colocado sobre un muro en (2,4)

[INFO] 2026-05-20 23:33:50 — Clyde absorbió un golpe con su escudo

[INFO] 2026-05-20 23:33:50 — Vida extra para Jugador 1 (total: 1)

[INFO] 2026-05-20 23:33:50 — Clyde absorbió un golpe con su escudo

[INFO] 2026-05-20 23:33:50 — Vida extra absorbió un golpe para Jugador 1 (restantes: 0)

[INFO] 2026-05-20 23:33:50 — Clyde absorbió un golpe con su escudo

[INFO] 2026-05-20 23:33:50 — Moneda skin: Jugador 1 cambió a Azul (Inky) hasta morir

[INFO] 2026-05-20 23:33:50 — Colisión jugador-jugador: ambos reiniciados a inicio
may 20, 2026 11:33:50 P. M. main.domain.HardestGame movePlayer
SEVERE: movePlayer no permitido en estado PAUSED

[INFO] 2026-05-20 23:33:50 — Checkpoint intermedio activado — monedas previas fijadas

[INFO] 2026-05-20 23:33:50 — Vida extra para Jugador 1 (total: 1)

[INFO] 2026-05-20 23:33:50 — Vida extra para Jugador 1 (total: 1)

[INFO] 2026-05-20 23:33:50 — Vida extra para Jugador 1 (total: 1)

[INFO] 2026-05-20 23:33:50 — Vida extra absorbió un golpe para Jugador 1 (restantes: 0)

[INFO] 2026-05-20 23:33:50 — Vida extra para Jugador 1 (total: 1)

[INFO] 2026-05-20 23:33:50 — Vida extra para Jugador 1 (total: 1)

[INFO] 2026-05-20 23:33:50 — Vida extra absorbió un golpe para Jugador 1 (restantes: 0)

[INFO] 2026-05-20 23:34:18 — Moneda skin: Jugador 1 cambió a Azul (Inky) hasta morir

[INFO] 2026-05-20 23:34:19 — Moneda skin: Jugador 1 cambió a Rojo (Blinky) hasta morir

════════════════════════════════════════════════════════════
[ERROR] 2026-05-20 23:37:43
────────────────────────────────────────────────────────────
Mensaje    : Crash/Error no controlado en hilo: AWT-EventQueue-0
Excepción  : java.lang.NullPointerException
Detalle    : Crash simulado de prueba
StackTrace :
  at main.presentation.GameGUI$1.keyPressed(GameGUI.java:214)
  at java.desktop/java.awt.Component.processKeyEvent(Component.java:6534)
  at java.desktop/java.awt.Component.processEvent(Component.java:6353)
  at java.desktop/java.awt.Container.processEvent(Container.java:2260)
  at java.desktop/java.awt.Window.processEvent(Window.java:1966)
  at java.desktop/java.awt.Component.dispatchEventImpl(Component.java:4958)
  at java.desktop/java.awt.Container.dispatchEventImpl(Container.java:2318)
  at java.desktop/java.awt.Window.dispatchEventImpl(Window.java:2671)
  at java.desktop/java.awt.Component.dispatchEvent(Component.java:4790)
  at java.desktop/java.awt.KeyboardFocusManager.redispatchEvent(KeyboardFocusManager.java:1829)
  at java.desktop/java.awt.DefaultKeyboardFocusManager.dispatchKeyEvent(DefaultKeyboardFocusManager.java:874)
  at java.desktop/java.awt.DefaultKeyboardFocusManager.preDispatchKeyEvent(DefaultKeyboardFocusManager.java:1136)
  at java.desktop/java.awt.DefaultKeyboardFocusManager.typeAheadAssertions(DefaultKeyboardFocusManager.java:1011)
  at java.desktop/java.awt.DefaultKeyboardFocusManager.dispatchEvent(DefaultKeyboardFocusManager.java:839)
  at java.desktop/java.awt.Component.dispatchEventImpl(Component.java:4839)
  at java.desktop/java.awt.Container.dispatchEventImpl(Container.java:2318)
  at java.desktop/java.awt.Window.dispatchEventImpl(Window.java:2671)
  at java.desktop/java.awt.Component.dispatchEvent(Component.java:4790)
  at java.desktop/java.awt.EventQueue.dispatchEventImpl(EventQueue.java:725)
  at java.desktop/java.awt.EventQueue.dispatchEvent(EventQueue.java:702)
  at java.desktop/java.awt.EventDispatchThread.pumpOneEventForFilters(EventDispatchThread.java:203)
  at java.desktop/java.awt.EventDispatchThread.pumpEventsForFilter(EventDispatchThread.java:124)
  at java.desktop/java.awt.EventDispatchThread.pumpEventsForHierarchy(EventDispatchThread.java:113)
  at java.desktop/java.awt.EventDispatchThread.pumpEvents(EventDispatchThread.java:109)
  at java.desktop/java.awt.EventDispatchThread.pumpEvents(EventDispatchThread.java:101)
  at java.desktop/java.awt.EventDispatchThread.run(EventDispatchThread.java:90)
════════════════════════════════════════════════════════════

════════════════════════════════════════════════════════════
[ERROR] 2026-05-20 23:38:37
────────────────────────────────────────────────────────────
Mensaje    : Crash/Error no controlado en hilo: AWT-EventQueue-0
Excepción  : java.lang.NullPointerException
Detalle    : Crash simulado de prueba
StackTrace :
  at main.presentation.GameGUI$1.keyPressed(GameGUI.java:214)
  at java.desktop/java.awt.Component.processKeyEvent(Component.java:6534)
  at java.desktop/java.awt.Component.processEvent(Component.java:6353)
  at java.desktop/java.awt.Container.processEvent(Container.java:2260)
  at java.desktop/java.awt.Window.processEvent(Window.java:1966)
  at java.desktop/java.awt.Component.dispatchEventImpl(Component.java:4958)
  at java.desktop/java.awt.Container.dispatchEventImpl(Container.java:2318)
  at java.desktop/java.awt.Window.dispatchEventImpl(Window.java:2671)
  at java.desktop/java.awt.Component.dispatchEvent(Component.java:4790)
  at java.desktop/java.awt.KeyboardFocusManager.redispatchEvent(KeyboardFocusManager.java:1829)
  at java.desktop/java.awt.DefaultKeyboardFocusManager.dispatchKeyEvent(DefaultKeyboardFocusManager.java:874)
  at java.desktop/java.awt.DefaultKeyboardFocusManager.preDispatchKeyEvent(DefaultKeyboardFocusManager.java:1136)
  at java.desktop/java.awt.DefaultKeyboardFocusManager.typeAheadAssertions(DefaultKeyboardFocusManager.java:1011)
  at java.desktop/java.awt.DefaultKeyboardFocusManager.dispatchEvent(DefaultKeyboardFocusManager.java:839)
  at java.desktop/java.awt.Component.dispatchEventImpl(Component.java:4839)
  at java.desktop/java.awt.Container.dispatchEventImpl(Container.java:2318)
  at java.desktop/java.awt.Window.dispatchEventImpl(Window.java:2671)
  at java.desktop/java.awt.Component.dispatchEvent(Component.java:4790)
  at java.desktop/java.awt.EventQueue.dispatchEventImpl(EventQueue.java:725)
  at java.desktop/java.awt.EventQueue.dispatchEvent(EventQueue.java:702)
  at java.desktop/java.awt.EventDispatchThread.pumpOneEventForFilters(EventDispatchThread.java:203)
  at java.desktop/java.awt.EventDispatchThread.pumpEventsForFilter(EventDispatchThread.java:124)
  at java.desktop/java.awt.EventDispatchThread.pumpEventsForHierarchy(EventDispatchThread.java:113)
  at java.desktop/java.awt.EventDispatchThread.pumpEvents(EventDispatchThread.java:109)
  at java.desktop/java.awt.EventDispatchThread.pumpEvents(EventDispatchThread.java:101)
  at java.desktop/java.awt.EventDispatchThread.run(EventDispatchThread.java:90)
════════════════════════════════════════════════════════════

════════════════════════════════════════════════════════════
[ERROR] 2026-05-20 23:38:42
────────────────────────────────────────────────────────────
Mensaje    : Crash/Error no controlado en hilo: AWT-EventQueue-0
Excepción  : java.lang.NullPointerException
Detalle    : Crash simulado de prueba
StackTrace :
  at main.presentation.GameGUI$1.keyPressed(GameGUI.java:214)
  at java.desktop/java.awt.Component.processKeyEvent(Component.java:6534)
  at java.desktop/java.awt.Component.processEvent(Component.java:6353)
  at java.desktop/java.awt.Container.processEvent(Container.java:2260)
  at java.desktop/java.awt.Window.processEvent(Window.java:1966)
  at java.desktop/java.awt.Component.dispatchEventImpl(Component.java:4958)
  at java.desktop/java.awt.Container.dispatchEventImpl(Container.java:2318)
  at java.desktop/java.awt.Window.dispatchEventImpl(Window.java:2671)
  at java.desktop/java.awt.Component.dispatchEvent(Component.java:4790)
  at java.desktop/java.awt.KeyboardFocusManager.redispatchEvent(KeyboardFocusManager.java:1829)
  at java.desktop/java.awt.DefaultKeyboardFocusManager.dispatchKeyEvent(DefaultKeyboardFocusManager.java:874)
  at java.desktop/java.awt.DefaultKeyboardFocusManager.preDispatchKeyEvent(DefaultKeyboardFocusManager.java:1136)
  at java.desktop/java.awt.DefaultKeyboardFocusManager.typeAheadAssertions(DefaultKeyboardFocusManager.java:1011)
  at java.desktop/java.awt.DefaultKeyboardFocusManager.dispatchEvent(DefaultKeyboardFocusManager.java:839)
  at java.desktop/java.awt.Component.dispatchEventImpl(Component.java:4839)
  at java.desktop/java.awt.Container.dispatchEventImpl(Container.java:2318)
  at java.desktop/java.awt.Window.dispatchEventImpl(Window.java:2671)
  at java.desktop/java.awt.Component.dispatchEvent(Component.java:4790)
  at java.desktop/java.awt.EventQueue.dispatchEventImpl(EventQueue.java:725)
  at java.desktop/java.awt.EventQueue.dispatchEvent(EventQueue.java:702)
  at java.desktop/java.awt.EventDispatchThread.pumpOneEventForFilters(EventDispatchThread.java:203)
  at java.desktop/java.awt.EventDispatchThread.pumpEventsForFilter(EventDispatchThread.java:124)
  at java.desktop/java.awt.EventDispatchThread.pumpEventsForHierarchy(EventDispatchThread.java:113)
  at java.desktop/java.awt.EventDispatchThread.pumpEvents(EventDispatchThread.java:109)
  at java.desktop/java.awt.EventDispatchThread.pumpEvents(EventDispatchThread.java:101)
  at java.desktop/java.awt.EventDispatchThread.run(EventDispatchThread.java:90)
════════════════════════════════════════════════════════════
may 20, 2026 11:49:24 P. M. main.domain.Board setWall
SEVERE: Muro fuera del tablero en (-1,0)

════════════════════════════════════════════════════════════
[ERROR] 2026-05-20 23:49:24
────────────────────────────────────────────────────────────
Mensaje    : Mock error message
Excepción  : java.lang.NullPointerException
Detalle    : Mock unexpected exception for test
StackTrace :
  at test.ExceptionsTest.testGameLoggerUnexpectedErrorLogging(ExceptionsTest.java:138)
  at java.base/jdk.internal.reflect.DirectMethodHandleAccessor.invoke(DirectMethodHandleAccessor.java:104)
  at java.base/java.lang.reflect.Method.invoke(Method.java:565)
  at org.junit.runners.model.FrameworkMethod$1.runReflectiveCall(FrameworkMethod.java:59)
  at org.junit.internal.runners.model.ReflectiveCallable.run(ReflectiveCallable.java:12)
  at org.junit.runners.model.FrameworkMethod.invokeExplosively(FrameworkMethod.java:56)
  at org.junit.internal.runners.statements.InvokeMethod.evaluate(InvokeMethod.java:17)
  at org.junit.runners.ParentRunner$3.evaluate(ParentRunner.java:306)
  at org.junit.runners.BlockJUnit4ClassRunner$1.evaluate(BlockJUnit4ClassRunner.java:100)
  at org.junit.runners.ParentRunner.runLeaf(ParentRunner.java:366)
  at org.junit.runners.BlockJUnit4ClassRunner.runChild(BlockJUnit4ClassRunner.java:103)
  at org.junit.runners.BlockJUnit4ClassRunner.runChild(BlockJUnit4ClassRunner.java:63)
  at org.junit.runners.ParentRunner$4.run(ParentRunner.java:331)
  at org.junit.runners.ParentRunner$1.schedule(ParentRunner.java:79)
  at org.junit.runners.ParentRunner.runChildren(ParentRunner.java:329)
  at org.junit.runners.ParentRunner.access$100(ParentRunner.java:66)
  at org.junit.runners.ParentRunner$2.evaluate(ParentRunner.java:293)
  at org.junit.runners.ParentRunner$3.evaluate(ParentRunner.java:306)
  at org.junit.runners.ParentRunner.run(ParentRunner.java:413)
  at org.junit.runners.Suite.runChild(Suite.java:128)
  at org.junit.runners.Suite.runChild(Suite.java:27)
  at org.junit.runners.ParentRunner$4.run(ParentRunner.java:331)
  at org.junit.runners.ParentRunner$1.schedule(ParentRunner.java:79)
  at org.junit.runners.ParentRunner.runChildren(ParentRunner.java:329)
  at org.junit.runners.ParentRunner.access$100(ParentRunner.java:66)
  at org.junit.runners.ParentRunner$2.evaluate(ParentRunner.java:293)
  at org.junit.runners.ParentRunner$3.evaluate(ParentRunner.java:306)
  at org.junit.runners.ParentRunner.run(ParentRunner.java:413)
  at org.junit.runner.JUnitCore.run(JUnitCore.java:137)
  at com.intellij.junit4.JUnit4IdeaTestRunner.startRunnerWithArgs(JUnit4IdeaTestRunner.java:69)
  at com.intellij.rt.junit.IdeaTestRunner$Repeater$1.execute(IdeaTestRunner.java:38)
  at com.intellij.rt.execution.junit.TestsRepeater.repeat(TestsRepeater.java:11)
  at com.intellij.rt.junit.IdeaTestRunner$Repeater.startRunnerWithArgs(IdeaTestRunner.java:35)
  at com.intellij.rt.junit.JUnitStarter.prepareStreamsAndStart(JUnitStarter.java:231)
  at com.intellij.rt.junit.JUnitStarter.main(JUnitStarter.java:55)
════════════════════════════════════════════════════════════
may 20, 2026 11:49:25 P. M. main.domain.GameConfiguration validate
SEVERE: Falta SAFE_START en la configuración
may 20, 2026 11:49:25 P. M. main.domain.GameConfiguration validateNotOnWall
SEVERE: COIN colocado sobre un muro en (2,4)

[INFO] 2026-05-20 23:49:25 — Clyde absorbió un golpe con su escudo

[INFO] 2026-05-20 23:49:25 — Vida extra para Jugador 1 (total: 1)

[INFO] 2026-05-20 23:49:25 — Clyde absorbió un golpe con su escudo

[INFO] 2026-05-20 23:49:25 — Vida extra absorbió un golpe para Jugador 1 (restantes: 0)

[INFO] 2026-05-20 23:49:25 — Clyde absorbió un golpe con su escudo

[INFO] 2026-05-20 23:49:25 — Moneda skin: Jugador 1 cambió a Azul (Inky) hasta morir

[INFO] 2026-05-20 23:49:25 — Colisión jugador-jugador: ambos reiniciados a inicio
may 20, 2026 11:49:25 P. M. main.domain.HardestGame movePlayer
SEVERE: movePlayer no permitido en estado PAUSED

[INFO] 2026-05-20 23:49:25 — Checkpoint intermedio activado — monedas previas fijadas

[INFO] 2026-05-20 23:49:25 — Vida extra para Jugador 1 (total: 1)

[INFO] 2026-05-20 23:49:25 — Vida extra para Jugador 1 (total: 1)

[INFO] 2026-05-20 23:49:25 — Vida extra para Jugador 1 (total: 1)

[INFO] 2026-05-20 23:49:25 — Vida extra absorbió un golpe para Jugador 1 (restantes: 0)

[INFO] 2026-05-20 23:49:25 — Vida extra para Jugador 1 (total: 1)

[INFO] 2026-05-20 23:49:25 — Vida extra para Jugador 1 (total: 1)

[INFO] 2026-05-20 23:49:25 — Vida extra absorbió un golpe para Jugador 1 (restantes: 0)
may 21, 2026 12:15:03 A. M. main.domain.Board setWall
SEVERE: Muro fuera del tablero en (-1,0)

════════════════════════════════════════════════════════════
[ERROR] 2026-05-21 00:15:04
────────────────────────────────────────────────────────────
Mensaje    : Mock error message
Excepción  : java.lang.NullPointerException
Detalle    : Mock unexpected exception for test
StackTrace :
  at test.ExceptionsTest.testGameLoggerUnexpectedErrorLogging(ExceptionsTest.java:138)
  at java.base/jdk.internal.reflect.DirectMethodHandleAccessor.invoke(DirectMethodHandleAccessor.java:104)
  at java.base/java.lang.reflect.Method.invoke(Method.java:565)
  at org.junit.runners.model.FrameworkMethod$1.runReflectiveCall(FrameworkMethod.java:59)
  at org.junit.internal.runners.model.ReflectiveCallable.run(ReflectiveCallable.java:12)
  at org.junit.runners.model.FrameworkMethod.invokeExplosively(FrameworkMethod.java:56)
  at org.junit.internal.runners.statements.InvokeMethod.evaluate(InvokeMethod.java:17)
  at org.junit.runners.ParentRunner$3.evaluate(ParentRunner.java:306)
  at org.junit.runners.BlockJUnit4ClassRunner$1.evaluate(BlockJUnit4ClassRunner.java:100)
  at org.junit.runners.ParentRunner.runLeaf(ParentRunner.java:366)
  at org.junit.runners.BlockJUnit4ClassRunner.runChild(BlockJUnit4ClassRunner.java:103)
  at org.junit.runners.BlockJUnit4ClassRunner.runChild(BlockJUnit4ClassRunner.java:63)
  at org.junit.runners.ParentRunner$4.run(ParentRunner.java:331)
  at org.junit.runners.ParentRunner$1.schedule(ParentRunner.java:79)
  at org.junit.runners.ParentRunner.runChildren(ParentRunner.java:329)
  at org.junit.runners.ParentRunner.access$100(ParentRunner.java:66)
  at org.junit.runners.ParentRunner$2.evaluate(ParentRunner.java:293)
  at org.junit.runners.ParentRunner$3.evaluate(ParentRunner.java:306)
  at org.junit.runners.ParentRunner.run(ParentRunner.java:413)
  at org.junit.runners.Suite.runChild(Suite.java:128)
  at org.junit.runners.Suite.runChild(Suite.java:27)
  at org.junit.runners.ParentRunner$4.run(ParentRunner.java:331)
  at org.junit.runners.ParentRunner$1.schedule(ParentRunner.java:79)
  at org.junit.runners.ParentRunner.runChildren(ParentRunner.java:329)
  at org.junit.runners.ParentRunner.access$100(ParentRunner.java:66)
  at org.junit.runners.ParentRunner$2.evaluate(ParentRunner.java:293)
  at org.junit.runners.ParentRunner$3.evaluate(ParentRunner.java:306)
  at org.junit.runners.ParentRunner.run(ParentRunner.java:413)
  at org.junit.runner.JUnitCore.run(JUnitCore.java:137)
  at com.intellij.junit4.JUnit4IdeaTestRunner.startRunnerWithArgs(JUnit4IdeaTestRunner.java:69)
  at com.intellij.rt.junit.IdeaTestRunner$Repeater$1.execute(IdeaTestRunner.java:38)
  at com.intellij.rt.execution.junit.TestsRepeater.repeat(TestsRepeater.java:11)
  at com.intellij.rt.junit.IdeaTestRunner$Repeater.startRunnerWithArgs(IdeaTestRunner.java:35)
  at com.intellij.rt.junit.JUnitStarter.prepareStreamsAndStart(JUnitStarter.java:231)
  at com.intellij.rt.junit.JUnitStarter.main(JUnitStarter.java:55)
════════════════════════════════════════════════════════════
may 21, 2026 12:15:04 A. M. main.domain.GameConfiguration validate
SEVERE: Falta SAFE_START en la configuración
may 21, 2026 12:15:04 A. M. main.domain.GameConfiguration validateNotOnWall
SEVERE: COIN colocado sobre un muro en (2,4)

[INFO] 2026-05-21 00:15:04 — Clyde absorbió un golpe con su escudo

[INFO] 2026-05-21 00:15:04 — Vida extra para Jugador 1 (total: 1)

[INFO] 2026-05-21 00:15:04 — Clyde absorbió un golpe con su escudo

[INFO] 2026-05-21 00:15:04 — Vida extra absorbió un golpe para Jugador 1 (restantes: 0)

[INFO] 2026-05-21 00:15:04 — Clyde absorbió un golpe con su escudo

[INFO] 2026-05-21 00:15:04 — Moneda skin: Jugador 1 cambió a Azul (Inky) hasta morir

[INFO] 2026-05-21 00:15:04 — Colisión jugador-jugador: ambos reiniciados a inicio
may 21, 2026 12:15:04 A. M. main.domain.HardestGame movePlayer
SEVERE: movePlayer no permitido en estado PAUSED

[INFO] 2026-05-21 00:15:04 — Checkpoint intermedio activado — monedas previas fijadas

[INFO] 2026-05-21 00:15:04 — Vida extra para Jugador 1 (total: 1)

[INFO] 2026-05-21 00:15:04 — Vida extra para Jugador 1 (total: 1)

[INFO] 2026-05-21 00:15:04 — Vida extra para Jugador 1 (total: 1)

[INFO] 2026-05-21 00:15:04 — Vida extra absorbió un golpe para Jugador 1 (restantes: 0)

[INFO] 2026-05-21 00:15:04 — Vida extra para Jugador 1 (total: 1)

[INFO] 2026-05-21 00:15:04 — Vida extra para Jugador 1 (total: 1)

[INFO] 2026-05-21 00:15:04 — Vida extra absorbió un golpe para Jugador 1 (restantes: 0)
may 21, 2026 12:15:09 A. M. main.domain.Board setWall
SEVERE: Muro fuera del tablero en (-1,0)

════════════════════════════════════════════════════════════
[ERROR] 2026-05-21 00:15:09
────────────────────────────────────────────────────────────
Mensaje    : Mock error message
Excepción  : java.lang.NullPointerException
Detalle    : Mock unexpected exception for test
StackTrace :
  at test.ExceptionsTest.testGameLoggerUnexpectedErrorLogging(ExceptionsTest.java:138)
  at java.base/jdk.internal.reflect.DirectMethodHandleAccessor.invoke(DirectMethodHandleAccessor.java:104)
  at java.base/java.lang.reflect.Method.invoke(Method.java:565)
  at org.junit.runners.model.FrameworkMethod$1.runReflectiveCall(FrameworkMethod.java:59)
  at org.junit.internal.runners.model.ReflectiveCallable.run(ReflectiveCallable.java:12)
  at org.junit.runners.model.FrameworkMethod.invokeExplosively(FrameworkMethod.java:56)
  at org.junit.internal.runners.statements.InvokeMethod.evaluate(InvokeMethod.java:17)
  at org.junit.runners.ParentRunner$3.evaluate(ParentRunner.java:306)
  at org.junit.runners.BlockJUnit4ClassRunner$1.evaluate(BlockJUnit4ClassRunner.java:100)
  at org.junit.runners.ParentRunner.runLeaf(ParentRunner.java:366)
  at org.junit.runners.BlockJUnit4ClassRunner.runChild(BlockJUnit4ClassRunner.java:103)
  at org.junit.runners.BlockJUnit4ClassRunner.runChild(BlockJUnit4ClassRunner.java:63)
  at org.junit.runners.ParentRunner$4.run(ParentRunner.java:331)
  at org.junit.runners.ParentRunner$1.schedule(ParentRunner.java:79)
  at org.junit.runners.ParentRunner.runChildren(ParentRunner.java:329)
  at org.junit.runners.ParentRunner.access$100(ParentRunner.java:66)
  at org.junit.runners.ParentRunner$2.evaluate(ParentRunner.java:293)
  at org.junit.runners.ParentRunner$3.evaluate(ParentRunner.java:306)
  at org.junit.runners.ParentRunner.run(ParentRunner.java:413)
  at org.junit.runners.Suite.runChild(Suite.java:128)
  at org.junit.runners.Suite.runChild(Suite.java:27)
  at org.junit.runners.ParentRunner$4.run(ParentRunner.java:331)
  at org.junit.runners.ParentRunner$1.schedule(ParentRunner.java:79)
  at org.junit.runners.ParentRunner.runChildren(ParentRunner.java:329)
  at org.junit.runners.ParentRunner.access$100(ParentRunner.java:66)
  at org.junit.runners.ParentRunner$2.evaluate(ParentRunner.java:293)
  at org.junit.runners.ParentRunner$3.evaluate(ParentRunner.java:306)
  at org.junit.runners.ParentRunner.run(ParentRunner.java:413)
  at org.junit.runner.JUnitCore.run(JUnitCore.java:137)
  at com.intellij.junit4.JUnit4IdeaTestRunner.startRunnerWithArgs(JUnit4IdeaTestRunner.java:69)
  at com.intellij.rt.junit.IdeaTestRunner$Repeater$1.execute(IdeaTestRunner.java:38)
  at com.intellij.rt.execution.junit.TestsRepeater.repeat(TestsRepeater.java:11)
  at com.intellij.rt.junit.IdeaTestRunner$Repeater.startRunnerWithArgs(IdeaTestRunner.java:35)
  at com.intellij.rt.junit.JUnitStarter.prepareStreamsAndStart(JUnitStarter.java:231)
  at com.intellij.rt.junit.JUnitStarter.main(JUnitStarter.java:55)
════════════════════════════════════════════════════════════
may 21, 2026 12:15:09 A. M. main.domain.GameConfiguration validate
SEVERE: Falta SAFE_START en la configuración
may 21, 2026 12:15:09 A. M. main.domain.GameConfiguration validateNotOnWall
SEVERE: COIN colocado sobre un muro en (2,4)

[INFO] 2026-05-21 00:15:09 — Clyde absorbió un golpe con su escudo

[INFO] 2026-05-21 00:15:09 — Vida extra para Jugador 1 (total: 1)

[INFO] 2026-05-21 00:15:09 — Clyde absorbió un golpe con su escudo

[INFO] 2026-05-21 00:15:09 — Vida extra absorbió un golpe para Jugador 1 (restantes: 0)

[INFO] 2026-05-21 00:15:09 — Clyde absorbió un golpe con su escudo

[INFO] 2026-05-21 00:15:09 — Moneda skin: Jugador 1 cambió a Azul (Inky) hasta morir

[INFO] 2026-05-21 00:15:09 — Colisión jugador-jugador: ambos reiniciados a inicio
may 21, 2026 12:15:09 A. M. main.domain.HardestGame movePlayer
SEVERE: movePlayer no permitido en estado PAUSED

[INFO] 2026-05-21 00:15:09 — Checkpoint intermedio activado — monedas previas fijadas

[INFO] 2026-05-21 00:15:09 — Vida extra para Jugador 1 (total: 1)

[INFO] 2026-05-21 00:15:09 — Vida extra para Jugador 1 (total: 1)

[INFO] 2026-05-21 00:15:09 — Vida extra para Jugador 1 (total: 1)

[INFO] 2026-05-21 00:15:09 — Vida extra absorbió un golpe para Jugador 1 (restantes: 0)

[INFO] 2026-05-21 00:15:09 — Vida extra para Jugador 1 (total: 1)

[INFO] 2026-05-21 00:15:09 — Vida extra para Jugador 1 (total: 1)

[INFO] 2026-05-21 00:15:09 — Vida extra absorbió un golpe para Jugador 1 (restantes: 0)
may 21, 2026 12:20:54 A. M. main.domain.Board setWall
SEVERE: Muro fuera del tablero en (-1,0)

════════════════════════════════════════════════════════════
[ERROR] 2026-05-21 00:20:54
────────────────────────────────────────────────────────────
Mensaje    : Mock error message
Excepción  : java.lang.NullPointerException
Detalle    : Mock unexpected exception for test
StackTrace :
  at test.ExceptionsTest.testGameLoggerUnexpectedErrorLogging(ExceptionsTest.java:138)
  at java.base/jdk.internal.reflect.DirectMethodHandleAccessor.invoke(DirectMethodHandleAccessor.java:104)
  at java.base/java.lang.reflect.Method.invoke(Method.java:565)
  at org.junit.runners.model.FrameworkMethod$1.runReflectiveCall(FrameworkMethod.java:59)
  at org.junit.internal.runners.model.ReflectiveCallable.run(ReflectiveCallable.java:12)
  at org.junit.runners.model.FrameworkMethod.invokeExplosively(FrameworkMethod.java:56)
  at org.junit.internal.runners.statements.InvokeMethod.evaluate(InvokeMethod.java:17)
  at org.junit.runners.ParentRunner$3.evaluate(ParentRunner.java:306)
  at org.junit.runners.BlockJUnit4ClassRunner$1.evaluate(BlockJUnit4ClassRunner.java:100)
  at org.junit.runners.ParentRunner.runLeaf(ParentRunner.java:366)
  at org.junit.runners.BlockJUnit4ClassRunner.runChild(BlockJUnit4ClassRunner.java:103)
  at org.junit.runners.BlockJUnit4ClassRunner.runChild(BlockJUnit4ClassRunner.java:63)
  at org.junit.runners.ParentRunner$4.run(ParentRunner.java:331)
  at org.junit.runners.ParentRunner$1.schedule(ParentRunner.java:79)
  at org.junit.runners.ParentRunner.runChildren(ParentRunner.java:329)
  at org.junit.runners.ParentRunner.access$100(ParentRunner.java:66)
  at org.junit.runners.ParentRunner$2.evaluate(ParentRunner.java:293)
  at org.junit.runners.ParentRunner$3.evaluate(ParentRunner.java:306)
  at org.junit.runners.ParentRunner.run(ParentRunner.java:413)
  at org.junit.runners.Suite.runChild(Suite.java:128)
  at org.junit.runners.Suite.runChild(Suite.java:27)
  at org.junit.runners.ParentRunner$4.run(ParentRunner.java:331)
  at org.junit.runners.ParentRunner$1.schedule(ParentRunner.java:79)
  at org.junit.runners.ParentRunner.runChildren(ParentRunner.java:329)
  at org.junit.runners.ParentRunner.access$100(ParentRunner.java:66)
  at org.junit.runners.ParentRunner$2.evaluate(ParentRunner.java:293)
  at org.junit.runners.ParentRunner$3.evaluate(ParentRunner.java:306)
  at org.junit.runners.ParentRunner.run(ParentRunner.java:413)
  at org.junit.runner.JUnitCore.run(JUnitCore.java:137)
  at org.junit.runner.JUnitCore.run(JUnitCore.java:115)
  at org.junit.runner.JUnitCore.runMain(JUnitCore.java:77)
  at org.junit.runner.JUnitCore.main(JUnitCore.java:36)
════════════════════════════════════════════════════════════
may 21, 2026 12:20:55 A. M. main.domain.GameConfiguration validate
SEVERE: Falta SAFE_START en la configuración
may 21, 2026 12:20:55 A. M. main.domain.GameConfiguration validateNotOnWall
SEVERE: COIN colocado sobre un muro en (2,4)

[INFO] 2026-05-21 00:20:55 — Clyde absorbió un golpe con su escudo

[INFO] 2026-05-21 00:20:55 — Vida extra para Jugador 1 (total: 1)

[INFO] 2026-05-21 00:20:55 — Clyde absorbió un golpe con su escudo

[INFO] 2026-05-21 00:20:55 — Vida extra absorbió un golpe para Jugador 1 (restantes: 0)

[INFO] 2026-05-21 00:20:55 — Clyde absorbió un golpe con su escudo

[INFO] 2026-05-21 00:20:55 — Moneda skin: Jugador 1 cambió a Azul (Inky) hasta morir

[INFO] 2026-05-21 00:20:55 — Colisión jugador-jugador: ambos reiniciados a inicio
may 21, 2026 12:20:55 A. M. main.domain.HardestGame movePlayer
SEVERE: movePlayer no permitido en estado PAUSED

[INFO] 2026-05-21 00:20:55 — Checkpoint intermedio activado — monedas previas fijadas

[INFO] 2026-05-21 00:20:55 — Vida extra para Jugador 1 (total: 1)

[INFO] 2026-05-21 00:20:55 — Vida extra para Jugador 1 (total: 1)

[INFO] 2026-05-21 00:20:55 — Vida extra para Jugador 1 (total: 1)

[INFO] 2026-05-21 00:20:55 — Vida extra absorbió un golpe para Jugador 1 (restantes: 0)

[INFO] 2026-05-21 00:20:55 — Vida extra para Jugador 1 (total: 1)

[INFO] 2026-05-21 00:20:55 — Vida extra para Jugador 1 (total: 1)

[INFO] 2026-05-21 00:20:55 — Vida extra absorbió un golpe para Jugador 1 (restantes: 0)

[INFO] 2026-05-21 00:22:25 — Clyde absorbió un golpe con su escudo

[INFO] 2026-05-21 00:22:27 — Clyde absorbió un golpe con su escudo

[INFO] 2026-05-21 00:22:29 — Clyde absorbió un golpe con su escudo

[INFO] 2026-05-21 00:22:31 — Clyde absorbió un golpe con su escudo

[INFO] 2026-05-21 00:22:33 — Clyde absorbió un golpe con su escudo

[INFO] 2026-05-21 00:22:35 — Clyde absorbió un golpe con su escudo

[INFO] 2026-05-21 00:22:36 — Clyde absorbió un golpe con su escudo

[INFO] 2026-05-21 00:22:38 — Clyde absorbió un golpe con su escudo

[INFO] 2026-05-21 00:22:40 — Clyde absorbió un golpe con su escudo

[INFO] 2026-05-21 00:22:42 — Clyde absorbió un golpe con su escudo

[INFO] 2026-05-21 00:22:44 — Clyde absorbió un golpe con su escudo

════════════════════════════════════════════════════════════
[ERROR] 2026-05-21 00:23:32
────────────────────────────────────────────────────────────
Mensaje    : Mock error message
Excepción  : java.lang.NullPointerException
Detalle    : Mock unexpected exception for test
StackTrace :
  at test.ExceptionsTest.testGameLoggerUnexpectedErrorLogging(ExceptionsTest.java:138)
  at java.base/jdk.internal.reflect.DirectMethodHandleAccessor.invoke(DirectMethodHandleAccessor.java:104)
  at java.base/java.lang.reflect.Method.invoke(Method.java:565)
  at org.junit.runners.model.FrameworkMethod$1.runReflectiveCall(FrameworkMethod.java:59)
  at org.junit.internal.runners.model.ReflectiveCallable.run(ReflectiveCallable.java:12)
  at org.junit.runners.model.FrameworkMethod.invokeExplosively(FrameworkMethod.java:56)
  at org.junit.internal.runners.statements.InvokeMethod.evaluate(InvokeMethod.java:17)
  at org.junit.runners.ParentRunner$3.evaluate(ParentRunner.java:306)
  at org.junit.runners.BlockJUnit4ClassRunner$1.evaluate(BlockJUnit4ClassRunner.java:100)
  at org.junit.runners.ParentRunner.runLeaf(ParentRunner.java:366)
  at org.junit.runners.BlockJUnit4ClassRunner.runChild(BlockJUnit4ClassRunner.java:103)
  at org.junit.runners.BlockJUnit4ClassRunner.runChild(BlockJUnit4ClassRunner.java:63)
  at org.junit.runners.ParentRunner$4.run(ParentRunner.java:331)
  at org.junit.runners.ParentRunner$1.schedule(ParentRunner.java:79)
  at org.junit.runners.ParentRunner.runChildren(ParentRunner.java:329)
  at org.junit.runners.ParentRunner.access$100(ParentRunner.java:66)
  at org.junit.runners.ParentRunner$2.evaluate(ParentRunner.java:293)
  at org.junit.runners.ParentRunner$3.evaluate(ParentRunner.java:306)
  at org.junit.runners.ParentRunner.run(ParentRunner.java:413)
  at org.junit.runners.Suite.runChild(Suite.java:128)
  at org.junit.runners.Suite.runChild(Suite.java:27)
  at org.junit.runners.ParentRunner$4.run(ParentRunner.java:331)
  at org.junit.runners.ParentRunner$1.schedule(ParentRunner.java:79)
  at org.junit.runners.ParentRunner.runChildren(ParentRunner.java:329)
  at org.junit.runners.ParentRunner.access$100(ParentRunner.java:66)
  at org.junit.runners.ParentRunner$2.evaluate(ParentRunner.java:293)
  at org.junit.runners.ParentRunner$3.evaluate(ParentRunner.java:306)
  at org.junit.runners.ParentRunner.run(ParentRunner.java:413)
  at org.junit.runner.JUnitCore.run(JUnitCore.java:137)
  at org.junit.runner.JUnitCore.run(JUnitCore.java:115)
  at org.junit.runner.JUnitCore.runMain(JUnitCore.java:77)
  at org.junit.runner.JUnitCore.main(JUnitCore.java:36)
════════════════════════════════════════════════════════════

[INFO] 2026-05-21 00:23:32 — Clyde absorbió un golpe con su escudo

[INFO] 2026-05-21 00:23:32 — Vida extra para Jugador 1 (total: 1)

[INFO] 2026-05-21 00:23:32 — Clyde absorbió un golpe con su escudo

[INFO] 2026-05-21 00:23:32 — Vida extra absorbió un golpe para Jugador 1 (restantes: 0)

[INFO] 2026-05-21 00:23:32 — Clyde absorbió un golpe con su escudo

[INFO] 2026-05-21 00:23:32 — Moneda skin: Jugador 1 cambió a Azul (Inky) hasta morir

[INFO] 2026-05-21 00:23:32 — Colisión jugador-jugador: ambos reiniciados a inicio

[INFO] 2026-05-21 00:23:32 — Checkpoint intermedio activado — monedas previas fijadas

[INFO] 2026-05-21 00:23:32 — Vida extra para Jugador 1 (total: 1)

[INFO] 2026-05-21 00:23:32 — Vida extra para Jugador 1 (total: 1)

[INFO] 2026-05-21 00:23:32 — Vida extra para Jugador 1 (total: 1)

[INFO] 2026-05-21 00:23:32 — Vida extra absorbió un golpe para Jugador 1 (restantes: 0)

[INFO] 2026-05-21 00:23:32 — Vida extra para Jugador 1 (total: 1)

[INFO] 2026-05-21 00:23:32 — Vida extra para Jugador 1 (total: 1)

[INFO] 2026-05-21 00:23:32 — Vida extra absorbió un golpe para Jugador 1 (restantes: 0)

[INFO] 2026-05-21 00:24:48 — Checkpoint intermedio activado — monedas previas fijadas

[INFO] 2026-05-21 00:25:10 — Checkpoint intermedio activado — monedas previas fijadas
may 21, 2026 12:26:43 A. M. main.domain.Board setWall
SEVERE: Muro fuera del tablero en (-1,0)

════════════════════════════════════════════════════════════
[ERROR] 2026-05-21 00:26:43
────────────────────────────────────────────────────────────
Mensaje    : Mock error message
Excepción  : java.lang.NullPointerException
Detalle    : Mock unexpected exception for test
StackTrace :
  at test.ExceptionsTest.testGameLoggerUnexpectedErrorLogging(ExceptionsTest.java:138)
  at java.base/jdk.internal.reflect.DirectMethodHandleAccessor.invoke(DirectMethodHandleAccessor.java:104)
  at java.base/java.lang.reflect.Method.invoke(Method.java:565)
  at org.junit.runners.model.FrameworkMethod$1.runReflectiveCall(FrameworkMethod.java:59)
  at org.junit.internal.runners.model.ReflectiveCallable.run(ReflectiveCallable.java:12)
  at org.junit.runners.model.FrameworkMethod.invokeExplosively(FrameworkMethod.java:56)
  at org.junit.internal.runners.statements.InvokeMethod.evaluate(InvokeMethod.java:17)
  at org.junit.runners.ParentRunner$3.evaluate(ParentRunner.java:306)
  at org.junit.runners.BlockJUnit4ClassRunner$1.evaluate(BlockJUnit4ClassRunner.java:100)
  at org.junit.runners.ParentRunner.runLeaf(ParentRunner.java:366)
  at org.junit.runners.BlockJUnit4ClassRunner.runChild(BlockJUnit4ClassRunner.java:103)
  at org.junit.runners.BlockJUnit4ClassRunner.runChild(BlockJUnit4ClassRunner.java:63)
  at org.junit.runners.ParentRunner$4.run(ParentRunner.java:331)
  at org.junit.runners.ParentRunner$1.schedule(ParentRunner.java:79)
  at org.junit.runners.ParentRunner.runChildren(ParentRunner.java:329)
  at org.junit.runners.ParentRunner.access$100(ParentRunner.java:66)
  at org.junit.runners.ParentRunner$2.evaluate(ParentRunner.java:293)
  at org.junit.runners.ParentRunner$3.evaluate(ParentRunner.java:306)
  at org.junit.runners.ParentRunner.run(ParentRunner.java:413)
  at org.junit.runners.Suite.runChild(Suite.java:128)
  at org.junit.runners.Suite.runChild(Suite.java:27)
  at org.junit.runners.ParentRunner$4.run(ParentRunner.java:331)
  at org.junit.runners.ParentRunner$1.schedule(ParentRunner.java:79)
  at org.junit.runners.ParentRunner.runChildren(ParentRunner.java:329)
  at org.junit.runners.ParentRunner.access$100(ParentRunner.java:66)
  at org.junit.runners.ParentRunner$2.evaluate(ParentRunner.java:293)
  at org.junit.runners.ParentRunner$3.evaluate(ParentRunner.java:306)
  at org.junit.runners.ParentRunner.run(ParentRunner.java:413)
  at org.junit.runner.JUnitCore.run(JUnitCore.java:137)
  at org.junit.runner.JUnitCore.run(JUnitCore.java:115)
  at org.junit.runner.JUnitCore.runMain(JUnitCore.java:77)
  at org.junit.runner.JUnitCore.main(JUnitCore.java:36)
════════════════════════════════════════════════════════════
may 21, 2026 12:26:43 A. M. main.domain.GameConfiguration validate
SEVERE: Falta SAFE_START en la configuración
may 21, 2026 12:26:43 A. M. main.domain.GameConfiguration validateNotOnWall
SEVERE: COIN colocado sobre un muro en (2,4)

[INFO] 2026-05-21 00:26:43 — Clyde absorbió un golpe con su escudo

[INFO] 2026-05-21 00:26:43 — Vida extra para Jugador 1 (total: 1)

[INFO] 2026-05-21 00:26:43 — Clyde absorbió un golpe con su escudo

[INFO] 2026-05-21 00:26:43 — Vida extra absorbió un golpe para Jugador 1 (restantes: 0)

[INFO] 2026-05-21 00:26:43 — Clyde absorbió un golpe con su escudo

[INFO] 2026-05-21 00:26:43 — Moneda skin: Jugador 1 cambió a Azul (Inky) hasta morir

[INFO] 2026-05-21 00:26:43 — Colisión jugador-jugador: ambos reiniciados a inicio
may 21, 2026 12:26:43 A. M. main.domain.HardestGame movePlayer
SEVERE: movePlayer no permitido en estado PAUSED

[INFO] 2026-05-21 00:26:43 — Checkpoint intermedio activado — monedas previas fijadas

[INFO] 2026-05-21 00:26:43 — Vida extra para Jugador 1 (total: 1)

[INFO] 2026-05-21 00:26:43 — Vida extra para Jugador 1 (total: 1)

[INFO] 2026-05-21 00:26:43 — Vida extra para Jugador 1 (total: 1)

[INFO] 2026-05-21 00:26:43 — Vida extra absorbió un golpe para Jugador 1 (restantes: 0)

[INFO] 2026-05-21 00:26:43 — Vida extra para Jugador 1 (total: 1)

[INFO] 2026-05-21 00:26:43 — Vida extra para Jugador 1 (total: 1)

[INFO] 2026-05-21 00:26:43 — Vida extra absorbió un golpe para Jugador 1 (restantes: 0)

════════════════════════════════════════════════════════════
[ERROR] 2026-05-21 00:29:38
────────────────────────────────────────────────────────────
Mensaje    : Mock error message
Excepción  : java.lang.NullPointerException
Detalle    : Mock unexpected exception for test
StackTrace :
  at test.ExceptionsTest.testGameLoggerUnexpectedErrorLogging(ExceptionsTest.java:138)
  at java.base/jdk.internal.reflect.DirectMethodHandleAccessor.invoke(DirectMethodHandleAccessor.java:104)
  at java.base/java.lang.reflect.Method.invoke(Method.java:565)
  at org.junit.runners.model.FrameworkMethod$1.runReflectiveCall(FrameworkMethod.java:59)
  at org.junit.internal.runners.model.ReflectiveCallable.run(ReflectiveCallable.java:12)
  at org.junit.runners.model.FrameworkMethod.invokeExplosively(FrameworkMethod.java:56)
  at org.junit.internal.runners.statements.InvokeMethod.evaluate(InvokeMethod.java:17)
  at org.junit.runners.ParentRunner$3.evaluate(ParentRunner.java:306)
  at org.junit.runners.BlockJUnit4ClassRunner$1.evaluate(BlockJUnit4ClassRunner.java:100)
  at org.junit.runners.ParentRunner.runLeaf(ParentRunner.java:366)
  at org.junit.runners.BlockJUnit4ClassRunner.runChild(BlockJUnit4ClassRunner.java:103)
  at org.junit.runners.BlockJUnit4ClassRunner.runChild(BlockJUnit4ClassRunner.java:63)
  at org.junit.runners.ParentRunner$4.run(ParentRunner.java:331)
  at org.junit.runners.ParentRunner$1.schedule(ParentRunner.java:79)
  at org.junit.runners.ParentRunner.runChildren(ParentRunner.java:329)
  at org.junit.runners.ParentRunner.access$100(ParentRunner.java:66)
  at org.junit.runners.ParentRunner$2.evaluate(ParentRunner.java:293)
  at org.junit.runners.ParentRunner$3.evaluate(ParentRunner.java:306)
  at org.junit.runners.ParentRunner.run(ParentRunner.java:413)
  at org.junit.runners.Suite.runChild(Suite.java:128)
  at org.junit.runners.Suite.runChild(Suite.java:27)
  at org.junit.runners.ParentRunner$4.run(ParentRunner.java:331)
  at org.junit.runners.ParentRunner$1.schedule(ParentRunner.java:79)
  at org.junit.runners.ParentRunner.runChildren(ParentRunner.java:329)
  at org.junit.runners.ParentRunner.access$100(ParentRunner.java:66)
  at org.junit.runners.ParentRunner$2.evaluate(ParentRunner.java:293)
  at org.junit.runners.ParentRunner$3.evaluate(ParentRunner.java:306)
  at org.junit.runners.ParentRunner.run(ParentRunner.java:413)
  at org.junit.runner.JUnitCore.run(JUnitCore.java:137)
  at org.junit.runner.JUnitCore.run(JUnitCore.java:115)
  at org.junit.runner.JUnitCore.runMain(JUnitCore.java:77)
  at org.junit.runner.JUnitCore.main(JUnitCore.java:36)
════════════════════════════════════════════════════════════

[INFO] 2026-05-21 00:29:39 — Clyde absorbió un golpe con su escudo

[INFO] 2026-05-21 00:29:39 — Vida extra para Jugador 1 (total: 1)

[INFO] 2026-05-21 00:29:39 — Clyde absorbió un golpe con su escudo

[INFO] 2026-05-21 00:29:39 — Vida extra absorbió un golpe para Jugador 1 (restantes: 0)

[INFO] 2026-05-21 00:29:39 — Clyde absorbió un golpe con su escudo

[INFO] 2026-05-21 00:29:39 — Moneda skin: Jugador 1 cambió a Azul (Inky) hasta morir

[INFO] 2026-05-21 00:29:39 — Colisión jugador-jugador: ambos reiniciados a inicio

[INFO] 2026-05-21 00:29:39 — Checkpoint intermedio activado — monedas previas fijadas

[INFO] 2026-05-21 00:29:39 — Vida extra para Jugador 1 (total: 1)

[INFO] 2026-05-21 00:29:39 — Vida extra para Jugador 1 (total: 1)

[INFO] 2026-05-21 00:29:39 — Vida extra para Jugador 1 (total: 1)

[INFO] 2026-05-21 00:29:39 — Vida extra absorbió un golpe para Jugador 1 (restantes: 0)

[INFO] 2026-05-21 00:29:39 — Vida extra para Jugador 1 (total: 1)

[INFO] 2026-05-21 00:29:39 — Vida extra para Jugador 1 (total: 1)

[INFO] 2026-05-21 00:29:39 — Vida extra absorbió un golpe para Jugador 1 (restantes: 0)
may 21, 2026 12:31:30 A. M. main.domain.Board setWall
SEVERE: Muro fuera del tablero en (-1,0)

════════════════════════════════════════════════════════════
[ERROR] 2026-05-21 00:31:30
────────────────────────────────────────────────────────────
Mensaje    : Mock error message
Excepción  : java.lang.NullPointerException
Detalle    : Mock unexpected exception for test
StackTrace :
  at test.ExceptionsTest.testGameLoggerUnexpectedErrorLogging(ExceptionsTest.java:138)
  at java.base/jdk.internal.reflect.DirectMethodHandleAccessor.invoke(DirectMethodHandleAccessor.java:104)
  at java.base/java.lang.reflect.Method.invoke(Method.java:565)
  at org.junit.runners.model.FrameworkMethod$1.runReflectiveCall(FrameworkMethod.java:59)
  at org.junit.internal.runners.model.ReflectiveCallable.run(ReflectiveCallable.java:12)
  at org.junit.runners.model.FrameworkMethod.invokeExplosively(FrameworkMethod.java:56)
  at org.junit.internal.runners.statements.InvokeMethod.evaluate(InvokeMethod.java:17)
  at org.junit.runners.ParentRunner$3.evaluate(ParentRunner.java:306)
  at org.junit.runners.BlockJUnit4ClassRunner$1.evaluate(BlockJUnit4ClassRunner.java:100)
  at org.junit.runners.ParentRunner.runLeaf(ParentRunner.java:366)
  at org.junit.runners.BlockJUnit4ClassRunner.runChild(BlockJUnit4ClassRunner.java:103)
  at org.junit.runners.BlockJUnit4ClassRunner.runChild(BlockJUnit4ClassRunner.java:63)
  at org.junit.runners.ParentRunner$4.run(ParentRunner.java:331)
  at org.junit.runners.ParentRunner$1.schedule(ParentRunner.java:79)
  at org.junit.runners.ParentRunner.runChildren(ParentRunner.java:329)
  at org.junit.runners.ParentRunner.access$100(ParentRunner.java:66)
  at org.junit.runners.ParentRunner$2.evaluate(ParentRunner.java:293)
  at org.junit.runners.ParentRunner$3.evaluate(ParentRunner.java:306)
  at org.junit.runners.ParentRunner.run(ParentRunner.java:413)
  at org.junit.runners.Suite.runChild(Suite.java:128)
  at org.junit.runners.Suite.runChild(Suite.java:27)
  at org.junit.runners.ParentRunner$4.run(ParentRunner.java:331)
  at org.junit.runners.ParentRunner$1.schedule(ParentRunner.java:79)
  at org.junit.runners.ParentRunner.runChildren(ParentRunner.java:329)
  at org.junit.runners.ParentRunner.access$100(ParentRunner.java:66)
  at org.junit.runners.ParentRunner$2.evaluate(ParentRunner.java:293)
  at org.junit.runners.ParentRunner$3.evaluate(ParentRunner.java:306)
  at org.junit.runners.ParentRunner.run(ParentRunner.java:413)
  at org.junit.runner.JUnitCore.run(JUnitCore.java:137)
  at org.junit.runner.JUnitCore.run(JUnitCore.java:115)
  at org.junit.runner.JUnitCore.runMain(JUnitCore.java:77)
  at org.junit.runner.JUnitCore.main(JUnitCore.java:36)
════════════════════════════════════════════════════════════
may 21, 2026 12:31:30 A. M. main.domain.GameConfiguration validate
SEVERE: Falta SAFE_START en la configuración
may 21, 2026 12:31:30 A. M. main.domain.GameConfiguration validateNotOnWall
SEVERE: COIN colocado sobre un muro en (2,4)

[INFO] 2026-05-21 00:31:30 — Clyde absorbió un golpe con su escudo

[INFO] 2026-05-21 00:31:30 — Vida extra para Jugador 1 (total: 1)

[INFO] 2026-05-21 00:31:30 — Clyde absorbió un golpe con su escudo

[INFO] 2026-05-21 00:31:30 — Vida extra absorbió un golpe para Jugador 1 (restantes: 0)

[INFO] 2026-05-21 00:31:30 — Clyde absorbió un golpe con su escudo

[INFO] 2026-05-21 00:31:30 — Moneda skin: Jugador 1 cambió a Azul (Inky) hasta morir

[INFO] 2026-05-21 00:31:30 — Colisión jugador-jugador: ambos reiniciados a inicio
may 21, 2026 12:31:30 A. M. main.domain.HardestGame movePlayer
SEVERE: movePlayer no permitido en estado PAUSED

[INFO] 2026-05-21 00:31:30 — Checkpoint intermedio activado — monedas previas fijadas

[INFO] 2026-05-21 00:31:30 — Vida extra para Jugador 1 (total: 1)

[INFO] 2026-05-21 00:31:30 — Vida extra para Jugador 1 (total: 1)

[INFO] 2026-05-21 00:31:30 — Vida extra para Jugador 1 (total: 1)

[INFO] 2026-05-21 00:31:30 — Vida extra absorbió un golpe para Jugador 1 (restantes: 0)

[INFO] 2026-05-21 00:31:30 — Vida extra para Jugador 1 (total: 1)

[INFO] 2026-05-21 00:31:30 — Vida extra para Jugador 1 (total: 1)

[INFO] 2026-05-21 00:31:30 — Vida extra absorbió un golpe para Jugador 1 (restantes: 0)

════════════════════════════════════════════════════════════
[ERROR] 2026-05-21 00:33:37
────────────────────────────────────────────────────────────
Mensaje    : Mock error message
Excepción  : java.lang.NullPointerException
Detalle    : Mock unexpected exception for test
StackTrace :
  at test.ExceptionsTest.testGameLoggerUnexpectedErrorLogging(ExceptionsTest.java:138)
  at java.base/jdk.internal.reflect.DirectMethodHandleAccessor.invoke(DirectMethodHandleAccessor.java:104)
  at java.base/java.lang.reflect.Method.invoke(Method.java:565)
  at org.junit.runners.model.FrameworkMethod$1.runReflectiveCall(FrameworkMethod.java:59)
  at org.junit.internal.runners.model.ReflectiveCallable.run(ReflectiveCallable.java:12)
  at org.junit.runners.model.FrameworkMethod.invokeExplosively(FrameworkMethod.java:56)
  at org.junit.internal.runners.statements.InvokeMethod.evaluate(InvokeMethod.java:17)
  at org.junit.runners.ParentRunner$3.evaluate(ParentRunner.java:306)
  at org.junit.runners.BlockJUnit4ClassRunner$1.evaluate(BlockJUnit4ClassRunner.java:100)
  at org.junit.runners.ParentRunner.runLeaf(ParentRunner.java:366)
  at org.junit.runners.BlockJUnit4ClassRunner.runChild(BlockJUnit4ClassRunner.java:103)
  at org.junit.runners.BlockJUnit4ClassRunner.runChild(BlockJUnit4ClassRunner.java:63)
  at org.junit.runners.ParentRunner$4.run(ParentRunner.java:331)
  at org.junit.runners.ParentRunner$1.schedule(ParentRunner.java:79)
  at org.junit.runners.ParentRunner.runChildren(ParentRunner.java:329)
  at org.junit.runners.ParentRunner.access$100(ParentRunner.java:66)
  at org.junit.runners.ParentRunner$2.evaluate(ParentRunner.java:293)
  at org.junit.runners.ParentRunner$3.evaluate(ParentRunner.java:306)
  at org.junit.runners.ParentRunner.run(ParentRunner.java:413)
  at org.junit.runners.Suite.runChild(Suite.java:128)
  at org.junit.runners.Suite.runChild(Suite.java:27)
  at org.junit.runners.ParentRunner$4.run(ParentRunner.java:331)
  at org.junit.runners.ParentRunner$1.schedule(ParentRunner.java:79)
  at org.junit.runners.ParentRunner.runChildren(ParentRunner.java:329)
  at org.junit.runners.ParentRunner.access$100(ParentRunner.java:66)
  at org.junit.runners.ParentRunner$2.evaluate(ParentRunner.java:293)
  at org.junit.runners.ParentRunner$3.evaluate(ParentRunner.java:306)
  at org.junit.runners.ParentRunner.run(ParentRunner.java:413)
  at org.junit.runner.JUnitCore.run(JUnitCore.java:137)
  at org.junit.runner.JUnitCore.run(JUnitCore.java:115)
  at org.junit.runner.JUnitCore.runMain(JUnitCore.java:77)
  at org.junit.runner.JUnitCore.main(JUnitCore.java:36)
════════════════════════════════════════════════════════════

[INFO] 2026-05-21 00:33:37 — Clyde absorbió un golpe con su escudo

[INFO] 2026-05-21 00:33:37 — Vida extra para Jugador 1 (total: 1)

[INFO] 2026-05-21 00:33:37 — Clyde absorbió un golpe con su escudo

[INFO] 2026-05-21 00:33:37 — Vida extra absorbió un golpe para Jugador 1 (restantes: 0)

[INFO] 2026-05-21 00:33:37 — Clyde absorbió un golpe con su escudo

[INFO] 2026-05-21 00:33:37 — Moneda skin: Jugador 1 cambió a Azul (Inky) hasta morir

[INFO] 2026-05-21 00:33:37 — Colisión jugador-jugador: ambos reiniciados a inicio

[INFO] 2026-05-21 00:33:37 — Checkpoint intermedio activado — monedas previas fijadas

[INFO] 2026-05-21 00:33:37 — Vida extra para Jugador 1 (total: 1)

[INFO] 2026-05-21 00:33:37 — Vida extra para Jugador 1 (total: 1)

[INFO] 2026-05-21 00:33:37 — Vida extra para Jugador 1 (total: 1)

[INFO] 2026-05-21 00:33:37 — Vida extra absorbió un golpe para Jugador 1 (restantes: 0)

[INFO] 2026-05-21 00:33:37 — Vida extra para Jugador 1 (total: 1)

[INFO] 2026-05-21 00:33:37 — Vida extra para Jugador 1 (total: 1)

[INFO] 2026-05-21 00:33:37 — Vida extra absorbió un golpe para Jugador 1 (restantes: 0)

════════════════════════════════════════════════════════════
[ERROR] 2026-05-21 17:36:33
────────────────────────────────────────────────────────────
Mensaje    : Mock error message
Excepción  : java.lang.NullPointerException
Detalle    : Mock unexpected exception for test
StackTrace :
  at test.ExceptionsTest.testGameLoggerUnexpectedErrorLogging(ExceptionsTest.java:123)
  at java.base/jdk.internal.reflect.DirectMethodHandleAccessor.invoke(DirectMethodHandleAccessor.java:104)
  at java.base/java.lang.reflect.Method.invoke(Method.java:565)
  at org.junit.runners.model.FrameworkMethod$1.runReflectiveCall(FrameworkMethod.java:59)
  at org.junit.internal.runners.model.ReflectiveCallable.run(ReflectiveCallable.java:12)
  at org.junit.runners.model.FrameworkMethod.invokeExplosively(FrameworkMethod.java:56)
  at org.junit.internal.runners.statements.InvokeMethod.evaluate(InvokeMethod.java:17)
  at org.junit.runners.ParentRunner$3.evaluate(ParentRunner.java:306)
  at org.junit.runners.BlockJUnit4ClassRunner$1.evaluate(BlockJUnit4ClassRunner.java:100)
  at org.junit.runners.ParentRunner.runLeaf(ParentRunner.java:366)
  at org.junit.runners.BlockJUnit4ClassRunner.runChild(BlockJUnit4ClassRunner.java:103)
  at org.junit.runners.BlockJUnit4ClassRunner.runChild(BlockJUnit4ClassRunner.java:63)
  at org.junit.runners.ParentRunner$4.run(ParentRunner.java:331)
  at org.junit.runners.ParentRunner$1.schedule(ParentRunner.java:79)
  at org.junit.runners.ParentRunner.runChildren(ParentRunner.java:329)
  at org.junit.runners.ParentRunner.access$100(ParentRunner.java:66)
  at org.junit.runners.ParentRunner$2.evaluate(ParentRunner.java:293)
  at org.junit.runners.ParentRunner$3.evaluate(ParentRunner.java:306)
  at org.junit.runners.ParentRunner.run(ParentRunner.java:413)
  at org.junit.runners.Suite.runChild(Suite.java:128)
  at org.junit.runners.Suite.runChild(Suite.java:27)
  at org.junit.runners.ParentRunner$4.run(ParentRunner.java:331)
  at org.junit.runners.ParentRunner$1.schedule(ParentRunner.java:79)
  at org.junit.runners.ParentRunner.runChildren(ParentRunner.java:329)
  at org.junit.runners.ParentRunner.access$100(ParentRunner.java:66)
  at org.junit.runners.ParentRunner$2.evaluate(ParentRunner.java:293)
  at org.junit.runners.ParentRunner$3.evaluate(ParentRunner.java:306)
  at org.junit.runners.ParentRunner.run(ParentRunner.java:413)
  at org.junit.runner.JUnitCore.run(JUnitCore.java:137)
  at org.junit.runner.JUnitCore.run(JUnitCore.java:115)
  at org.junit.runner.JUnitCore.runMain(JUnitCore.java:77)
  at org.junit.runner.JUnitCore.main(JUnitCore.java:36)
════════════════════════════════════════════════════════════
may 21, 2026 5:36:56 P. M. main.domain.Board setWall
SEVERE: Muro fuera del tablero en (-1,0)

════════════════════════════════════════════════════════════
[ERROR] 2026-05-21 17:36:56
────────────────────────────────────────────────────────────
Mensaje    : Mock error message
Excepción  : java.lang.NullPointerException
Detalle    : Mock unexpected exception for test
StackTrace :
  at test.ExceptionsTest.testGameLoggerUnexpectedErrorLogging(ExceptionsTest.java:123)
  at java.base/jdk.internal.reflect.DirectMethodHandleAccessor.invoke(DirectMethodHandleAccessor.java:104)
  at java.base/java.lang.reflect.Method.invoke(Method.java:565)
  at org.junit.runners.model.FrameworkMethod$1.runReflectiveCall(FrameworkMethod.java:59)
  at org.junit.internal.runners.model.ReflectiveCallable.run(ReflectiveCallable.java:12)
  at org.junit.runners.model.FrameworkMethod.invokeExplosively(FrameworkMethod.java:56)
  at org.junit.internal.runners.statements.InvokeMethod.evaluate(InvokeMethod.java:17)
  at org.junit.runners.ParentRunner$3.evaluate(ParentRunner.java:306)
  at org.junit.runners.BlockJUnit4ClassRunner$1.evaluate(BlockJUnit4ClassRunner.java:100)
  at org.junit.runners.ParentRunner.runLeaf(ParentRunner.java:366)
  at org.junit.runners.BlockJUnit4ClassRunner.runChild(BlockJUnit4ClassRunner.java:103)
  at org.junit.runners.BlockJUnit4ClassRunner.runChild(BlockJUnit4ClassRunner.java:63)
  at org.junit.runners.ParentRunner$4.run(ParentRunner.java:331)
  at org.junit.runners.ParentRunner$1.schedule(ParentRunner.java:79)
  at org.junit.runners.ParentRunner.runChildren(ParentRunner.java:329)
  at org.junit.runners.ParentRunner.access$100(ParentRunner.java:66)
  at org.junit.runners.ParentRunner$2.evaluate(ParentRunner.java:293)
  at org.junit.runners.ParentRunner$3.evaluate(ParentRunner.java:306)
  at org.junit.runners.ParentRunner.run(ParentRunner.java:413)
  at org.junit.runners.Suite.runChild(Suite.java:128)
  at org.junit.runners.Suite.runChild(Suite.java:27)
  at org.junit.runners.ParentRunner$4.run(ParentRunner.java:331)
  at org.junit.runners.ParentRunner$1.schedule(ParentRunner.java:79)
  at org.junit.runners.ParentRunner.runChildren(ParentRunner.java:329)
  at org.junit.runners.ParentRunner.access$100(ParentRunner.java:66)
  at org.junit.runners.ParentRunner$2.evaluate(ParentRunner.java:293)
  at org.junit.runners.ParentRunner$3.evaluate(ParentRunner.java:306)
  at org.junit.runners.ParentRunner.run(ParentRunner.java:413)
  at org.junit.runner.JUnitCore.run(JUnitCore.java:137)
  at org.junit.runner.JUnitCore.run(JUnitCore.java:115)
  at org.junit.runner.JUnitCore.runMain(JUnitCore.java:77)
  at org.junit.runner.JUnitCore.main(JUnitCore.java:36)
════════════════════════════════════════════════════════════
may 21, 2026 5:36:56 P. M. main.domain.GameConfiguration validate
SEVERE: Falta SAFE_START en la configuración
may 21, 2026 5:36:56 P. M. main.domain.GameConfiguration validateNotOnWall
SEVERE: COIN colocado sobre un muro en (2,4)

[INFO] 2026-05-21 17:36:56 — Clyde absorbió un golpe con su escudo

[INFO] 2026-05-21 17:36:56 — Vida extra para Jugador 1 (total: 1)

[INFO] 2026-05-21 17:36:56 — Clyde absorbió un golpe con su escudo

[INFO] 2026-05-21 17:36:56 — Vida extra absorbió un golpe para Jugador 1 (restantes: 0)

[INFO] 2026-05-21 17:36:56 — Clyde absorbió un golpe con su escudo

[INFO] 2026-05-21 17:36:56 — Moneda skin: Jugador 1 cambió a Azul (Inky) hasta morir

[INFO] 2026-05-21 17:36:56 — Colisión jugador-jugador: ambos reiniciados a inicio
may 21, 2026 5:36:56 P. M. main.domain.HardestGame movePlayer
SEVERE: movePlayer no permitido en estado PAUSED

[INFO] 2026-05-21 17:36:56 — Checkpoint intermedio activado — monedas previas fijadas

[INFO] 2026-05-21 17:36:56 — Vida extra para Jugador 1 (total: 1)

[INFO] 2026-05-21 17:36:56 — Vida extra para Jugador 1 (total: 1)

[INFO] 2026-05-21 17:36:57 — Vida extra para Jugador 1 (total: 1)

[INFO] 2026-05-21 17:36:57 — Vida extra absorbió un golpe para Jugador 1 (restantes: 0)

[INFO] 2026-05-21 17:36:57 — Vida extra para Jugador 1 (total: 1)

[INFO] 2026-05-21 17:36:57 — Vida extra para Jugador 1 (total: 1)

[INFO] 2026-05-21 17:36:57 — Vida extra absorbió un golpe para Jugador 1 (restantes: 0)
may 21, 2026 6:11:45 P. M. main.domain.Board setWall
SEVERE: Muro fuera del tablero en (-1,0)

════════════════════════════════════════════════════════════
[ERROR] 2026-05-21 18:11:45
────────────────────────────────────────────────────────────
Mensaje    : Mock error message
Excepción  : java.lang.NullPointerException
Detalle    : Mock unexpected exception for test
StackTrace :
  at test.ExceptionsTest.testGameLoggerUnexpectedErrorLogging(ExceptionsTest.java:123)
  at java.base/jdk.internal.reflect.DirectMethodHandleAccessor.invoke(DirectMethodHandleAccessor.java:104)
  at java.base/java.lang.reflect.Method.invoke(Method.java:565)
  at org.junit.runners.model.FrameworkMethod$1.runReflectiveCall(FrameworkMethod.java:59)
  at org.junit.internal.runners.model.ReflectiveCallable.run(ReflectiveCallable.java:12)
  at org.junit.runners.model.FrameworkMethod.invokeExplosively(FrameworkMethod.java:56)
  at org.junit.internal.runners.statements.InvokeMethod.evaluate(InvokeMethod.java:17)
  at org.junit.runners.ParentRunner$3.evaluate(ParentRunner.java:306)
  at org.junit.runners.BlockJUnit4ClassRunner$1.evaluate(BlockJUnit4ClassRunner.java:100)
  at org.junit.runners.ParentRunner.runLeaf(ParentRunner.java:366)
  at org.junit.runners.BlockJUnit4ClassRunner.runChild(BlockJUnit4ClassRunner.java:103)
  at org.junit.runners.BlockJUnit4ClassRunner.runChild(BlockJUnit4ClassRunner.java:63)
  at org.junit.runners.ParentRunner$4.run(ParentRunner.java:331)
  at org.junit.runners.ParentRunner$1.schedule(ParentRunner.java:79)
  at org.junit.runners.ParentRunner.runChildren(ParentRunner.java:329)
  at org.junit.runners.ParentRunner.access$100(ParentRunner.java:66)
  at org.junit.runners.ParentRunner$2.evaluate(ParentRunner.java:293)
  at org.junit.runners.ParentRunner$3.evaluate(ParentRunner.java:306)
  at org.junit.runners.ParentRunner.run(ParentRunner.java:413)
  at org.junit.runners.Suite.runChild(Suite.java:128)
  at org.junit.runners.Suite.runChild(Suite.java:27)
  at org.junit.runners.ParentRunner$4.run(ParentRunner.java:331)
  at org.junit.runners.ParentRunner$1.schedule(ParentRunner.java:79)
  at org.junit.runners.ParentRunner.runChildren(ParentRunner.java:329)
  at org.junit.runners.ParentRunner.access$100(ParentRunner.java:66)
  at org.junit.runners.ParentRunner$2.evaluate(ParentRunner.java:293)
  at org.junit.runners.ParentRunner$3.evaluate(ParentRunner.java:306)
  at org.junit.runners.ParentRunner.run(ParentRunner.java:413)
  at org.junit.runner.JUnitCore.run(JUnitCore.java:137)
  at org.junit.runner.JUnitCore.run(JUnitCore.java:115)
  at org.junit.runner.JUnitCore.runMain(JUnitCore.java:77)
  at org.junit.runner.JUnitCore.main(JUnitCore.java:36)
════════════════════════════════════════════════════════════
may 21, 2026 6:11:45 P. M. main.domain.GameConfiguration validate
SEVERE: Falta SAFE_START en la configuración
may 21, 2026 6:11:45 P. M. main.domain.GameConfiguration validateNotOnWall
SEVERE: COIN colocado sobre un muro en (2,4)

[INFO] 2026-05-21 18:11:45 — Clyde absorbió un golpe con su escudo

[INFO] 2026-05-21 18:11:45 — Vida extra para Jugador 1 (total: 1)

[INFO] 2026-05-21 18:11:45 — Clyde absorbió un golpe con su escudo

[INFO] 2026-05-21 18:11:45 — Vida extra absorbió un golpe para Jugador 1 (restantes: 0)

[INFO] 2026-05-21 18:11:45 — Clyde absorbió un golpe con su escudo

[INFO] 2026-05-21 18:11:45 — Moneda skin: Jugador 1 cambió a Azul (Inky) hasta morir

[INFO] 2026-05-21 18:11:45 — Colisión jugador-jugador: ambos reiniciados a inicio
may 21, 2026 6:11:45 P. M. main.domain.HardestGame movePlayer
SEVERE: movePlayer no permitido en estado PAUSED

[INFO] 2026-05-21 18:11:45 — Checkpoint intermedio activado — monedas previas fijadas

[INFO] 2026-05-21 18:11:45 — Vida extra para Jugador 1 (total: 1)

[INFO] 2026-05-21 18:11:45 — Vida extra para Jugador 1 (total: 1)

[INFO] 2026-05-21 18:11:45 — Vida extra para Jugador 1 (total: 1)

[INFO] 2026-05-21 18:11:45 — Vida extra absorbió un golpe para Jugador 1 (restantes: 0)

[INFO] 2026-05-21 18:11:45 — Vida extra para Jugador 1 (total: 1)

[INFO] 2026-05-21 18:11:45 — Vida extra para Jugador 1 (total: 1)

[INFO] 2026-05-21 18:11:45 — Vida extra absorbió un golpe para Jugador 1 (restantes: 0)

[INFO] 2026-05-21 18:19:56 — Moneda skin: Jugador 2 cambió a Rojo (Blinky) hasta morir

[INFO] 2026-05-21 18:19:56 — Moneda skin: Jugador 2 cambió a Azul (Inky) hasta morir

[INFO] 2026-05-21 18:19:57 — Moneda skin: Jugador 2 cambió a Azul (Inky) hasta morir

[INFO] 2026-05-21 18:20:00 — Moneda skin: Jugador 2 cambió a Azul (Inky) hasta morir

[INFO] 2026-05-21 18:20:08 — Moneda skin: Jugador 2 cambió a Rojo (Blinky) hasta morir

[INFO] 2026-05-21 18:20:09 — Moneda skin: Jugador 2 cambió a Azul (Inky) hasta morir

[INFO] 2026-05-21 18:20:11 — Moneda skin: Jugador 2 cambió a Azul (Inky) hasta morir

[INFO] 2026-05-21 18:20:13 — Moneda skin: Jugador 2 cambió a Azul (Inky) hasta morir

[INFO] 2026-05-21 18:20:39 — Moneda skin: Jugador 2 cambió a Verde (Clyde) hasta morir

[INFO] 2026-05-21 18:20:39 — Clyde absorbió un golpe con su escudo

[INFO] 2026-05-21 18:20:40 — Moneda skin: Jugador 2 cambió a Azul (Inky) hasta morir

[INFO] 2026-05-21 18:20:41 — Moneda skin: Jugador 2 cambió a Azul (Inky) hasta morir

[INFO] 2026-05-21 18:20:41 — Moneda skin: Jugador 2 cambió a Azul (Inky) hasta morir

[INFO] 2026-05-21 18:20:42 — Moneda skin: Jugador 2 cambió a Verde (Clyde) hasta morir

[INFO] 2026-05-21 18:20:42 — Clyde absorbió un golpe con su escudo

[INFO] 2026-05-21 18:20:43 — Moneda skin: Jugador 2 cambió a Azul (Inky) hasta morir

[INFO] 2026-05-21 18:20:43 — Moneda skin: Jugador 2 cambió a Azul (Inky) hasta morir

[INFO] 2026-05-21 18:20:43 — Moneda skin: Jugador 2 cambió a Azul (Inky) hasta morir

[INFO] 2026-05-21 18:20:44 — Moneda skin: Jugador 2 cambió a Verde (Clyde) hasta morir

[INFO] 2026-05-21 18:20:45 — Moneda skin: Jugador 2 cambió a Azul (Inky) hasta morir

[INFO] 2026-05-21 18:20:46 — Moneda skin: Jugador 2 cambió a Azul (Inky) hasta morir

[INFO] 2026-05-21 18:20:46 — Moneda skin: Jugador 2 cambió a Azul (Inky) hasta morir

[INFO] 2026-05-21 18:20:47 — Moneda skin: Jugador 2 cambió a Verde (Clyde) hasta morir

[INFO] 2026-05-21 18:20:47 — Clyde absorbió un golpe con su escudo

[INFO] 2026-05-21 18:20:48 — Moneda skin: Jugador 2 cambió a Azul (Inky) hasta morir

[INFO] 2026-05-21 18:20:48 — Moneda skin: Jugador 2 cambió a Azul (Inky) hasta morir

[INFO] 2026-05-21 18:20:48 — Moneda skin: Jugador 2 cambió a Azul (Inky) hasta morir

[INFO] 2026-05-21 18:20:49 — Moneda skin: Jugador 2 cambió a Verde (Clyde) hasta morir

[INFO] 2026-05-21 18:20:50 — Moneda skin: Jugador 2 cambió a Azul (Inky) hasta morir

[INFO] 2026-05-21 18:20:51 — Moneda skin: Jugador 2 cambió a Azul (Inky) hasta morir

[INFO] 2026-05-21 18:20:51 — Moneda skin: Jugador 2 cambió a Azul (Inky) hasta morir

[INFO] 2026-05-21 18:20:52 — Moneda skin: Jugador 2 cambió a Verde (Clyde) hasta morir

[INFO] 2026-05-21 18:20:52 — Clyde absorbió un golpe con su escudo

[INFO] 2026-05-21 18:20:53 — Moneda skin: Jugador 2 cambió a Azul (Inky) hasta morir

[INFO] 2026-05-21 18:20:53 — Moneda skin: Jugador 2 cambió a Azul (Inky) hasta morir

[INFO] 2026-05-21 18:20:53 — Moneda skin: Jugador 2 cambió a Azul (Inky) hasta morir

[INFO] 2026-05-21 18:20:54 — Moneda skin: Jugador 2 cambió a Verde (Clyde) hasta morir

[INFO] 2026-05-21 18:20:55 — Moneda skin: Jugador 2 cambió a Azul (Inky) hasta morir

[INFO] 2026-05-21 18:20:55 — Moneda skin: Jugador 2 cambió a Azul (Inky) hasta morir

[INFO] 2026-05-21 18:20:56 — Moneda skin: Jugador 2 cambió a Azul (Inky) hasta morir

[INFO] 2026-05-21 18:20:57 — Moneda skin: Jugador 2 cambió a Verde (Clyde) hasta morir

[INFO] 2026-05-21 18:20:57 — Clyde absorbió un golpe con su escudo

[INFO] 2026-05-22 20:00:51 — Moneda skin: Jugador 2 cambió a Rojo (Blinky) hasta morir

[INFO] 2026-05-22 20:00:51 — Moneda skin: Jugador 2 cambió a Azul (Inky) hasta morir
may 22, 2026 8:19:40 P. M. main.domain.Board setWall
SEVERE: Muro fuera del tablero en (-1,0)

════════════════════════════════════════════════════════════
[ERROR] 2026-05-22 20:19:40
────────────────────────────────────────────────────────────
Mensaje    : Mock error message
Excepción  : java.lang.NullPointerException
Detalle    : Mock unexpected exception for test
StackTrace :
  at test.ExceptionsTest.testGameLoggerUnexpectedErrorLogging(ExceptionsTest.java:123)
  at java.base/jdk.internal.reflect.DirectMethodHandleAccessor.invoke(DirectMethodHandleAccessor.java:104)
  at java.base/java.lang.reflect.Method.invoke(Method.java:565)
  at org.junit.runners.model.FrameworkMethod$1.runReflectiveCall(FrameworkMethod.java:59)
  at org.junit.internal.runners.model.ReflectiveCallable.run(ReflectiveCallable.java:12)
  at org.junit.runners.model.FrameworkMethod.invokeExplosively(FrameworkMethod.java:56)
  at org.junit.internal.runners.statements.InvokeMethod.evaluate(InvokeMethod.java:17)
  at org.junit.runners.ParentRunner$3.evaluate(ParentRunner.java:306)
  at org.junit.runners.BlockJUnit4ClassRunner$1.evaluate(BlockJUnit4ClassRunner.java:100)
  at org.junit.runners.ParentRunner.runLeaf(ParentRunner.java:366)
  at org.junit.runners.BlockJUnit4ClassRunner.runChild(BlockJUnit4ClassRunner.java:103)
  at org.junit.runners.BlockJUnit4ClassRunner.runChild(BlockJUnit4ClassRunner.java:63)
  at org.junit.runners.ParentRunner$4.run(ParentRunner.java:331)
  at org.junit.runners.ParentRunner$1.schedule(ParentRunner.java:79)
  at org.junit.runners.ParentRunner.runChildren(ParentRunner.java:329)
  at org.junit.runners.ParentRunner.access$100(ParentRunner.java:66)
  at org.junit.runners.ParentRunner$2.evaluate(ParentRunner.java:293)
  at org.junit.runners.ParentRunner$3.evaluate(ParentRunner.java:306)
  at org.junit.runners.ParentRunner.run(ParentRunner.java:413)
  at org.junit.runners.Suite.runChild(Suite.java:128)
  at org.junit.runners.Suite.runChild(Suite.java:27)
  at org.junit.runners.ParentRunner$4.run(ParentRunner.java:331)
  at org.junit.runners.ParentRunner$1.schedule(ParentRunner.java:79)
  at org.junit.runners.ParentRunner.runChildren(ParentRunner.java:329)
  at org.junit.runners.ParentRunner.access$100(ParentRunner.java:66)
  at org.junit.runners.ParentRunner$2.evaluate(ParentRunner.java:293)
  at org.junit.runners.ParentRunner$3.evaluate(ParentRunner.java:306)
  at org.junit.runners.ParentRunner.run(ParentRunner.java:413)
  at org.junit.runner.JUnitCore.run(JUnitCore.java:137)
  at org.junit.runner.JUnitCore.run(JUnitCore.java:115)
  at org.junit.runner.JUnitCore.runMain(JUnitCore.java:77)
  at org.junit.runner.JUnitCore.main(JUnitCore.java:36)
════════════════════════════════════════════════════════════
may 22, 2026 8:19:40 P. M. main.domain.GameConfiguration validate
SEVERE: Falta SAFE_START en la configuración
may 22, 2026 8:19:40 P. M. main.domain.GameConfiguration validateNotOnWall
SEVERE: COIN colocado sobre un muro en (2,4)

[INFO] 2026-05-22 20:19:40 — Clyde absorbió un golpe con su escudo

[INFO] 2026-05-22 20:19:40 — Vida extra para Jugador 1 (total: 1)

[INFO] 2026-05-22 20:19:40 — Clyde absorbió un golpe con su escudo

[INFO] 2026-05-22 20:19:40 — Vida extra absorbió un golpe para Jugador 1 (restantes: 0)

[INFO] 2026-05-22 20:19:40 — Clyde absorbió un golpe con su escudo

[INFO] 2026-05-22 20:19:40 — Moneda skin: Jugador 1 cambió a Azul (Inky) hasta morir

[INFO] 2026-05-22 20:19:40 — Colisión jugador-jugador: ambos reiniciados a inicio
may 22, 2026 8:19:40 P. M. main.domain.HardestGame movePlayer
SEVERE: movePlayer no permitido en estado PAUSED

[INFO] 2026-05-22 20:19:40 — Checkpoint intermedio activado — monedas previas fijadas

[INFO] 2026-05-22 20:19:40 — Vida extra para Jugador 1 (total: 1)

[INFO] 2026-05-22 20:19:40 — Vida extra para Jugador 1 (total: 1)

[INFO] 2026-05-22 20:19:40 — Vida extra para Jugador 1 (total: 1)

[INFO] 2026-05-22 20:19:40 — Vida extra absorbió un golpe para Jugador 1 (restantes: 0)

[INFO] 2026-05-22 20:19:40 — Vida extra para Jugador 1 (total: 1)

[INFO] 2026-05-22 20:19:40 — Vida extra para Jugador 1 (total: 1)

[INFO] 2026-05-22 20:19:40 — Vida extra absorbió un golpe para Jugador 1 (restantes: 0)
may 22, 2026 8:39:39 P. M. main.domain.Board setWall
SEVERE: Muro fuera del tablero en (-1,0)

════════════════════════════════════════════════════════════
[ERROR] 2026-05-22 20:39:39
────────────────────────────────────────────────────────────
Mensaje    : Mock error message
Excepción  : java.lang.NullPointerException
Detalle    : Mock unexpected exception for test
StackTrace :
  at test.ExceptionsTest.testGameLoggerUnexpectedErrorLogging(ExceptionsTest.java:47)
  at java.base/jdk.internal.reflect.DirectMethodHandleAccessor.invoke(DirectMethodHandleAccessor.java:104)
  at java.base/java.lang.reflect.Method.invoke(Method.java:565)
  at org.junit.runners.model.FrameworkMethod$1.runReflectiveCall(FrameworkMethod.java:59)
  at org.junit.internal.runners.model.ReflectiveCallable.run(ReflectiveCallable.java:12)
  at org.junit.runners.model.FrameworkMethod.invokeExplosively(FrameworkMethod.java:56)
  at org.junit.internal.runners.statements.InvokeMethod.evaluate(InvokeMethod.java:17)
  at org.junit.runners.ParentRunner$3.evaluate(ParentRunner.java:306)
  at org.junit.runners.BlockJUnit4ClassRunner$1.evaluate(BlockJUnit4ClassRunner.java:100)
  at org.junit.runners.ParentRunner.runLeaf(ParentRunner.java:366)
  at org.junit.runners.BlockJUnit4ClassRunner.runChild(BlockJUnit4ClassRunner.java:103)
  at org.junit.runners.BlockJUnit4ClassRunner.runChild(BlockJUnit4ClassRunner.java:63)
  at org.junit.runners.ParentRunner$4.run(ParentRunner.java:331)
  at org.junit.runners.ParentRunner$1.schedule(ParentRunner.java:79)
  at org.junit.runners.ParentRunner.runChildren(ParentRunner.java:329)
  at org.junit.runners.ParentRunner.access$100(ParentRunner.java:66)
  at org.junit.runners.ParentRunner$2.evaluate(ParentRunner.java:293)
  at org.junit.runners.ParentRunner$3.evaluate(ParentRunner.java:306)
  at org.junit.runners.ParentRunner.run(ParentRunner.java:413)
  at org.junit.runners.Suite.runChild(Suite.java:128)
  at org.junit.runners.Suite.runChild(Suite.java:27)
  at org.junit.runners.ParentRunner$4.run(ParentRunner.java:331)
  at org.junit.runners.ParentRunner$1.schedule(ParentRunner.java:79)
  at org.junit.runners.ParentRunner.runChildren(ParentRunner.java:329)
  at org.junit.runners.ParentRunner.access$100(ParentRunner.java:66)
  at org.junit.runners.ParentRunner$2.evaluate(ParentRunner.java:293)
  at org.junit.runners.ParentRunner$3.evaluate(ParentRunner.java:306)
  at org.junit.runners.ParentRunner.run(ParentRunner.java:413)
  at org.junit.runner.JUnitCore.run(JUnitCore.java:137)
  at org.junit.runner.JUnitCore.run(JUnitCore.java:115)
  at org.junit.runner.JUnitCore.runMain(JUnitCore.java:77)
  at org.junit.runner.JUnitCore.main(JUnitCore.java:36)
════════════════════════════════════════════════════════════
may 22, 2026 8:39:39 P. M. main.domain.GameConfiguration validate
SEVERE: Falta SAFE_START en la configuración
may 22, 2026 8:39:39 P. M. main.domain.GameConfiguration validateNotOnWall
SEVERE: COIN colocado sobre un muro en (2,4)

[INFO] 2026-05-22 20:39:39 — Clyde absorbió un golpe con su escudo

[INFO] 2026-05-22 20:39:39 — Vida extra para Jugador 1 (total: 1)

[INFO] 2026-05-22 20:39:39 — Clyde absorbió un golpe con su escudo

[INFO] 2026-05-22 20:39:39 — Vida extra absorbió un golpe para Jugador 1 (restantes: 0)

[INFO] 2026-05-22 20:39:39 — Clyde absorbió un golpe con su escudo

[INFO] 2026-05-22 20:39:39 — Moneda skin: Jugador 1 cambió a Azul (Inky) hasta morir

[INFO] 2026-05-22 20:39:39 — Colisión jugador-jugador: ambos reiniciados a inicio
may 22, 2026 8:39:39 P. M. main.domain.HardestGame movePlayer
SEVERE: movePlayer no permitido en estado PAUSED

[INFO] 2026-05-22 20:39:39 — Checkpoint intermedio activado — monedas previas fijadas
may 22, 2026 8:39:39 P. M. main.domain.GameConfiguration parseLine
WARNING: Comando desconocido en archivo: SAFE_INTER
may 22, 2026 8:39:39 P. M. main.domain.GameConfiguration parseLine
WARNING: Comando desconocido en archivo: SAFE_INTER

[INFO] 2026-05-22 20:39:39 — Vida extra para Jugador 1 (total: 1)

[INFO] 2026-05-22 20:39:39 — Vida extra para Jugador 1 (total: 1)

[INFO] 2026-05-22 20:39:39 — Vida extra para Jugador 1 (total: 1)

[INFO] 2026-05-22 20:39:39 — Vida extra absorbió un golpe para Jugador 1 (restantes: 0)

[INFO] 2026-05-22 20:39:39 — Vida extra para Jugador 1 (total: 1)

[INFO] 2026-05-22 20:39:39 — Vida extra para Jugador 1 (total: 1)

[INFO] 2026-05-22 20:39:39 — Vida extra absorbió un golpe para Jugador 1 (restantes: 0)
may 22, 2026 8:47:29 P. M. main.domain.Board setWall
SEVERE: Muro fuera del tablero en (-1,0)

════════════════════════════════════════════════════════════
[ERROR] 2026-05-22 20:47:29
────────────────────────────────────────────────────────────
Mensaje    : Mock error message
Excepción  : java.lang.NullPointerException
Detalle    : Mock unexpected exception for test
StackTrace :
  at test.ExceptionsTest.testGameLoggerUnexpectedErrorLogging(ExceptionsTest.java:47)
  at java.base/jdk.internal.reflect.DirectMethodHandleAccessor.invoke(DirectMethodHandleAccessor.java:104)
  at java.base/java.lang.reflect.Method.invoke(Method.java:565)
  at org.junit.runners.model.FrameworkMethod$1.runReflectiveCall(FrameworkMethod.java:59)
  at org.junit.internal.runners.model.ReflectiveCallable.run(ReflectiveCallable.java:12)
  at org.junit.runners.model.FrameworkMethod.invokeExplosively(FrameworkMethod.java:56)
  at org.junit.internal.runners.statements.InvokeMethod.evaluate(InvokeMethod.java:17)
  at org.junit.runners.ParentRunner$3.evaluate(ParentRunner.java:306)
  at org.junit.runners.BlockJUnit4ClassRunner$1.evaluate(BlockJUnit4ClassRunner.java:100)
  at org.junit.runners.ParentRunner.runLeaf(ParentRunner.java:366)
  at org.junit.runners.BlockJUnit4ClassRunner.runChild(BlockJUnit4ClassRunner.java:103)
  at org.junit.runners.BlockJUnit4ClassRunner.runChild(BlockJUnit4ClassRunner.java:63)
  at org.junit.runners.ParentRunner$4.run(ParentRunner.java:331)
  at org.junit.runners.ParentRunner$1.schedule(ParentRunner.java:79)
  at org.junit.runners.ParentRunner.runChildren(ParentRunner.java:329)
  at org.junit.runners.ParentRunner.access$100(ParentRunner.java:66)
  at org.junit.runners.ParentRunner$2.evaluate(ParentRunner.java:293)
  at org.junit.runners.ParentRunner$3.evaluate(ParentRunner.java:306)
  at org.junit.runners.ParentRunner.run(ParentRunner.java:413)
  at org.junit.runners.Suite.runChild(Suite.java:128)
  at org.junit.runners.Suite.runChild(Suite.java:27)
  at org.junit.runners.ParentRunner$4.run(ParentRunner.java:331)
  at org.junit.runners.ParentRunner$1.schedule(ParentRunner.java:79)
  at org.junit.runners.ParentRunner.runChildren(ParentRunner.java:329)
  at org.junit.runners.ParentRunner.access$100(ParentRunner.java:66)
  at org.junit.runners.ParentRunner$2.evaluate(ParentRunner.java:293)
  at org.junit.runners.ParentRunner$3.evaluate(ParentRunner.java:306)
  at org.junit.runners.ParentRunner.run(ParentRunner.java:413)
  at org.junit.runner.JUnitCore.run(JUnitCore.java:137)
  at org.junit.runner.JUnitCore.run(JUnitCore.java:115)
  at org.junit.runner.JUnitCore.runMain(JUnitCore.java:77)
  at org.junit.runner.JUnitCore.main(JUnitCore.java:36)
════════════════════════════════════════════════════════════
may 22, 2026 8:47:29 P. M. main.domain.GameConfiguration validate
SEVERE: Falta SAFE_START en la configuración
may 22, 2026 8:47:29 P. M. main.domain.GameConfiguration validateNotOnWall
SEVERE: COIN colocado sobre un muro en (2,4)

[INFO] 2026-05-22 20:47:29 — Clyde absorbió un golpe con su escudo

[INFO] 2026-05-22 20:47:29 — Vida extra para Jugador 1 (total: 1)

[INFO] 2026-05-22 20:47:29 — Clyde absorbió un golpe con su escudo

[INFO] 2026-05-22 20:47:29 — Vida extra absorbió un golpe para Jugador 1 (restantes: 0)

[INFO] 2026-05-22 20:47:29 — Clyde absorbió un golpe con su escudo

[INFO] 2026-05-22 20:47:29 — Moneda skin: Jugador 1 cambió a Azul (Inky) hasta morir

[INFO] 2026-05-22 20:47:29 — Colisión jugador-jugador: ambos reiniciados a inicio
may 22, 2026 8:47:29 P. M. main.domain.HardestGame movePlayer
SEVERE: movePlayer no permitido en estado PAUSED

[INFO] 2026-05-22 20:47:29 — Checkpoint intermedio activado — monedas previas fijadas
may 22, 2026 8:47:29 P. M. main.domain.GameConfiguration parseLine
WARNING: Comando desconocido en archivo: SAFE_INTER
may 22, 2026 8:47:29 P. M. main.domain.GameConfiguration parseLine
WARNING: Comando desconocido en archivo: SAFE_INTER

[INFO] 2026-05-22 20:47:29 — Vida extra para Jugador 1 (total: 1)

[INFO] 2026-05-22 20:47:29 — Vida extra para Jugador 1 (total: 1)

[INFO] 2026-05-22 20:47:29 — Vida extra para Jugador 1 (total: 1)

[INFO] 2026-05-22 20:47:29 — Vida extra absorbió un golpe para Jugador 1 (restantes: 0)

[INFO] 2026-05-22 20:47:29 — Vida extra para Jugador 1 (total: 1)

[INFO] 2026-05-22 20:47:29 — Vida extra para Jugador 1 (total: 1)

[INFO] 2026-05-22 20:47:29 — Vida extra absorbió un golpe para Jugador 1 (restantes: 0)

[INFO] 2026-05-22 20:56:08 — Moneda skin: Jugador 1 cambió a Azul (Inky) hasta morir

[INFO] 2026-05-22 20:56:29 — Clyde absorbió un golpe con su escudo

[INFO] 2026-05-22 20:56:30 — Moneda skin: Jugador 2 cambió a Rojo (Blinky) hasta morir

[INFO] 2026-05-22 20:56:31 — Moneda skin: Jugador 2 cambió a Azul (Inky) hasta morir

[INFO] 2026-05-22 20:56:32 — Moneda skin: Jugador 2 cambió a Azul (Inky) hasta morir

[INFO] 2026-05-22 20:56:34 — Moneda skin: Jugador 2 cambió a Azul (Inky) hasta morir

[INFO] 2026-05-22 20:56:34 — Moneda skin: Jugador 2 cambió a Rojo (Blinky) hasta morir

[INFO] 2026-05-22 20:56:36 — Clyde absorbió un golpe con su escudo

[INFO] 2026-05-22 20:56:37 — Moneda skin: Jugador 2 cambió a Rojo (Blinky) hasta morir

[INFO] 2026-05-22 20:56:38 — Clyde absorbió un golpe con su escudo

[INFO] 2026-05-22 20:56:39 — Moneda skin: Jugador 2 cambió a Rojo (Blinky) hasta morir

[INFO] 2026-05-22 20:56:39 — Moneda skin: Jugador 2 cambió a Azul (Inky) hasta morir

[INFO] 2026-05-22 20:56:41 — Moneda skin: Jugador 2 cambió a Azul (Inky) hasta morir

[INFO] 2026-05-22 20:56:43 — Moneda skin: Jugador 2 cambió a Rojo (Blinky) hasta morir

[INFO] 2026-05-22 20:56:45 — Moneda skin: Jugador 2 cambió a Rojo (Blinky) hasta morir

[INFO] 2026-05-22 20:56:47 — Moneda skin: Jugador 2 cambió a Azul (Inky) hasta morir
may 22, 2026 8:56:56 P. M. main.domain.Board setWall
SEVERE: Muro fuera del tablero en (-1,0)

════════════════════════════════════════════════════════════
[ERROR] 2026-05-22 20:56:56
────────────────────────────────────────────────────────────
Mensaje    : Mock error message
Excepción  : java.lang.NullPointerException
Detalle    : Mock unexpected exception for test
StackTrace :
  at test.ExceptionsTest.testGameLoggerUnexpectedErrorLogging(ExceptionsTest.java:47)
  at java.base/jdk.internal.reflect.DirectMethodHandleAccessor.invoke(DirectMethodHandleAccessor.java:104)
  at java.base/java.lang.reflect.Method.invoke(Method.java:565)
  at org.junit.runners.model.FrameworkMethod$1.runReflectiveCall(FrameworkMethod.java:59)
  at org.junit.internal.runners.model.ReflectiveCallable.run(ReflectiveCallable.java:12)
  at org.junit.runners.model.FrameworkMethod.invokeExplosively(FrameworkMethod.java:56)
  at org.junit.internal.runners.statements.InvokeMethod.evaluate(InvokeMethod.java:17)
  at org.junit.runners.ParentRunner$3.evaluate(ParentRunner.java:306)
  at org.junit.runners.BlockJUnit4ClassRunner$1.evaluate(BlockJUnit4ClassRunner.java:100)
  at org.junit.runners.ParentRunner.runLeaf(ParentRunner.java:366)
  at org.junit.runners.BlockJUnit4ClassRunner.runChild(BlockJUnit4ClassRunner.java:103)
  at org.junit.runners.BlockJUnit4ClassRunner.runChild(BlockJUnit4ClassRunner.java:63)
  at org.junit.runners.ParentRunner$4.run(ParentRunner.java:331)
  at org.junit.runners.ParentRunner$1.schedule(ParentRunner.java:79)
  at org.junit.runners.ParentRunner.runChildren(ParentRunner.java:329)
  at org.junit.runners.ParentRunner.access$100(ParentRunner.java:66)
  at org.junit.runners.ParentRunner$2.evaluate(ParentRunner.java:293)
  at org.junit.runners.ParentRunner$3.evaluate(ParentRunner.java:306)
  at org.junit.runners.ParentRunner.run(ParentRunner.java:413)
  at org.junit.runners.Suite.runChild(Suite.java:128)
  at org.junit.runners.Suite.runChild(Suite.java:27)
  at org.junit.runners.ParentRunner$4.run(ParentRunner.java:331)
  at org.junit.runners.ParentRunner$1.schedule(ParentRunner.java:79)
  at org.junit.runners.ParentRunner.runChildren(ParentRunner.java:329)
  at org.junit.runners.ParentRunner.access$100(ParentRunner.java:66)
  at org.junit.runners.ParentRunner$2.evaluate(ParentRunner.java:293)
  at org.junit.runners.ParentRunner$3.evaluate(ParentRunner.java:306)
  at org.junit.runners.ParentRunner.run(ParentRunner.java:413)
  at org.junit.runner.JUnitCore.run(JUnitCore.java:137)
  at com.intellij.junit4.JUnit4IdeaTestRunner.startRunnerWithArgs(JUnit4IdeaTestRunner.java:69)
  at com.intellij.rt.junit.IdeaTestRunner$Repeater$1.execute(IdeaTestRunner.java:38)
  at com.intellij.rt.execution.junit.TestsRepeater.repeat(TestsRepeater.java:11)
  at com.intellij.rt.junit.IdeaTestRunner$Repeater.startRunnerWithArgs(IdeaTestRunner.java:35)
  at com.intellij.rt.junit.JUnitStarter.prepareStreamsAndStart(JUnitStarter.java:231)
  at com.intellij.rt.junit.JUnitStarter.main(JUnitStarter.java:55)
════════════════════════════════════════════════════════════
may 22, 2026 8:56:56 P. M. main.domain.GameConfiguration validate
SEVERE: Falta SAFE_START en la configuración
may 22, 2026 8:56:56 P. M. main.domain.GameConfiguration validateNotOnWall
SEVERE: COIN colocado sobre un muro en (2,4)

[INFO] 2026-05-22 20:56:56 — Clyde absorbió un golpe con su escudo

[INFO] 2026-05-22 20:56:56 — Vida extra para Jugador 1 (total: 1)

[INFO] 2026-05-22 20:56:56 — Clyde absorbió un golpe con su escudo

[INFO] 2026-05-22 20:56:56 — Vida extra absorbió un golpe para Jugador 1 (restantes: 0)

[INFO] 2026-05-22 20:56:56 — Clyde absorbió un golpe con su escudo

[INFO] 2026-05-22 20:56:56 — Moneda skin: Jugador 1 cambió a Azul (Inky) hasta morir

[INFO] 2026-05-22 20:56:56 — Colisión jugador-jugador: ambos reiniciados a inicio
may 22, 2026 8:56:56 P. M. main.domain.HardestGame movePlayer
SEVERE: movePlayer no permitido en estado PAUSED

[INFO] 2026-05-22 20:56:56 — Checkpoint intermedio activado — monedas previas fijadas
may 22, 2026 8:56:56 P. M. main.domain.GameConfiguration parseLine
WARNING: Comando desconocido en archivo: SAFE_INTER
may 22, 2026 8:56:56 P. M. main.domain.GameConfiguration parseLine
WARNING: Comando desconocido en archivo: SAFE_INTER

[INFO] 2026-05-22 20:56:56 — Vida extra para Jugador 1 (total: 1)

[INFO] 2026-05-22 20:56:56 — Vida extra para Jugador 1 (total: 1)

[INFO] 2026-05-22 20:56:56 — Vida extra para Jugador 1 (total: 1)

[INFO] 2026-05-22 20:56:56 — Vida extra absorbió un golpe para Jugador 1 (restantes: 0)

[INFO] 2026-05-22 20:56:56 — Vida extra para Jugador 1 (total: 1)

[INFO] 2026-05-22 20:56:56 — Vida extra para Jugador 1 (total: 1)

[INFO] 2026-05-22 20:56:56 — Vida extra absorbió un golpe para Jugador 1 (restantes: 0)
may 22, 2026 9:00:32 P. M. main.domain.Board setWall
SEVERE: Muro fuera del tablero en (-1,0)

════════════════════════════════════════════════════════════
[ERROR] 2026-05-22 21:00:32
────────────────────────────────────────────────────────────
Mensaje    : Mock error message
Excepción  : java.lang.NullPointerException
Detalle    : Mock unexpected exception for test
StackTrace :
  at test.ExceptionsTest.testGameLoggerUnexpectedErrorLogging(ExceptionsTest.java:47)
  at java.base/jdk.internal.reflect.DirectMethodHandleAccessor.invoke(DirectMethodHandleAccessor.java:104)
  at java.base/java.lang.reflect.Method.invoke(Method.java:565)
  at org.junit.runners.model.FrameworkMethod$1.runReflectiveCall(FrameworkMethod.java:59)
  at org.junit.internal.runners.model.ReflectiveCallable.run(ReflectiveCallable.java:12)
  at org.junit.runners.model.FrameworkMethod.invokeExplosively(FrameworkMethod.java:56)
  at org.junit.internal.runners.statements.InvokeMethod.evaluate(InvokeMethod.java:17)
  at org.junit.runners.ParentRunner$3.evaluate(ParentRunner.java:306)
  at org.junit.runners.BlockJUnit4ClassRunner$1.evaluate(BlockJUnit4ClassRunner.java:100)
  at org.junit.runners.ParentRunner.runLeaf(ParentRunner.java:366)
  at org.junit.runners.BlockJUnit4ClassRunner.runChild(BlockJUnit4ClassRunner.java:103)
  at org.junit.runners.BlockJUnit4ClassRunner.runChild(BlockJUnit4ClassRunner.java:63)
  at org.junit.runners.ParentRunner$4.run(ParentRunner.java:331)
  at org.junit.runners.ParentRunner$1.schedule(ParentRunner.java:79)
  at org.junit.runners.ParentRunner.runChildren(ParentRunner.java:329)
  at org.junit.runners.ParentRunner.access$100(ParentRunner.java:66)
  at org.junit.runners.ParentRunner$2.evaluate(ParentRunner.java:293)
  at org.junit.runners.ParentRunner$3.evaluate(ParentRunner.java:306)
  at org.junit.runners.ParentRunner.run(ParentRunner.java:413)
  at org.junit.runners.Suite.runChild(Suite.java:128)
  at org.junit.runners.Suite.runChild(Suite.java:27)
  at org.junit.runners.ParentRunner$4.run(ParentRunner.java:331)
  at org.junit.runners.ParentRunner$1.schedule(ParentRunner.java:79)
  at org.junit.runners.ParentRunner.runChildren(ParentRunner.java:329)
  at org.junit.runners.ParentRunner.access$100(ParentRunner.java:66)
  at org.junit.runners.ParentRunner$2.evaluate(ParentRunner.java:293)
  at org.junit.runners.ParentRunner$3.evaluate(ParentRunner.java:306)
  at org.junit.runners.ParentRunner.run(ParentRunner.java:413)
  at org.junit.runner.JUnitCore.run(JUnitCore.java:137)
  at com.intellij.junit4.JUnit4IdeaTestRunner.startRunnerWithArgs(JUnit4IdeaTestRunner.java:69)
  at com.intellij.rt.junit.IdeaTestRunner$Repeater$1.execute(IdeaTestRunner.java:38)
  at com.intellij.rt.execution.junit.TestsRepeater.repeat(TestsRepeater.java:11)
  at com.intellij.rt.junit.IdeaTestRunner$Repeater.startRunnerWithArgs(IdeaTestRunner.java:35)
  at com.intellij.rt.junit.JUnitStarter.prepareStreamsAndStart(JUnitStarter.java:231)
  at com.intellij.rt.junit.JUnitStarter.main(JUnitStarter.java:55)
════════════════════════════════════════════════════════════
may 22, 2026 9:00:32 P. M. main.domain.GameConfiguration validate
SEVERE: Falta SAFE_START en la configuración
may 22, 2026 9:00:32 P. M. main.domain.GameConfiguration validateNotOnWall
SEVERE: COIN colocado sobre un muro en (2,4)

[INFO] 2026-05-22 21:00:32 — Clyde absorbió un golpe con su escudo

[INFO] 2026-05-22 21:00:32 — Vida extra para Jugador 1 (total: 1)

[INFO] 2026-05-22 21:00:32 — Clyde absorbió un golpe con su escudo

[INFO] 2026-05-22 21:00:32 — Vida extra absorbió un golpe para Jugador 1 (restantes: 0)

[INFO] 2026-05-22 21:00:32 — Clyde absorbió un golpe con su escudo

[INFO] 2026-05-22 21:00:32 — Moneda skin: Jugador 1 cambió a Azul (Inky) hasta morir

[INFO] 2026-05-22 21:00:32 — Colisión jugador-jugador: ambos reiniciados a inicio
may 22, 2026 9:00:32 P. M. main.domain.HardestGame movePlayer
SEVERE: movePlayer no permitido en estado PAUSED

[INFO] 2026-05-22 21:00:32 — Checkpoint intermedio activado — monedas previas fijadas
may 22, 2026 9:00:32 P. M. main.domain.GameConfiguration parseLine
WARNING: Comando desconocido en archivo: SAFE_INTER
may 22, 2026 9:00:32 P. M. main.domain.GameConfiguration parseLine
WARNING: Comando desconocido en archivo: SAFE_INTER

[INFO] 2026-05-22 21:00:32 — Vida extra para Jugador 1 (total: 1)

[INFO] 2026-05-22 21:00:32 — Vida extra para Jugador 1 (total: 1)

[INFO] 2026-05-22 21:00:32 — Vida extra para Jugador 1 (total: 1)

[INFO] 2026-05-22 21:00:32 — Vida extra absorbió un golpe para Jugador 1 (restantes: 0)

[INFO] 2026-05-22 21:00:32 — Vida extra para Jugador 1 (total: 1)

[INFO] 2026-05-22 21:00:32 — Vida extra para Jugador 1 (total: 1)

[INFO] 2026-05-22 21:00:32 — Vida extra absorbió un golpe para Jugador 1 (restantes: 0)
may 22, 2026 9:00:37 P. M. main.domain.Board setWall
SEVERE: Muro fuera del tablero en (-1,0)

════════════════════════════════════════════════════════════
[ERROR] 2026-05-22 21:00:37
────────────────────────────────────────────────────────────
Mensaje    : Mock error message
Excepción  : java.lang.NullPointerException
Detalle    : Mock unexpected exception for test
StackTrace :
  at test.ExceptionsTest.testGameLoggerUnexpectedErrorLogging(ExceptionsTest.java:47)
  at java.base/jdk.internal.reflect.DirectMethodHandleAccessor.invoke(DirectMethodHandleAccessor.java:104)
  at java.base/java.lang.reflect.Method.invoke(Method.java:565)
  at org.junit.runners.model.FrameworkMethod$1.runReflectiveCall(FrameworkMethod.java:59)
  at org.junit.internal.runners.model.ReflectiveCallable.run(ReflectiveCallable.java:12)
  at org.junit.runners.model.FrameworkMethod.invokeExplosively(FrameworkMethod.java:56)
  at org.junit.internal.runners.statements.InvokeMethod.evaluate(InvokeMethod.java:17)
  at org.junit.runners.ParentRunner$3.evaluate(ParentRunner.java:306)
  at org.junit.runners.BlockJUnit4ClassRunner$1.evaluate(BlockJUnit4ClassRunner.java:100)
  at org.junit.runners.ParentRunner.runLeaf(ParentRunner.java:366)
  at org.junit.runners.BlockJUnit4ClassRunner.runChild(BlockJUnit4ClassRunner.java:103)
  at org.junit.runners.BlockJUnit4ClassRunner.runChild(BlockJUnit4ClassRunner.java:63)
  at org.junit.runners.ParentRunner$4.run(ParentRunner.java:331)
  at org.junit.runners.ParentRunner$1.schedule(ParentRunner.java:79)
  at org.junit.runners.ParentRunner.runChildren(ParentRunner.java:329)
  at org.junit.runners.ParentRunner.access$100(ParentRunner.java:66)
  at org.junit.runners.ParentRunner$2.evaluate(ParentRunner.java:293)
  at org.junit.runners.ParentRunner$3.evaluate(ParentRunner.java:306)
  at org.junit.runners.ParentRunner.run(ParentRunner.java:413)
  at org.junit.runners.Suite.runChild(Suite.java:128)
  at org.junit.runners.Suite.runChild(Suite.java:27)
  at org.junit.runners.ParentRunner$4.run(ParentRunner.java:331)
  at org.junit.runners.ParentRunner$1.schedule(ParentRunner.java:79)
  at org.junit.runners.ParentRunner.runChildren(ParentRunner.java:329)
  at org.junit.runners.ParentRunner.access$100(ParentRunner.java:66)
  at org.junit.runners.ParentRunner$2.evaluate(ParentRunner.java:293)
  at org.junit.runners.ParentRunner$3.evaluate(ParentRunner.java:306)
  at org.junit.runners.ParentRunner.run(ParentRunner.java:413)
  at org.junit.runner.JUnitCore.run(JUnitCore.java:137)
  at com.intellij.junit4.JUnit4IdeaTestRunner.startRunnerWithArgs(JUnit4IdeaTestRunner.java:69)
  at com.intellij.rt.junit.IdeaTestRunner$Repeater$1.execute(IdeaTestRunner.java:38)
  at com.intellij.rt.execution.junit.TestsRepeater.repeat(TestsRepeater.java:11)
  at com.intellij.rt.junit.IdeaTestRunner$Repeater.startRunnerWithArgs(IdeaTestRunner.java:35)
  at com.intellij.rt.junit.JUnitStarter.prepareStreamsAndStart(JUnitStarter.java:231)
  at com.intellij.rt.junit.JUnitStarter.main(JUnitStarter.java:55)
════════════════════════════════════════════════════════════
may 22, 2026 9:00:37 P. M. main.domain.GameConfiguration validate
SEVERE: Falta SAFE_START en la configuración
may 22, 2026 9:00:37 P. M. main.domain.GameConfiguration validateNotOnWall
SEVERE: COIN colocado sobre un muro en (2,4)

[INFO] 2026-05-22 21:00:37 — Clyde absorbió un golpe con su escudo

[INFO] 2026-05-22 21:00:37 — Vida extra para Jugador 1 (total: 1)

[INFO] 2026-05-22 21:00:37 — Clyde absorbió un golpe con su escudo

[INFO] 2026-05-22 21:00:37 — Vida extra absorbió un golpe para Jugador 1 (restantes: 0)

[INFO] 2026-05-22 21:00:37 — Clyde absorbió un golpe con su escudo

[INFO] 2026-05-22 21:00:37 — Moneda skin: Jugador 1 cambió a Azul (Inky) hasta morir

[INFO] 2026-05-22 21:00:37 — Colisión jugador-jugador: ambos reiniciados a inicio
may 22, 2026 9:00:37 P. M. main.domain.HardestGame movePlayer
SEVERE: movePlayer no permitido en estado PAUSED

[INFO] 2026-05-22 21:00:37 — Checkpoint intermedio activado — monedas previas fijadas
may 22, 2026 9:00:37 P. M. main.domain.GameConfiguration parseLine
WARNING: Comando desconocido en archivo: SAFE_INTER
may 22, 2026 9:00:37 P. M. main.domain.GameConfiguration parseLine
WARNING: Comando desconocido en archivo: SAFE_INTER

[INFO] 2026-05-22 21:00:37 — Vida extra para Jugador 1 (total: 1)

[INFO] 2026-05-22 21:00:37 — Vida extra para Jugador 1 (total: 1)

[INFO] 2026-05-22 21:00:37 — Vida extra para Jugador 1 (total: 1)

[INFO] 2026-05-22 21:00:37 — Vida extra absorbió un golpe para Jugador 1 (restantes: 0)

[INFO] 2026-05-22 21:00:37 — Vida extra para Jugador 1 (total: 1)

[INFO] 2026-05-22 21:00:37 — Vida extra para Jugador 1 (total: 1)

[INFO] 2026-05-22 21:00:37 — Vida extra absorbió un golpe para Jugador 1 (restantes: 0)
may 22, 2026 9:05:53 P. M. main.domain.Board setWall
SEVERE: Muro fuera del tablero en (-1,0)

════════════════════════════════════════════════════════════
[ERROR] 2026-05-22 21:05:53
────────────────────────────────────────────────────────────
Mensaje    : Mock error message
Excepción  : java.lang.NullPointerException
Detalle    : Mock unexpected exception for test
StackTrace :
  at test.ExceptionsTest.testGameLoggerUnexpectedErrorLogging(ExceptionsTest.java:47)
  at java.base/jdk.internal.reflect.DirectMethodHandleAccessor.invoke(DirectMethodHandleAccessor.java:104)
  at java.base/java.lang.reflect.Method.invoke(Method.java:565)
  at org.junit.runners.model.FrameworkMethod$1.runReflectiveCall(FrameworkMethod.java:59)
  at org.junit.internal.runners.model.ReflectiveCallable.run(ReflectiveCallable.java:12)
  at org.junit.runners.model.FrameworkMethod.invokeExplosively(FrameworkMethod.java:56)
  at org.junit.internal.runners.statements.InvokeMethod.evaluate(InvokeMethod.java:17)
  at org.junit.runners.ParentRunner$3.evaluate(ParentRunner.java:306)
  at org.junit.runners.BlockJUnit4ClassRunner$1.evaluate(BlockJUnit4ClassRunner.java:100)
  at org.junit.runners.ParentRunner.runLeaf(ParentRunner.java:366)
  at org.junit.runners.BlockJUnit4ClassRunner.runChild(BlockJUnit4ClassRunner.java:103)
  at org.junit.runners.BlockJUnit4ClassRunner.runChild(BlockJUnit4ClassRunner.java:63)
  at org.junit.runners.ParentRunner$4.run(ParentRunner.java:331)
  at org.junit.runners.ParentRunner$1.schedule(ParentRunner.java:79)
  at org.junit.runners.ParentRunner.runChildren(ParentRunner.java:329)
  at org.junit.runners.ParentRunner.access$100(ParentRunner.java:66)
  at org.junit.runners.ParentRunner$2.evaluate(ParentRunner.java:293)
  at org.junit.runners.ParentRunner$3.evaluate(ParentRunner.java:306)
  at org.junit.runners.ParentRunner.run(ParentRunner.java:413)
  at org.junit.runners.Suite.runChild(Suite.java:128)
  at org.junit.runners.Suite.runChild(Suite.java:27)
  at org.junit.runners.ParentRunner$4.run(ParentRunner.java:331)
  at org.junit.runners.ParentRunner$1.schedule(ParentRunner.java:79)
  at org.junit.runners.ParentRunner.runChildren(ParentRunner.java:329)
  at org.junit.runners.ParentRunner.access$100(ParentRunner.java:66)
  at org.junit.runners.ParentRunner$2.evaluate(ParentRunner.java:293)
  at org.junit.runners.ParentRunner$3.evaluate(ParentRunner.java:306)
  at org.junit.runners.ParentRunner.run(ParentRunner.java:413)
  at org.junit.runner.JUnitCore.run(JUnitCore.java:137)
  at com.intellij.junit4.JUnit4IdeaTestRunner.startRunnerWithArgs(JUnit4IdeaTestRunner.java:69)
  at com.intellij.rt.junit.IdeaTestRunner$Repeater$1.execute(IdeaTestRunner.java:38)
  at com.intellij.rt.execution.junit.TestsRepeater.repeat(TestsRepeater.java:11)
  at com.intellij.rt.junit.IdeaTestRunner$Repeater.startRunnerWithArgs(IdeaTestRunner.java:35)
  at com.intellij.rt.junit.JUnitStarter.prepareStreamsAndStart(JUnitStarter.java:231)
  at com.intellij.rt.junit.JUnitStarter.main(JUnitStarter.java:55)
════════════════════════════════════════════════════════════
may 22, 2026 9:05:53 P. M. main.domain.GameConfiguration validate
SEVERE: Falta SAFE_START en la configuración
may 22, 2026 9:05:53 P. M. main.domain.GameConfiguration validateNotOnWall
SEVERE: COIN colocado sobre un muro en (2,4)

[INFO] 2026-05-22 21:05:53 — Clyde absorbió un golpe con su escudo

[INFO] 2026-05-22 21:05:53 — Vida extra para Jugador 1 (total: 1)

[INFO] 2026-05-22 21:05:53 — Clyde absorbió un golpe con su escudo

[INFO] 2026-05-22 21:05:53 — Vida extra absorbió un golpe para Jugador 1 (restantes: 0)

[INFO] 2026-05-22 21:05:53 — Clyde absorbió un golpe con su escudo

[INFO] 2026-05-22 21:05:53 — Moneda skin: Jugador 1 cambió a Azul (Inky) hasta morir

[INFO] 2026-05-22 21:05:53 — Colisión jugador-jugador: ambos reiniciados a inicio
may 22, 2026 9:05:53 P. M. main.domain.HardestGame movePlayer
SEVERE: movePlayer no permitido en estado PAUSED

[INFO] 2026-05-22 21:05:53 — Checkpoint intermedio activado — monedas previas fijadas
may 22, 2026 9:05:53 P. M. main.domain.GameConfiguration parseLine
WARNING: Comando desconocido en archivo: SAFE_INTER
may 22, 2026 9:05:53 P. M. main.domain.GameConfiguration parseLine
WARNING: Comando desconocido en archivo: SAFE_INTER

[INFO] 2026-05-22 21:05:53 — Vida extra para Jugador 1 (total: 1)

[INFO] 2026-05-22 21:05:53 — Vida extra para Jugador 1 (total: 1)

[INFO] 2026-05-22 21:05:53 — Vida extra para Jugador 1 (total: 1)

[INFO] 2026-05-22 21:05:53 — Vida extra absorbió un golpe para Jugador 1 (restantes: 0)

[INFO] 2026-05-22 21:05:53 — Vida extra para Jugador 1 (total: 1)

[INFO] 2026-05-22 21:05:53 — Vida extra para Jugador 1 (total: 1)

[INFO] 2026-05-22 21:05:53 — Vida extra absorbió un golpe para Jugador 1 (restantes: 0)
may 22, 2026 9:23:11 P. M. main.domain.Board setWall
SEVERE: Muro fuera del tablero en (-1,0)

════════════════════════════════════════════════════════════
[ERROR] 2026-05-22 21:23:11
────────────────────────────────────────────────────────────
Mensaje    : Mock error message
Excepción  : java.lang.NullPointerException
Detalle    : Mock unexpected exception for test
StackTrace :
  at test.ExceptionsTest.testGameLoggerUnexpectedErrorLogging(ExceptionsTest.java:47)
  at java.base/jdk.internal.reflect.DirectMethodHandleAccessor.invoke(DirectMethodHandleAccessor.java:104)
  at java.base/java.lang.reflect.Method.invoke(Method.java:565)
  at org.junit.runners.model.FrameworkMethod$1.runReflectiveCall(FrameworkMethod.java:59)
  at org.junit.internal.runners.model.ReflectiveCallable.run(ReflectiveCallable.java:12)
  at org.junit.runners.model.FrameworkMethod.invokeExplosively(FrameworkMethod.java:56)
  at org.junit.internal.runners.statements.InvokeMethod.evaluate(InvokeMethod.java:17)
  at org.junit.runners.ParentRunner$3.evaluate(ParentRunner.java:306)
  at org.junit.runners.BlockJUnit4ClassRunner$1.evaluate(BlockJUnit4ClassRunner.java:100)
  at org.junit.runners.ParentRunner.runLeaf(ParentRunner.java:366)
  at org.junit.runners.BlockJUnit4ClassRunner.runChild(BlockJUnit4ClassRunner.java:103)
  at org.junit.runners.BlockJUnit4ClassRunner.runChild(BlockJUnit4ClassRunner.java:63)
  at org.junit.runners.ParentRunner$4.run(ParentRunner.java:331)
  at org.junit.runners.ParentRunner$1.schedule(ParentRunner.java:79)
  at org.junit.runners.ParentRunner.runChildren(ParentRunner.java:329)
  at org.junit.runners.ParentRunner.access$100(ParentRunner.java:66)
  at org.junit.runners.ParentRunner$2.evaluate(ParentRunner.java:293)
  at org.junit.runners.ParentRunner$3.evaluate(ParentRunner.java:306)
  at org.junit.runners.ParentRunner.run(ParentRunner.java:413)
  at org.junit.runners.Suite.runChild(Suite.java:128)
  at org.junit.runners.Suite.runChild(Suite.java:27)
  at org.junit.runners.ParentRunner$4.run(ParentRunner.java:331)
  at org.junit.runners.ParentRunner$1.schedule(ParentRunner.java:79)
  at org.junit.runners.ParentRunner.runChildren(ParentRunner.java:329)
  at org.junit.runners.ParentRunner.access$100(ParentRunner.java:66)
  at org.junit.runners.ParentRunner$2.evaluate(ParentRunner.java:293)
  at org.junit.runners.ParentRunner$3.evaluate(ParentRunner.java:306)
  at org.junit.runners.ParentRunner.run(ParentRunner.java:413)
  at org.junit.runner.JUnitCore.run(JUnitCore.java:137)
  at org.junit.runner.JUnitCore.run(JUnitCore.java:115)
  at org.junit.runner.JUnitCore.runMain(JUnitCore.java:77)
  at org.junit.runner.JUnitCore.main(JUnitCore.java:36)
════════════════════════════════════════════════════════════
may 22, 2026 9:23:11 P. M. main.domain.GameConfiguration validate
SEVERE: Falta SAFE_START en la configuración
may 22, 2026 9:23:11 P. M. main.domain.GameConfiguration validateNotOnWall
SEVERE: COIN colocado sobre un muro en (2,4)

[INFO] 2026-05-22 21:23:11 — Clyde absorbió un golpe con su escudo

[INFO] 2026-05-22 21:23:11 — Vida extra para Jugador 1 (total: 1)

[INFO] 2026-05-22 21:23:11 — Clyde absorbió un golpe con su escudo

[INFO] 2026-05-22 21:23:11 — Vida extra absorbió un golpe para Jugador 1 (restantes: 0)

[INFO] 2026-05-22 21:23:11 — Clyde absorbió un golpe con su escudo

[INFO] 2026-05-22 21:23:11 — Moneda skin: Jugador 1 cambió a Azul (Inky) hasta morir

[INFO] 2026-05-22 21:23:11 — Colisión jugador-jugador: ambos reiniciados a inicio
may 22, 2026 9:23:11 P. M. main.domain.HardestGame movePlayer
SEVERE: movePlayer no permitido en estado PAUSED

[INFO] 2026-05-22 21:23:11 — Checkpoint intermedio activado — monedas previas fijadas
may 22, 2026 9:23:11 P. M. main.domain.GameConfiguration parseLine
WARNING: Comando desconocido en archivo: SAFE_INTER
may 22, 2026 9:23:11 P. M. main.domain.GameConfiguration parseLine
WARNING: Comando desconocido en archivo: SAFE_INTER

[INFO] 2026-05-22 21:23:11 — Vida extra para Jugador 1 (total: 1)

[INFO] 2026-05-22 21:23:11 — Vida extra para Jugador 1 (total: 1)

[INFO] 2026-05-22 21:23:11 — Vida extra para Jugador 1 (total: 1)

[INFO] 2026-05-22 21:23:11 — Vida extra absorbió un golpe para Jugador 1 (restantes: 0)

[INFO] 2026-05-22 21:23:11 — Vida extra para Jugador 1 (total: 1)

[INFO] 2026-05-22 21:23:11 — Vida extra para Jugador 1 (total: 1)

[INFO] 2026-05-22 21:23:11 — Vida extra absorbió un golpe para Jugador 1 (restantes: 0)
may 22, 2026 9:24:18 P. M. main.domain.Board setWall
SEVERE: Muro fuera del tablero en (-1,0)

════════════════════════════════════════════════════════════
[ERROR] 2026-05-22 21:24:18
────────────────────────────────────────────────────────────
Mensaje    : Mock error message
Excepción  : java.lang.NullPointerException
Detalle    : Mock unexpected exception for test
StackTrace :
  at test.ExceptionsTest.testGameLoggerUnexpectedErrorLogging(ExceptionsTest.java:47)
  at java.base/jdk.internal.reflect.DirectMethodHandleAccessor.invoke(DirectMethodHandleAccessor.java:104)
  at java.base/java.lang.reflect.Method.invoke(Method.java:565)
  at org.junit.runners.model.FrameworkMethod$1.runReflectiveCall(FrameworkMethod.java:59)
  at org.junit.internal.runners.model.ReflectiveCallable.run(ReflectiveCallable.java:12)
  at org.junit.runners.model.FrameworkMethod.invokeExplosively(FrameworkMethod.java:56)
  at org.junit.internal.runners.statements.InvokeMethod.evaluate(InvokeMethod.java:17)
  at org.junit.runners.ParentRunner$3.evaluate(ParentRunner.java:306)
  at org.junit.runners.BlockJUnit4ClassRunner$1.evaluate(BlockJUnit4ClassRunner.java:100)
  at org.junit.runners.ParentRunner.runLeaf(ParentRunner.java:366)
  at org.junit.runners.BlockJUnit4ClassRunner.runChild(BlockJUnit4ClassRunner.java:103)
  at org.junit.runners.BlockJUnit4ClassRunner.runChild(BlockJUnit4ClassRunner.java:63)
  at org.junit.runners.ParentRunner$4.run(ParentRunner.java:331)
  at org.junit.runners.ParentRunner$1.schedule(ParentRunner.java:79)
  at org.junit.runners.ParentRunner.runChildren(ParentRunner.java:329)
  at org.junit.runners.ParentRunner.access$100(ParentRunner.java:66)
  at org.junit.runners.ParentRunner$2.evaluate(ParentRunner.java:293)
  at org.junit.runners.ParentRunner$3.evaluate(ParentRunner.java:306)
  at org.junit.runners.ParentRunner.run(ParentRunner.java:413)
  at org.junit.runners.Suite.runChild(Suite.java:128)
  at org.junit.runners.Suite.runChild(Suite.java:27)
  at org.junit.runners.ParentRunner$4.run(ParentRunner.java:331)
  at org.junit.runners.ParentRunner$1.schedule(ParentRunner.java:79)
  at org.junit.runners.ParentRunner.runChildren(ParentRunner.java:329)
  at org.junit.runners.ParentRunner.access$100(ParentRunner.java:66)
  at org.junit.runners.ParentRunner$2.evaluate(ParentRunner.java:293)
  at org.junit.runners.ParentRunner$3.evaluate(ParentRunner.java:306)
  at org.junit.runners.ParentRunner.run(ParentRunner.java:413)
  at org.junit.runner.JUnitCore.run(JUnitCore.java:137)
  at com.intellij.junit4.JUnit4IdeaTestRunner.startRunnerWithArgs(JUnit4IdeaTestRunner.java:69)
  at com.intellij.rt.junit.IdeaTestRunner$Repeater$1.execute(IdeaTestRunner.java:38)
  at com.intellij.rt.execution.junit.TestsRepeater.repeat(TestsRepeater.java:11)
  at com.intellij.rt.junit.IdeaTestRunner$Repeater.startRunnerWithArgs(IdeaTestRunner.java:35)
  at com.intellij.rt.junit.JUnitStarter.prepareStreamsAndStart(JUnitStarter.java:231)
  at com.intellij.rt.junit.JUnitStarter.main(JUnitStarter.java:55)
════════════════════════════════════════════════════════════
may 22, 2026 9:24:18 P. M. main.domain.GameConfiguration validate
SEVERE: Falta SAFE_START en la configuración
may 22, 2026 9:24:18 P. M. main.domain.GameConfiguration validateNotOnWall
SEVERE: COIN colocado sobre un muro en (2,4)

[INFO] 2026-05-22 21:24:18 — Clyde absorbió un golpe con su escudo

[INFO] 2026-05-22 21:24:18 — Vida extra para Jugador 1 (total: 1)

[INFO] 2026-05-22 21:24:18 — Clyde absorbió un golpe con su escudo

[INFO] 2026-05-22 21:24:18 — Vida extra absorbió un golpe para Jugador 1 (restantes: 0)

[INFO] 2026-05-22 21:24:18 — Clyde absorbió un golpe con su escudo

[INFO] 2026-05-22 21:24:18 — Moneda skin: Jugador 1 cambió a Azul (Inky) hasta morir

[INFO] 2026-05-22 21:24:18 — Colisión jugador-jugador: ambos reiniciados a inicio
may 22, 2026 9:24:18 P. M. main.domain.HardestGame movePlayer
SEVERE: movePlayer no permitido en estado PAUSED

[INFO] 2026-05-22 21:24:18 — Checkpoint intermedio activado — monedas previas fijadas
may 22, 2026 9:24:18 P. M. main.domain.GameConfiguration parseLine
WARNING: Comando desconocido en archivo: SAFE_INTER
may 22, 2026 9:24:18 P. M. main.domain.GameConfiguration parseLine
WARNING: Comando desconocido en archivo: SAFE_INTER

[INFO] 2026-05-22 21:24:18 — Vida extra para Jugador 1 (total: 1)

[INFO] 2026-05-22 21:24:18 — Vida extra para Jugador 1 (total: 1)

[INFO] 2026-05-22 21:24:18 — Vida extra para Jugador 1 (total: 1)

[INFO] 2026-05-22 21:24:18 — Vida extra absorbió un golpe para Jugador 1 (restantes: 0)

[INFO] 2026-05-22 21:24:18 — Vida extra para Jugador 1 (total: 1)

[INFO] 2026-05-22 21:24:18 — Vida extra para Jugador 1 (total: 1)

[INFO] 2026-05-22 21:24:18 — Vida extra absorbió un golpe para Jugador 1 (restantes: 0)
may 22, 2026 9:24:23 P. M. main.domain.Board setWall
SEVERE: Muro fuera del tablero en (-1,0)

════════════════════════════════════════════════════════════
[ERROR] 2026-05-22 21:24:23
────────────────────────────────────────────────────────────
Mensaje    : Mock error message
Excepción  : java.lang.NullPointerException
Detalle    : Mock unexpected exception for test
StackTrace :
  at test.ExceptionsTest.testGameLoggerUnexpectedErrorLogging(ExceptionsTest.java:47)
  at java.base/jdk.internal.reflect.DirectMethodHandleAccessor.invoke(DirectMethodHandleAccessor.java:104)
  at java.base/java.lang.reflect.Method.invoke(Method.java:565)
  at org.junit.runners.model.FrameworkMethod$1.runReflectiveCall(FrameworkMethod.java:59)
  at org.junit.internal.runners.model.ReflectiveCallable.run(ReflectiveCallable.java:12)
  at org.junit.runners.model.FrameworkMethod.invokeExplosively(FrameworkMethod.java:56)
  at org.junit.internal.runners.statements.InvokeMethod.evaluate(InvokeMethod.java:17)
  at org.junit.runners.ParentRunner$3.evaluate(ParentRunner.java:306)
  at org.junit.runners.BlockJUnit4ClassRunner$1.evaluate(BlockJUnit4ClassRunner.java:100)
  at org.junit.runners.ParentRunner.runLeaf(ParentRunner.java:366)
  at org.junit.runners.BlockJUnit4ClassRunner.runChild(BlockJUnit4ClassRunner.java:103)
  at org.junit.runners.BlockJUnit4ClassRunner.runChild(BlockJUnit4ClassRunner.java:63)
  at org.junit.runners.ParentRunner$4.run(ParentRunner.java:331)
  at org.junit.runners.ParentRunner$1.schedule(ParentRunner.java:79)
  at org.junit.runners.ParentRunner.runChildren(ParentRunner.java:329)
  at org.junit.runners.ParentRunner.access$100(ParentRunner.java:66)
  at org.junit.runners.ParentRunner$2.evaluate(ParentRunner.java:293)
  at org.junit.runners.ParentRunner$3.evaluate(ParentRunner.java:306)
  at org.junit.runners.ParentRunner.run(ParentRunner.java:413)
  at org.junit.runners.Suite.runChild(Suite.java:128)
  at org.junit.runners.Suite.runChild(Suite.java:27)
  at org.junit.runners.ParentRunner$4.run(ParentRunner.java:331)
  at org.junit.runners.ParentRunner$1.schedule(ParentRunner.java:79)
  at org.junit.runners.ParentRunner.runChildren(ParentRunner.java:329)
  at org.junit.runners.ParentRunner.access$100(ParentRunner.java:66)
  at org.junit.runners.ParentRunner$2.evaluate(ParentRunner.java:293)
  at org.junit.runners.ParentRunner$3.evaluate(ParentRunner.java:306)
  at org.junit.runners.ParentRunner.run(ParentRunner.java:413)
  at org.junit.runner.JUnitCore.run(JUnitCore.java:137)
  at com.intellij.junit4.JUnit4IdeaTestRunner.startRunnerWithArgs(JUnit4IdeaTestRunner.java:69)
  at com.intellij.rt.junit.IdeaTestRunner$Repeater$1.execute(IdeaTestRunner.java:38)
  at com.intellij.rt.execution.junit.TestsRepeater.repeat(TestsRepeater.java:11)
  at com.intellij.rt.junit.IdeaTestRunner$Repeater.startRunnerWithArgs(IdeaTestRunner.java:35)
  at com.intellij.rt.junit.JUnitStarter.prepareStreamsAndStart(JUnitStarter.java:231)
  at com.intellij.rt.junit.JUnitStarter.main(JUnitStarter.java:55)
════════════════════════════════════════════════════════════
may 22, 2026 9:24:23 P. M. main.domain.GameConfiguration validate
SEVERE: Falta SAFE_START en la configuración
may 22, 2026 9:24:23 P. M. main.domain.GameConfiguration validateNotOnWall
SEVERE: COIN colocado sobre un muro en (2,4)

[INFO] 2026-05-22 21:24:23 — Clyde absorbió un golpe con su escudo

[INFO] 2026-05-22 21:24:23 — Vida extra para Jugador 1 (total: 1)

[INFO] 2026-05-22 21:24:23 — Clyde absorbió un golpe con su escudo

[INFO] 2026-05-22 21:24:23 — Vida extra absorbió un golpe para Jugador 1 (restantes: 0)

[INFO] 2026-05-22 21:24:23 — Clyde absorbió un golpe con su escudo

[INFO] 2026-05-22 21:24:23 — Moneda skin: Jugador 1 cambió a Azul (Inky) hasta morir

[INFO] 2026-05-22 21:24:23 — Colisión jugador-jugador: ambos reiniciados a inicio
may 22, 2026 9:24:23 P. M. main.domain.HardestGame movePlayer
SEVERE: movePlayer no permitido en estado PAUSED

[INFO] 2026-05-22 21:24:23 — Checkpoint intermedio activado — monedas previas fijadas
may 22, 2026 9:24:23 P. M. main.domain.GameConfiguration parseLine
WARNING: Comando desconocido en archivo: SAFE_INTER
may 22, 2026 9:24:23 P. M. main.domain.GameConfiguration parseLine
WARNING: Comando desconocido en archivo: SAFE_INTER

[INFO] 2026-05-22 21:24:23 — Vida extra para Jugador 1 (total: 1)

[INFO] 2026-05-22 21:24:23 — Vida extra para Jugador 1 (total: 1)

[INFO] 2026-05-22 21:24:23 — Vida extra para Jugador 1 (total: 1)

[INFO] 2026-05-22 21:24:23 — Vida extra absorbió un golpe para Jugador 1 (restantes: 0)

[INFO] 2026-05-22 21:24:23 — Vida extra para Jugador 1 (total: 1)

[INFO] 2026-05-22 21:24:23 — Vida extra para Jugador 1 (total: 1)

[INFO] 2026-05-22 21:24:23 — Vida extra absorbió un golpe para Jugador 1 (restantes: 0)
may 22, 2026 9:29:30 P. M. main.domain.Board setWall
SEVERE: Muro fuera del tablero en (-1,0)

════════════════════════════════════════════════════════════
[ERROR] 2026-05-22 21:29:30
────────────────────────────────────────────────────────────
Mensaje    : Mock error message
Excepción  : java.lang.NullPointerException
Detalle    : Mock unexpected exception for test
StackTrace :
  at test.ExceptionsTest.testGameLoggerUnexpectedErrorLogging(ExceptionsTest.java:47)
  at java.base/jdk.internal.reflect.DirectMethodHandleAccessor.invoke(DirectMethodHandleAccessor.java:104)
  at java.base/java.lang.reflect.Method.invoke(Method.java:565)
  at org.junit.runners.model.FrameworkMethod$1.runReflectiveCall(FrameworkMethod.java:59)
  at org.junit.internal.runners.model.ReflectiveCallable.run(ReflectiveCallable.java:12)
  at org.junit.runners.model.FrameworkMethod.invokeExplosively(FrameworkMethod.java:56)
  at org.junit.internal.runners.statements.InvokeMethod.evaluate(InvokeMethod.java:17)
  at org.junit.runners.ParentRunner$3.evaluate(ParentRunner.java:306)
  at org.junit.runners.BlockJUnit4ClassRunner$1.evaluate(BlockJUnit4ClassRunner.java:100)
  at org.junit.runners.ParentRunner.runLeaf(ParentRunner.java:366)
  at org.junit.runners.BlockJUnit4ClassRunner.runChild(BlockJUnit4ClassRunner.java:103)
  at org.junit.runners.BlockJUnit4ClassRunner.runChild(BlockJUnit4ClassRunner.java:63)
  at org.junit.runners.ParentRunner$4.run(ParentRunner.java:331)
  at org.junit.runners.ParentRunner$1.schedule(ParentRunner.java:79)
  at org.junit.runners.ParentRunner.runChildren(ParentRunner.java:329)
  at org.junit.runners.ParentRunner.access$100(ParentRunner.java:66)
  at org.junit.runners.ParentRunner$2.evaluate(ParentRunner.java:293)
  at org.junit.runners.ParentRunner$3.evaluate(ParentRunner.java:306)
  at org.junit.runners.ParentRunner.run(ParentRunner.java:413)
  at org.junit.runners.Suite.runChild(Suite.java:128)
  at org.junit.runners.Suite.runChild(Suite.java:27)
  at org.junit.runners.ParentRunner$4.run(ParentRunner.java:331)
  at org.junit.runners.ParentRunner$1.schedule(ParentRunner.java:79)
  at org.junit.runners.ParentRunner.runChildren(ParentRunner.java:329)
  at org.junit.runners.ParentRunner.access$100(ParentRunner.java:66)
  at org.junit.runners.ParentRunner$2.evaluate(ParentRunner.java:293)
  at org.junit.runners.ParentRunner$3.evaluate(ParentRunner.java:306)
  at org.junit.runners.ParentRunner.run(ParentRunner.java:413)
  at org.junit.runner.JUnitCore.run(JUnitCore.java:137)
  at org.junit.runner.JUnitCore.run(JUnitCore.java:115)
  at org.junit.runner.JUnitCore.runMain(JUnitCore.java:77)
  at org.junit.runner.JUnitCore.main(JUnitCore.java:36)
════════════════════════════════════════════════════════════

════════════════════════════════════════════════════════════
[ERROR] 2026-05-22 21:29:30
────────────────────────────────────────────────────────────
Mensaje    : Single argument error
════════════════════════════════════════════════════════════

[INFO] 2026-05-22 21:29:30 — Information log message

════════════════════════════════════════════════════════════
[ERROR] 2026-05-22 21:29:30
────────────────────────────────────────────────────────────
Mensaje    : Test error message
Contexto   : Custom Extra Context
Excepción  : java.lang.RuntimeException
Detalle    : Runtime wrapper
Causa raíz : Root bad argument
StackTrace :
  at test.ExceptionsTest.testGameLoggerComprehensive(ExceptionsTest.java:90)
  at java.base/jdk.internal.reflect.DirectMethodHandleAccessor.invoke(DirectMethodHandleAccessor.java:104)
  at java.base/java.lang.reflect.Method.invoke(Method.java:565)
  at org.junit.runners.model.FrameworkMethod$1.runReflectiveCall(FrameworkMethod.java:59)
  at org.junit.internal.runners.model.ReflectiveCallable.run(ReflectiveCallable.java:12)
  at org.junit.runners.model.FrameworkMethod.invokeExplosively(FrameworkMethod.java:56)
  at org.junit.internal.runners.statements.InvokeMethod.evaluate(InvokeMethod.java:17)
  at org.junit.runners.ParentRunner$3.evaluate(ParentRunner.java:306)
  at org.junit.runners.BlockJUnit4ClassRunner$1.evaluate(BlockJUnit4ClassRunner.java:100)
  at org.junit.runners.ParentRunner.runLeaf(ParentRunner.java:366)
  at org.junit.runners.BlockJUnit4ClassRunner.runChild(BlockJUnit4ClassRunner.java:103)
  at org.junit.runners.BlockJUnit4ClassRunner.runChild(BlockJUnit4ClassRunner.java:63)
  at org.junit.runners.ParentRunner$4.run(ParentRunner.java:331)
  at org.junit.runners.ParentRunner$1.schedule(ParentRunner.java:79)
  at org.junit.runners.ParentRunner.runChildren(ParentRunner.java:329)
  at org.junit.runners.ParentRunner.access$100(ParentRunner.java:66)
  at org.junit.runners.ParentRunner$2.evaluate(ParentRunner.java:293)
  at org.junit.runners.ParentRunner$3.evaluate(ParentRunner.java:306)
  at org.junit.runners.ParentRunner.run(ParentRunner.java:413)
  at org.junit.runners.Suite.runChild(Suite.java:128)
  at org.junit.runners.Suite.runChild(Suite.java:27)
  at org.junit.runners.ParentRunner$4.run(ParentRunner.java:331)
  at org.junit.runners.ParentRunner$1.schedule(ParentRunner.java:79)
  at org.junit.runners.ParentRunner.runChildren(ParentRunner.java:329)
  at org.junit.runners.ParentRunner.access$100(ParentRunner.java:66)
  at org.junit.runners.ParentRunner$2.evaluate(ParentRunner.java:293)
  at org.junit.runners.ParentRunner$3.evaluate(ParentRunner.java:306)
  at org.junit.runners.ParentRunner.run(ParentRunner.java:413)
  at org.junit.runner.JUnitCore.run(JUnitCore.java:137)
  at org.junit.runner.JUnitCore.run(JUnitCore.java:115)
  at org.junit.runner.JUnitCore.runMain(JUnitCore.java:77)
  at org.junit.runner.JUnitCore.main(JUnitCore.java:36)
════════════════════════════════════════════════════════════
may 22, 2026 9:29:30 P. M. main.domain.GameConfiguration validate
SEVERE: Falta SAFE_START en la configuración
may 22, 2026 9:29:30 P. M. main.domain.GameConfiguration validateNotOnWall
SEVERE: COIN colocado sobre un muro en (2,4)

[INFO] 2026-05-22 21:29:30 — Clyde absorbió un golpe con su escudo

[INFO] 2026-05-22 21:29:30 — Vida extra para Jugador 1 (total: 1)

[INFO] 2026-05-22 21:29:30 — Clyde absorbió un golpe con su escudo

[INFO] 2026-05-22 21:29:30 — Vida extra absorbió un golpe para Jugador 1 (restantes: 0)

[INFO] 2026-05-22 21:29:30 — Clyde absorbió un golpe con su escudo

[INFO] 2026-05-22 21:29:30 — Moneda skin: Jugador 1 cambió a Azul (Inky) hasta morir

[INFO] 2026-05-22 21:29:30 — Colisión jugador-jugador: ambos reiniciados a inicio
may 22, 2026 9:29:30 P. M. main.domain.HardestGame movePlayer
SEVERE: movePlayer no permitido en estado PAUSED

[INFO] 2026-05-22 21:29:30 — Checkpoint intermedio activado — monedas previas fijadas
may 22, 2026 9:29:30 P. M. main.domain.GameConfiguration parseLine
WARNING: Comando desconocido en archivo: SAFE_INTER
may 22, 2026 9:29:30 P. M. main.domain.GameConfiguration parseLine
WARNING: Comando desconocido en archivo: SAFE_INTER

[INFO] 2026-05-22 21:29:30 — Vida extra para Jugador 1 (total: 1)

[INFO] 2026-05-22 21:29:30 — Vida extra para Jugador 1 (total: 1)

[INFO] 2026-05-22 21:29:30 — Vida extra para Jugador 1 (total: 1)

[INFO] 2026-05-22 21:29:30 — Vida extra absorbió un golpe para Jugador 1 (restantes: 0)

[INFO] 2026-05-22 21:29:30 — Vida extra para Jugador 1 (total: 1)

[INFO] 2026-05-22 21:29:30 — Vida extra para Jugador 1 (total: 1)

[INFO] 2026-05-22 21:29:30 — Vida extra absorbió un golpe para Jugador 1 (restantes: 0)
may 22, 2026 9:29:30 P. M. main.domain.Coin collect
SEVERE: Moneda ya recolectada en (3,5)
may 22, 2026 9:31:23 P. M. main.domain.Board setWall
SEVERE: Muro fuera del tablero en (-1,0)

════════════════════════════════════════════════════════════
[ERROR] 2026-05-22 21:31:23
────────────────────────────────────────────────────────────
Mensaje    : Mock error message
Excepción  : java.lang.NullPointerException
Detalle    : Mock unexpected exception for test
StackTrace :
  at test.ExceptionsTest.testGameLoggerUnexpectedErrorLogging(ExceptionsTest.java:47)
  at java.base/jdk.internal.reflect.DirectMethodHandleAccessor.invoke(DirectMethodHandleAccessor.java:104)
  at java.base/java.lang.reflect.Method.invoke(Method.java:565)
  at org.junit.runners.model.FrameworkMethod$1.runReflectiveCall(FrameworkMethod.java:59)
  at org.junit.internal.runners.model.ReflectiveCallable.run(ReflectiveCallable.java:12)
  at org.junit.runners.model.FrameworkMethod.invokeExplosively(FrameworkMethod.java:56)
  at org.junit.internal.runners.statements.InvokeMethod.evaluate(InvokeMethod.java:17)
  at org.junit.runners.ParentRunner$3.evaluate(ParentRunner.java:306)
  at org.junit.runners.BlockJUnit4ClassRunner$1.evaluate(BlockJUnit4ClassRunner.java:100)
  at org.junit.runners.ParentRunner.runLeaf(ParentRunner.java:366)
  at org.junit.runners.BlockJUnit4ClassRunner.runChild(BlockJUnit4ClassRunner.java:103)
  at org.junit.runners.BlockJUnit4ClassRunner.runChild(BlockJUnit4ClassRunner.java:63)
  at org.junit.runners.ParentRunner$4.run(ParentRunner.java:331)
  at org.junit.runners.ParentRunner$1.schedule(ParentRunner.java:79)
  at org.junit.runners.ParentRunner.runChildren(ParentRunner.java:329)
  at org.junit.runners.ParentRunner.access$100(ParentRunner.java:66)
  at org.junit.runners.ParentRunner$2.evaluate(ParentRunner.java:293)
  at org.junit.runners.ParentRunner$3.evaluate(ParentRunner.java:306)
  at org.junit.runners.ParentRunner.run(ParentRunner.java:413)
  at org.junit.runners.Suite.runChild(Suite.java:128)
  at org.junit.runners.Suite.runChild(Suite.java:27)
  at org.junit.runners.ParentRunner$4.run(ParentRunner.java:331)
  at org.junit.runners.ParentRunner$1.schedule(ParentRunner.java:79)
  at org.junit.runners.ParentRunner.runChildren(ParentRunner.java:329)
  at org.junit.runners.ParentRunner.access$100(ParentRunner.java:66)
  at org.junit.runners.ParentRunner$2.evaluate(ParentRunner.java:293)
  at org.junit.runners.ParentRunner$3.evaluate(ParentRunner.java:306)
  at org.junit.runners.ParentRunner.run(ParentRunner.java:413)
  at org.junit.runner.JUnitCore.run(JUnitCore.java:137)
  at org.junit.runner.JUnitCore.run(JUnitCore.java:115)
  at org.junit.runner.JUnitCore.runMain(JUnitCore.java:77)
  at org.junit.runner.JUnitCore.main(JUnitCore.java:36)
════════════════════════════════════════════════════════════

════════════════════════════════════════════════════════════
[ERROR] 2026-05-22 21:31:23
────────────────────────────────────────────────────────────
Mensaje    : Single argument error
════════════════════════════════════════════════════════════

[INFO] 2026-05-22 21:31:23 — Information log message

════════════════════════════════════════════════════════════
[ERROR] 2026-05-22 21:31:23
────────────────────────────────────────────────────────────
Mensaje    : Test error message
Contexto   : Custom Extra Context
Excepción  : java.lang.RuntimeException
Detalle    : Runtime wrapper
Causa raíz : Root bad argument
StackTrace :
  at test.ExceptionsTest.testGameLoggerComprehensive(ExceptionsTest.java:90)
  at java.base/jdk.internal.reflect.DirectMethodHandleAccessor.invoke(DirectMethodHandleAccessor.java:104)
  at java.base/java.lang.reflect.Method.invoke(Method.java:565)
  at org.junit.runners.model.FrameworkMethod$1.runReflectiveCall(FrameworkMethod.java:59)
  at org.junit.internal.runners.model.ReflectiveCallable.run(ReflectiveCallable.java:12)
  at org.junit.runners.model.FrameworkMethod.invokeExplosively(FrameworkMethod.java:56)
  at org.junit.internal.runners.statements.InvokeMethod.evaluate(InvokeMethod.java:17)
  at org.junit.runners.ParentRunner$3.evaluate(ParentRunner.java:306)
  at org.junit.runners.BlockJUnit4ClassRunner$1.evaluate(BlockJUnit4ClassRunner.java:100)
  at org.junit.runners.ParentRunner.runLeaf(ParentRunner.java:366)
  at org.junit.runners.BlockJUnit4ClassRunner.runChild(BlockJUnit4ClassRunner.java:103)
  at org.junit.runners.BlockJUnit4ClassRunner.runChild(BlockJUnit4ClassRunner.java:63)
  at org.junit.runners.ParentRunner$4.run(ParentRunner.java:331)
  at org.junit.runners.ParentRunner$1.schedule(ParentRunner.java:79)
  at org.junit.runners.ParentRunner.runChildren(ParentRunner.java:329)
  at org.junit.runners.ParentRunner.access$100(ParentRunner.java:66)
  at org.junit.runners.ParentRunner$2.evaluate(ParentRunner.java:293)
  at org.junit.runners.ParentRunner$3.evaluate(ParentRunner.java:306)
  at org.junit.runners.ParentRunner.run(ParentRunner.java:413)
  at org.junit.runners.Suite.runChild(Suite.java:128)
  at org.junit.runners.Suite.runChild(Suite.java:27)
  at org.junit.runners.ParentRunner$4.run(ParentRunner.java:331)
  at org.junit.runners.ParentRunner$1.schedule(ParentRunner.java:79)
  at org.junit.runners.ParentRunner.runChildren(ParentRunner.java:329)
  at org.junit.runners.ParentRunner.access$100(ParentRunner.java:66)
  at org.junit.runners.ParentRunner$2.evaluate(ParentRunner.java:293)
  at org.junit.runners.ParentRunner$3.evaluate(ParentRunner.java:306)
  at org.junit.runners.ParentRunner.run(ParentRunner.java:413)
  at org.junit.runner.JUnitCore.run(JUnitCore.java:137)
  at org.junit.runner.JUnitCore.run(JUnitCore.java:115)
  at org.junit.runner.JUnitCore.runMain(JUnitCore.java:77)
  at org.junit.runner.JUnitCore.main(JUnitCore.java:36)
════════════════════════════════════════════════════════════
may 22, 2026 9:31:24 P. M. main.domain.GameConfiguration parseDimension
SEVERE: ROWS o COLS requiere un valor numérico
may 22, 2026 9:31:24 P. M. main.domain.GameConfiguration validate
SEVERE: Dimensiones inválidas: -5x10
may 22, 2026 9:31:24 P. M. main.domain.GameConfiguration validate
SEVERE: Tiempo 5s menor al mínimo (10s)
may 22, 2026 9:31:24 P. M. main.domain.GameConfiguration validate
SEVERE: Falta SAFE_START en la configuración
may 22, 2026 9:31:24 P. M. main.domain.GameConfiguration validateNotOnWall
SEVERE: COIN colocado sobre un muro en (2,4)

[INFO] 2026-05-22 21:31:24 — Clyde absorbió un golpe con su escudo

[INFO] 2026-05-22 21:31:24 — Vida extra para Jugador 1 (total: 1)

[INFO] 2026-05-22 21:31:24 — Clyde absorbió un golpe con su escudo

[INFO] 2026-05-22 21:31:24 — Vida extra absorbió un golpe para Jugador 1 (restantes: 0)

[INFO] 2026-05-22 21:31:24 — Clyde absorbió un golpe con su escudo

[INFO] 2026-05-22 21:31:24 — Moneda skin: Jugador 1 cambió a Azul (Inky) hasta morir

[INFO] 2026-05-22 21:31:24 — Colisión jugador-jugador: ambos reiniciados a inicio
may 22, 2026 9:31:24 P. M. main.domain.HardestGame movePlayer
SEVERE: movePlayer no permitido en estado PAUSED

[INFO] 2026-05-22 21:31:24 — Checkpoint intermedio activado — monedas previas fijadas
may 22, 2026 9:31:24 P. M. main.domain.HardestGame loadConfiguration
SEVERE: No se puede cargar nivel: partida en estado PLAYING
may 22, 2026 9:31:24 P. M. main.domain.HardestGame createPlayer
SEVERE: Skin no registrado: Skin Inexistente 123
may 22, 2026 9:31:24 P. M. main.domain.HardestGame moveSecondPlayer
SEVERE: moveSecondPlayer sin modo dos jugadores activo
may 22, 2026 9:31:24 P. M. main.domain.GameConfiguration parseLine
WARNING: Comando desconocido en archivo: SAFE_INTER
may 22, 2026 9:31:24 P. M. main.domain.GameConfiguration parseLine
WARNING: Comando desconocido en archivo: SAFE_INTER

[INFO] 2026-05-22 21:31:24 — Vida extra para Jugador 1 (total: 1)

[INFO] 2026-05-22 21:31:24 — Vida extra para Jugador 1 (total: 1)

[INFO] 2026-05-22 21:31:24 — Vida extra para Jugador 1 (total: 1)

[INFO] 2026-05-22 21:31:24 — Vida extra absorbió un golpe para Jugador 1 (restantes: 0)

[INFO] 2026-05-22 21:31:24 — Vida extra para Jugador 1 (total: 1)

[INFO] 2026-05-22 21:31:24 — Vida extra para Jugador 1 (total: 1)

[INFO] 2026-05-22 21:31:24 — Vida extra absorbió un golpe para Jugador 1 (restantes: 0)
may 22, 2026 9:31:24 P. M. main.domain.Coin collect
SEVERE: Moneda ya recolectada en (3,5)
may 22, 2026 9:33:02 P. M. main.domain.Board setWall
SEVERE: Muro fuera del tablero en (-1,0)

════════════════════════════════════════════════════════════
[ERROR] 2026-05-22 21:33:02
────────────────────────────────────────────────────────────
Mensaje    : Mock error message
Excepción  : java.lang.NullPointerException
Detalle    : Mock unexpected exception for test
StackTrace :
  at test.ExceptionsTest.testGameLoggerUnexpectedErrorLogging(ExceptionsTest.java:47)
  at java.base/jdk.internal.reflect.DirectMethodHandleAccessor.invoke(DirectMethodHandleAccessor.java:104)
  at java.base/java.lang.reflect.Method.invoke(Method.java:565)
  at org.junit.runners.model.FrameworkMethod$1.runReflectiveCall(FrameworkMethod.java:59)
  at org.junit.internal.runners.model.ReflectiveCallable.run(ReflectiveCallable.java:12)
  at org.junit.runners.model.FrameworkMethod.invokeExplosively(FrameworkMethod.java:56)
  at org.junit.internal.runners.statements.InvokeMethod.evaluate(InvokeMethod.java:17)
  at org.junit.runners.ParentRunner$3.evaluate(ParentRunner.java:306)
  at org.junit.runners.BlockJUnit4ClassRunner$1.evaluate(BlockJUnit4ClassRunner.java:100)
  at org.junit.runners.ParentRunner.runLeaf(ParentRunner.java:366)
  at org.junit.runners.BlockJUnit4ClassRunner.runChild(BlockJUnit4ClassRunner.java:103)
  at org.junit.runners.BlockJUnit4ClassRunner.runChild(BlockJUnit4ClassRunner.java:63)
  at org.junit.runners.ParentRunner$4.run(ParentRunner.java:331)
  at org.junit.runners.ParentRunner$1.schedule(ParentRunner.java:79)
  at org.junit.runners.ParentRunner.runChildren(ParentRunner.java:329)
  at org.junit.runners.ParentRunner.access$100(ParentRunner.java:66)
  at org.junit.runners.ParentRunner$2.evaluate(ParentRunner.java:293)
  at org.junit.runners.ParentRunner$3.evaluate(ParentRunner.java:306)
  at org.junit.runners.ParentRunner.run(ParentRunner.java:413)
  at org.junit.runners.Suite.runChild(Suite.java:128)
  at org.junit.runners.Suite.runChild(Suite.java:27)
  at org.junit.runners.ParentRunner$4.run(ParentRunner.java:331)
  at org.junit.runners.ParentRunner$1.schedule(ParentRunner.java:79)
  at org.junit.runners.ParentRunner.runChildren(ParentRunner.java:329)
  at org.junit.runners.ParentRunner.access$100(ParentRunner.java:66)
  at org.junit.runners.ParentRunner$2.evaluate(ParentRunner.java:293)
  at org.junit.runners.ParentRunner$3.evaluate(ParentRunner.java:306)
  at org.junit.runners.ParentRunner.run(ParentRunner.java:413)
  at org.junit.runner.JUnitCore.run(JUnitCore.java:137)
  at org.junit.runner.JUnitCore.run(JUnitCore.java:115)
  at org.junit.runner.JUnitCore.runMain(JUnitCore.java:77)
  at org.junit.runner.JUnitCore.main(JUnitCore.java:36)
════════════════════════════════════════════════════════════

════════════════════════════════════════════════════════════
[ERROR] 2026-05-22 21:33:02
────────────────────────────────────────────────────────────
Mensaje    : Single argument error
════════════════════════════════════════════════════════════

[INFO] 2026-05-22 21:33:02 — Information log message

════════════════════════════════════════════════════════════
[ERROR] 2026-05-22 21:33:02
────────────────────────────────────────────────────────────
Mensaje    : Test error message
Contexto   : Custom Extra Context
Excepción  : java.lang.RuntimeException
Detalle    : Runtime wrapper
Causa raíz : Root bad argument
StackTrace :
  at test.ExceptionsTest.testGameLoggerComprehensive(ExceptionsTest.java:90)
  at java.base/jdk.internal.reflect.DirectMethodHandleAccessor.invoke(DirectMethodHandleAccessor.java:104)
  at java.base/java.lang.reflect.Method.invoke(Method.java:565)
  at org.junit.runners.model.FrameworkMethod$1.runReflectiveCall(FrameworkMethod.java:59)
  at org.junit.internal.runners.model.ReflectiveCallable.run(ReflectiveCallable.java:12)
  at org.junit.runners.model.FrameworkMethod.invokeExplosively(FrameworkMethod.java:56)
  at org.junit.internal.runners.statements.InvokeMethod.evaluate(InvokeMethod.java:17)
  at org.junit.runners.ParentRunner$3.evaluate(ParentRunner.java:306)
  at org.junit.runners.BlockJUnit4ClassRunner$1.evaluate(BlockJUnit4ClassRunner.java:100)
  at org.junit.runners.ParentRunner.runLeaf(ParentRunner.java:366)
  at org.junit.runners.BlockJUnit4ClassRunner.runChild(BlockJUnit4ClassRunner.java:103)
  at org.junit.runners.BlockJUnit4ClassRunner.runChild(BlockJUnit4ClassRunner.java:63)
  at org.junit.runners.ParentRunner$4.run(ParentRunner.java:331)
  at org.junit.runners.ParentRunner$1.schedule(ParentRunner.java:79)
  at org.junit.runners.ParentRunner.runChildren(ParentRunner.java:329)
  at org.junit.runners.ParentRunner.access$100(ParentRunner.java:66)
  at org.junit.runners.ParentRunner$2.evaluate(ParentRunner.java:293)
  at org.junit.runners.ParentRunner$3.evaluate(ParentRunner.java:306)
  at org.junit.runners.ParentRunner.run(ParentRunner.java:413)
  at org.junit.runners.Suite.runChild(Suite.java:128)
  at org.junit.runners.Suite.runChild(Suite.java:27)
  at org.junit.runners.ParentRunner$4.run(ParentRunner.java:331)
  at org.junit.runners.ParentRunner$1.schedule(ParentRunner.java:79)
  at org.junit.runners.ParentRunner.runChildren(ParentRunner.java:329)
  at org.junit.runners.ParentRunner.access$100(ParentRunner.java:66)
  at org.junit.runners.ParentRunner$2.evaluate(ParentRunner.java:293)
  at org.junit.runners.ParentRunner$3.evaluate(ParentRunner.java:306)
  at org.junit.runners.ParentRunner.run(ParentRunner.java:413)
  at org.junit.runner.JUnitCore.run(JUnitCore.java:137)
  at org.junit.runner.JUnitCore.run(JUnitCore.java:115)
  at org.junit.runner.JUnitCore.runMain(JUnitCore.java:77)
  at org.junit.runner.JUnitCore.main(JUnitCore.java:36)
════════════════════════════════════════════════════════════
may 22, 2026 9:33:02 P. M. main.domain.GameConfiguration parseDimension
SEVERE: ROWS o COLS requiere un valor numérico
may 22, 2026 9:33:02 P. M. main.domain.GameConfiguration validate
SEVERE: Dimensiones inválidas: -5x10
may 22, 2026 9:33:02 P. M. main.domain.GameConfiguration validate
SEVERE: Tiempo 5s menor al mínimo (10s)
may 22, 2026 9:33:02 P. M. main.domain.GameConfiguration validate
SEVERE: Falta SAFE_START en la configuración
may 22, 2026 9:33:02 P. M. main.domain.GameConfiguration validate
SEVERE: Falta SAFE_FINAL en la configuración
may 22, 2026 9:33:02 P. M. main.domain.GameConfiguration parseZoneLine
SEVERE: ZONA requiere fila, col, filas y cols
may 22, 2026 9:33:02 P. M. main.domain.GameConfiguration parseEnemy
SEVERE: ENEMY requiere tipo, fila y columna
may 22, 2026 9:33:02 P. M. main.domain.GameConfiguration parseEnemy
SEVERE: Tipo de enemigo desconocido: UNKNOWN
may 22, 2026 9:33:02 P. M. main.domain.GameConfiguration parseSpinnerEnemy
SEVERE: ENEMY SPINNER requiere filaCentro colCentro radio indexInicial horario velocidad
may 22, 2026 9:33:02 P. M. main.domain.GameConfiguration parseBasicEnemy
SEVERE: ENEMY BASIC requiere fila, columna y dirección
may 22, 2026 9:33:02 P. M. main.domain.GameConfiguration parseBasicEnemy
SEVERE: horizontalStep no aplica con dirección VERTICAL: LEFT
may 22, 2026 9:33:02 P. M. main.domain.GameConfiguration parseAcceleratedEnemy
SEVERE: ENEMY ACCEL requiere fila, columna y dirección
may 22, 2026 9:33:02 P. M. main.domain.GameConfiguration parseAcceleratedEnemy
SEVERE: Dirección ACCEL inválida: DIAGONAL
may 22, 2026 9:33:02 P. M. main.domain.GameConfiguration parseAcceleratedEnemy
SEVERE: horizontalStep no aplica con dirección VERTICAL: LEFT
may 22, 2026 9:33:02 P. M. main.domain.GameConfiguration parsePatrolEnemy
SEVERE: ENEMY PATROL requiere fila col filas cols o fila col zonaFila zonaCol filasZona colsZona
may 22, 2026 9:33:02 P. M. main.domain.GameConfiguration parseDirectionToken
SEVERE: Dirección de enemigo inválida: DIAGONAL
may 22, 2026 9:33:02 P. M. main.domain.GameConfiguration parseHorizontalStep
SEVERE: Sentido horizontal inválido: UP
may 22, 2026 9:33:02 P. M. main.domain.GameConfiguration load
SEVERE: Archivo no encontrado: archivo_no_existente_987654321.txt
java.nio.file.NoSuchFileException: archivo_no_existente_987654321.txt
	at java.base/sun.nio.fs.WindowsException.translateToIOException(WindowsException.java:85)
	at java.base/sun.nio.fs.WindowsException.rethrowAsIOException(WindowsException.java:103)
	at java.base/sun.nio.fs.WindowsException.rethrowAsIOException(WindowsException.java:108)
	at java.base/sun.nio.fs.WindowsFileSystemProvider.newByteChannel(WindowsFileSystemProvider.java:231)
	at java.base/java.nio.file.Files.newByteChannel(Files.java:357)
	at java.base/java.nio.file.Files.newByteChannel(Files.java:399)
	at java.base/java.nio.file.spi.FileSystemProvider.newInputStream(FileSystemProvider.java:371)
	at java.base/java.nio.file.Files.newInputStream(Files.java:154)
	at java.base/java.nio.file.Files.newBufferedReader(Files.java:2642)
	at java.base/java.nio.file.Files.readAllLines(Files.java:3082)
	at main.domain.GameConfiguration.load(GameConfiguration.java:55)
	at test.GameConfigurationTest.testErrorParsingBranches(GameConfigurationTest.java:240)
	at java.base/jdk.internal.reflect.DirectMethodHandleAccessor.invoke(DirectMethodHandleAccessor.java:104)
	at java.base/java.lang.reflect.Method.invoke(Method.java:565)
	at org.junit.runners.model.FrameworkMethod$1.runReflectiveCall(FrameworkMethod.java:59)
	at org.junit.internal.runners.model.ReflectiveCallable.run(ReflectiveCallable.java:12)
	at org.junit.runners.model.FrameworkMethod.invokeExplosively(FrameworkMethod.java:56)
	at org.junit.internal.runners.statements.InvokeMethod.evaluate(InvokeMethod.java:17)
	at org.junit.internal.runners.statements.RunBefores.evaluate(RunBefores.java:26)
	at org.junit.internal.runners.statements.RunAfters.evaluate(RunAfters.java:27)
	at org.junit.runners.ParentRunner$3.evaluate(ParentRunner.java:306)
	at org.junit.runners.BlockJUnit4ClassRunner$1.evaluate(BlockJUnit4ClassRunner.java:100)
	at org.junit.runners.ParentRunner.runLeaf(ParentRunner.java:366)
	at org.junit.runners.BlockJUnit4ClassRunner.runChild(BlockJUnit4ClassRunner.java:103)
	at org.junit.runners.BlockJUnit4ClassRunner.runChild(BlockJUnit4ClassRunner.java:63)
	at org.junit.runners.ParentRunner$4.run(ParentRunner.java:331)
	at org.junit.runners.ParentRunner$1.schedule(ParentRunner.java:79)
	at org.junit.runners.ParentRunner.runChildren(ParentRunner.java:329)
	at org.junit.runners.ParentRunner.access$100(ParentRunner.java:66)
	at org.junit.runners.ParentRunner$2.evaluate(ParentRunner.java:293)
	at org.junit.runners.ParentRunner$3.evaluate(ParentRunner.java:306)
	at org.junit.runners.ParentRunner.run(ParentRunner.java:413)
	at org.junit.runners.Suite.runChild(Suite.java:128)
	at org.junit.runners.Suite.runChild(Suite.java:27)
	at org.junit.runners.ParentRunner$4.run(ParentRunner.java:331)
	at org.junit.runners.ParentRunner$1.schedule(ParentRunner.java:79)
	at org.junit.runners.ParentRunner.runChildren(ParentRunner.java:329)
	at org.junit.runners.ParentRunner.access$100(ParentRunner.java:66)
	at org.junit.runners.ParentRunner$2.evaluate(ParentRunner.java:293)
	at org.junit.runners.ParentRunner$3.evaluate(ParentRunner.java:306)
	at org.junit.runners.ParentRunner.run(ParentRunner.java:413)
	at org.junit.runner.JUnitCore.run(JUnitCore.java:137)
	at org.junit.runner.JUnitCore.run(JUnitCore.java:115)
	at org.junit.runner.JUnitCore.runMain(JUnitCore.java:77)
	at org.junit.runner.JUnitCore.main(JUnitCore.java:36)

may 22, 2026 9:33:02 P. M. main.domain.GameConfiguration parseLine
WARNING: Comando desconocido en archivo: UNKNOWN_CMD
may 22, 2026 9:33:02 P. M. main.domain.GameConfiguration validate
SEVERE: Falta SAFE_START en la configuración
may 22, 2026 9:33:02 P. M. main.domain.GameConfiguration validateNotOnWall
SEVERE: COIN colocado sobre un muro en (2,4)

[INFO] 2026-05-22 21:33:02 — Clyde absorbió un golpe con su escudo

[INFO] 2026-05-22 21:33:02 — Vida extra para Jugador 1 (total: 1)

[INFO] 2026-05-22 21:33:02 — Clyde absorbió un golpe con su escudo

[INFO] 2026-05-22 21:33:02 — Vida extra absorbió un golpe para Jugador 1 (restantes: 0)

[INFO] 2026-05-22 21:33:02 — Clyde absorbió un golpe con su escudo

[INFO] 2026-05-22 21:33:02 — Moneda skin: Jugador 1 cambió a Azul (Inky) hasta morir

[INFO] 2026-05-22 21:33:02 — Colisión jugador-jugador: ambos reiniciados a inicio
may 22, 2026 9:33:02 P. M. main.domain.HardestGame movePlayer
SEVERE: movePlayer no permitido en estado PAUSED

[INFO] 2026-05-22 21:33:02 — Checkpoint intermedio activado — monedas previas fijadas
may 22, 2026 9:33:02 P. M. main.domain.HardestGame loadConfiguration
SEVERE: No se puede cargar nivel: partida en estado PLAYING
may 22, 2026 9:33:02 P. M. main.domain.HardestGame createPlayer
SEVERE: Skin no registrado: Skin Inexistente 123
may 22, 2026 9:33:02 P. M. main.domain.HardestGame moveSecondPlayer
SEVERE: moveSecondPlayer sin modo dos jugadores activo
may 22, 2026 9:33:02 P. M. main.domain.GameConfiguration parseLine
WARNING: Comando desconocido en archivo: SAFE_INTER
may 22, 2026 9:33:02 P. M. main.domain.GameConfiguration parseLine
WARNING: Comando desconocido en archivo: SAFE_INTER

[INFO] 2026-05-22 21:33:02 — Vida extra para Jugador 1 (total: 1)

[INFO] 2026-05-22 21:33:02 — Vida extra para Jugador 1 (total: 1)

[INFO] 2026-05-22 21:33:02 — Vida extra para Jugador 1 (total: 1)

[INFO] 2026-05-22 21:33:02 — Vida extra absorbió un golpe para Jugador 1 (restantes: 0)

[INFO] 2026-05-22 21:33:02 — Vida extra para Jugador 1 (total: 1)

[INFO] 2026-05-22 21:33:02 — Vida extra para Jugador 1 (total: 1)

[INFO] 2026-05-22 21:33:02 — Vida extra absorbió un golpe para Jugador 1 (restantes: 0)
may 22, 2026 9:33:02 P. M. main.domain.Coin collect
SEVERE: Moneda ya recolectada en (3,5)
may 22, 2026 9:34:17 P. M. main.domain.Board setWall
SEVERE: Muro fuera del tablero en (-1,0)

════════════════════════════════════════════════════════════
[ERROR] 2026-05-22 21:34:18
────────────────────────────────────────────────────────────
Mensaje    : Mock error message
Excepción  : java.lang.NullPointerException
Detalle    : Mock unexpected exception for test
StackTrace :
  at test.ExceptionsTest.testGameLoggerUnexpectedErrorLogging(ExceptionsTest.java:47)
  at java.base/jdk.internal.reflect.DirectMethodHandleAccessor.invoke(DirectMethodHandleAccessor.java:104)
  at java.base/java.lang.reflect.Method.invoke(Method.java:565)
  at org.junit.runners.model.FrameworkMethod$1.runReflectiveCall(FrameworkMethod.java:59)
  at org.junit.internal.runners.model.ReflectiveCallable.run(ReflectiveCallable.java:12)
  at org.junit.runners.model.FrameworkMethod.invokeExplosively(FrameworkMethod.java:56)
  at org.junit.internal.runners.statements.InvokeMethod.evaluate(InvokeMethod.java:17)
  at org.junit.runners.ParentRunner$3.evaluate(ParentRunner.java:306)
  at org.junit.runners.BlockJUnit4ClassRunner$1.evaluate(BlockJUnit4ClassRunner.java:100)
  at org.junit.runners.ParentRunner.runLeaf(ParentRunner.java:366)
  at org.junit.runners.BlockJUnit4ClassRunner.runChild(BlockJUnit4ClassRunner.java:103)
  at org.junit.runners.BlockJUnit4ClassRunner.runChild(BlockJUnit4ClassRunner.java:63)
  at org.junit.runners.ParentRunner$4.run(ParentRunner.java:331)
  at org.junit.runners.ParentRunner$1.schedule(ParentRunner.java:79)
  at org.junit.runners.ParentRunner.runChildren(ParentRunner.java:329)
  at org.junit.runners.ParentRunner.access$100(ParentRunner.java:66)
  at org.junit.runners.ParentRunner$2.evaluate(ParentRunner.java:293)
  at org.junit.runners.ParentRunner$3.evaluate(ParentRunner.java:306)
  at org.junit.runners.ParentRunner.run(ParentRunner.java:413)
  at org.junit.runners.Suite.runChild(Suite.java:128)
  at org.junit.runners.Suite.runChild(Suite.java:27)
  at org.junit.runners.ParentRunner$4.run(ParentRunner.java:331)
  at org.junit.runners.ParentRunner$1.schedule(ParentRunner.java:79)
  at org.junit.runners.ParentRunner.runChildren(ParentRunner.java:329)
  at org.junit.runners.ParentRunner.access$100(ParentRunner.java:66)
  at org.junit.runners.ParentRunner$2.evaluate(ParentRunner.java:293)
  at org.junit.runners.ParentRunner$3.evaluate(ParentRunner.java:306)
  at org.junit.runners.ParentRunner.run(ParentRunner.java:413)
  at org.junit.runner.JUnitCore.run(JUnitCore.java:137)
  at com.intellij.junit4.JUnit4IdeaTestRunner.startRunnerWithArgs(JUnit4IdeaTestRunner.java:69)
  at com.intellij.rt.junit.IdeaTestRunner$Repeater$1.execute(IdeaTestRunner.java:38)
  at com.intellij.rt.execution.junit.TestsRepeater.repeat(TestsRepeater.java:11)
  at com.intellij.rt.junit.IdeaTestRunner$Repeater.startRunnerWithArgs(IdeaTestRunner.java:35)
  at com.intellij.rt.junit.JUnitStarter.prepareStreamsAndStart(JUnitStarter.java:231)
  at com.intellij.rt.junit.JUnitStarter.main(JUnitStarter.java:55)
════════════════════════════════════════════════════════════

════════════════════════════════════════════════════════════
[ERROR] 2026-05-22 21:34:18
────────────────────────────────────────────────────────────
Mensaje    : Single argument error
════════════════════════════════════════════════════════════

[INFO] 2026-05-22 21:34:18 — Information log message

════════════════════════════════════════════════════════════
[ERROR] 2026-05-22 21:34:18
────────────────────────────────────────────────────────────
Mensaje    : Test error message
Contexto   : Custom Extra Context
Excepción  : java.lang.RuntimeException
Detalle    : Runtime wrapper
Causa raíz : Root bad argument
StackTrace :
  at test.ExceptionsTest.testGameLoggerComprehensive(ExceptionsTest.java:90)
  at java.base/jdk.internal.reflect.DirectMethodHandleAccessor.invoke(DirectMethodHandleAccessor.java:104)
  at java.base/java.lang.reflect.Method.invoke(Method.java:565)
  at org.junit.runners.model.FrameworkMethod$1.runReflectiveCall(FrameworkMethod.java:59)
  at org.junit.internal.runners.model.ReflectiveCallable.run(ReflectiveCallable.java:12)
  at org.junit.runners.model.FrameworkMethod.invokeExplosively(FrameworkMethod.java:56)
  at org.junit.internal.runners.statements.InvokeMethod.evaluate(InvokeMethod.java:17)
  at org.junit.runners.ParentRunner$3.evaluate(ParentRunner.java:306)
  at org.junit.runners.BlockJUnit4ClassRunner$1.evaluate(BlockJUnit4ClassRunner.java:100)
  at org.junit.runners.ParentRunner.runLeaf(ParentRunner.java:366)
  at org.junit.runners.BlockJUnit4ClassRunner.runChild(BlockJUnit4ClassRunner.java:103)
  at org.junit.runners.BlockJUnit4ClassRunner.runChild(BlockJUnit4ClassRunner.java:63)
  at org.junit.runners.ParentRunner$4.run(ParentRunner.java:331)
  at org.junit.runners.ParentRunner$1.schedule(ParentRunner.java:79)
  at org.junit.runners.ParentRunner.runChildren(ParentRunner.java:329)
  at org.junit.runners.ParentRunner.access$100(ParentRunner.java:66)
  at org.junit.runners.ParentRunner$2.evaluate(ParentRunner.java:293)
  at org.junit.runners.ParentRunner$3.evaluate(ParentRunner.java:306)
  at org.junit.runners.ParentRunner.run(ParentRunner.java:413)
  at org.junit.runners.Suite.runChild(Suite.java:128)
  at org.junit.runners.Suite.runChild(Suite.java:27)
  at org.junit.runners.ParentRunner$4.run(ParentRunner.java:331)
  at org.junit.runners.ParentRunner$1.schedule(ParentRunner.java:79)
  at org.junit.runners.ParentRunner.runChildren(ParentRunner.java:329)
  at org.junit.runners.ParentRunner.access$100(ParentRunner.java:66)
  at org.junit.runners.ParentRunner$2.evaluate(ParentRunner.java:293)
  at org.junit.runners.ParentRunner$3.evaluate(ParentRunner.java:306)
  at org.junit.runners.ParentRunner.run(ParentRunner.java:413)
  at org.junit.runner.JUnitCore.run(JUnitCore.java:137)
  at com.intellij.junit4.JUnit4IdeaTestRunner.startRunnerWithArgs(JUnit4IdeaTestRunner.java:69)
  at com.intellij.rt.junit.IdeaTestRunner$Repeater$1.execute(IdeaTestRunner.java:38)
  at com.intellij.rt.execution.junit.TestsRepeater.repeat(TestsRepeater.java:11)
  at com.intellij.rt.junit.IdeaTestRunner$Repeater.startRunnerWithArgs(IdeaTestRunner.java:35)
  at com.intellij.rt.junit.JUnitStarter.prepareStreamsAndStart(JUnitStarter.java:231)
  at com.intellij.rt.junit.JUnitStarter.main(JUnitStarter.java:55)
════════════════════════════════════════════════════════════
may 22, 2026 9:34:18 P. M. main.domain.GameConfiguration parseDimension
SEVERE: ROWS o COLS requiere un valor numérico
may 22, 2026 9:34:18 P. M. main.domain.GameConfiguration validate
SEVERE: Dimensiones inválidas: -5x10
may 22, 2026 9:34:18 P. M. main.domain.GameConfiguration validate
SEVERE: Tiempo 5s menor al mínimo (10s)
may 22, 2026 9:34:18 P. M. main.domain.GameConfiguration validate
SEVERE: Falta SAFE_START en la configuración
may 22, 2026 9:34:18 P. M. main.domain.GameConfiguration validate
SEVERE: Falta SAFE_FINAL en la configuración
may 22, 2026 9:34:18 P. M. main.domain.GameConfiguration parseZoneLine
SEVERE: ZONA requiere fila, col, filas y cols
may 22, 2026 9:34:18 P. M. main.domain.GameConfiguration parseEnemy
SEVERE: ENEMY requiere tipo, fila y columna
may 22, 2026 9:34:18 P. M. main.domain.GameConfiguration parseEnemy
SEVERE: Tipo de enemigo desconocido: UNKNOWN
may 22, 2026 9:34:18 P. M. main.domain.GameConfiguration parseSpinnerEnemy
SEVERE: ENEMY SPINNER requiere filaCentro colCentro radio indexInicial horario velocidad
may 22, 2026 9:34:18 P. M. main.domain.GameConfiguration parseBasicEnemy
SEVERE: ENEMY BASIC requiere fila, columna y dirección
may 22, 2026 9:34:18 P. M. main.domain.GameConfiguration parseBasicEnemy
SEVERE: horizontalStep no aplica con dirección VERTICAL: LEFT
may 22, 2026 9:34:18 P. M. main.domain.GameConfiguration parseAcceleratedEnemy
SEVERE: ENEMY ACCEL requiere fila, columna y dirección
may 22, 2026 9:34:18 P. M. main.domain.GameConfiguration parseAcceleratedEnemy
SEVERE: Dirección ACCEL inválida: DIAGONAL
may 22, 2026 9:34:18 P. M. main.domain.GameConfiguration parseAcceleratedEnemy
SEVERE: horizontalStep no aplica con dirección VERTICAL: LEFT
may 22, 2026 9:34:18 P. M. main.domain.GameConfiguration parsePatrolEnemy
SEVERE: ENEMY PATROL requiere fila col filas cols o fila col zonaFila zonaCol filasZona colsZona
may 22, 2026 9:34:18 P. M. main.domain.GameConfiguration parseDirectionToken
SEVERE: Dirección de enemigo inválida: DIAGONAL
may 22, 2026 9:34:18 P. M. main.domain.GameConfiguration parseHorizontalStep
SEVERE: Sentido horizontal inválido: UP
may 22, 2026 9:34:18 P. M. main.domain.GameConfiguration load
SEVERE: Archivo no encontrado: archivo_no_existente_987654321.txt
java.nio.file.NoSuchFileException: archivo_no_existente_987654321.txt
	at java.base/sun.nio.fs.WindowsException.translateToIOException(WindowsException.java:85)
	at java.base/sun.nio.fs.WindowsException.rethrowAsIOException(WindowsException.java:103)
	at java.base/sun.nio.fs.WindowsException.rethrowAsIOException(WindowsException.java:108)
	at java.base/sun.nio.fs.WindowsFileSystemProvider.newByteChannel(WindowsFileSystemProvider.java:231)
	at java.base/java.nio.file.Files.newByteChannel(Files.java:357)
	at java.base/java.nio.file.Files.newByteChannel(Files.java:399)
	at java.base/java.nio.file.spi.FileSystemProvider.newInputStream(FileSystemProvider.java:371)
	at java.base/java.nio.file.Files.newInputStream(Files.java:154)
	at java.base/java.nio.file.Files.newBufferedReader(Files.java:2642)
	at java.base/java.nio.file.Files.readAllLines(Files.java:3082)
	at main.domain.GameConfiguration.load(GameConfiguration.java:55)
	at test.GameConfigurationTest.testErrorParsingBranches(GameConfigurationTest.java:240)
	at java.base/jdk.internal.reflect.DirectMethodHandleAccessor.invoke(DirectMethodHandleAccessor.java:104)
	at java.base/java.lang.reflect.Method.invoke(Method.java:565)
	at org.junit.runners.model.FrameworkMethod$1.runReflectiveCall(FrameworkMethod.java:59)
	at org.junit.internal.runners.model.ReflectiveCallable.run(ReflectiveCallable.java:12)
	at org.junit.runners.model.FrameworkMethod.invokeExplosively(FrameworkMethod.java:56)
	at org.junit.internal.runners.statements.InvokeMethod.evaluate(InvokeMethod.java:17)
	at org.junit.internal.runners.statements.RunBefores.evaluate(RunBefores.java:26)
	at org.junit.internal.runners.statements.RunAfters.evaluate(RunAfters.java:27)
	at org.junit.runners.ParentRunner$3.evaluate(ParentRunner.java:306)
	at org.junit.runners.BlockJUnit4ClassRunner$1.evaluate(BlockJUnit4ClassRunner.java:100)
	at org.junit.runners.ParentRunner.runLeaf(ParentRunner.java:366)
	at org.junit.runners.BlockJUnit4ClassRunner.runChild(BlockJUnit4ClassRunner.java:103)
	at org.junit.runners.BlockJUnit4ClassRunner.runChild(BlockJUnit4ClassRunner.java:63)
	at org.junit.runners.ParentRunner$4.run(ParentRunner.java:331)
	at org.junit.runners.ParentRunner$1.schedule(ParentRunner.java:79)
	at org.junit.runners.ParentRunner.runChildren(ParentRunner.java:329)
	at org.junit.runners.ParentRunner.access$100(ParentRunner.java:66)
	at org.junit.runners.ParentRunner$2.evaluate(ParentRunner.java:293)
	at org.junit.runners.ParentRunner$3.evaluate(ParentRunner.java:306)
	at org.junit.runners.ParentRunner.run(ParentRunner.java:413)
	at org.junit.runners.Suite.runChild(Suite.java:128)
	at org.junit.runners.Suite.runChild(Suite.java:27)
	at org.junit.runners.ParentRunner$4.run(ParentRunner.java:331)
	at org.junit.runners.ParentRunner$1.schedule(ParentRunner.java:79)
	at org.junit.runners.ParentRunner.runChildren(ParentRunner.java:329)
	at org.junit.runners.ParentRunner.access$100(ParentRunner.java:66)
	at org.junit.runners.ParentRunner$2.evaluate(ParentRunner.java:293)
	at org.junit.runners.ParentRunner$3.evaluate(ParentRunner.java:306)
	at org.junit.runners.ParentRunner.run(ParentRunner.java:413)
	at org.junit.runner.JUnitCore.run(JUnitCore.java:137)
	at com.intellij.junit4.JUnit4IdeaTestRunner.startRunnerWithArgs(JUnit4IdeaTestRunner.java:69)
	at com.intellij.rt.junit.IdeaTestRunner$Repeater$1.execute(IdeaTestRunner.java:38)
	at com.intellij.rt.execution.junit.TestsRepeater.repeat(TestsRepeater.java:11)
	at com.intellij.rt.junit.IdeaTestRunner$Repeater.startRunnerWithArgs(IdeaTestRunner.java:35)
	at com.intellij.rt.junit.JUnitStarter.prepareStreamsAndStart(JUnitStarter.java:231)
	at com.intellij.rt.junit.JUnitStarter.main(JUnitStarter.java:55)

may 22, 2026 9:34:18 P. M. main.domain.GameConfiguration parseLine
WARNING: Comando desconocido en archivo: UNKNOWN_CMD
may 22, 2026 9:34:18 P. M. main.domain.GameConfiguration validate
SEVERE: Falta SAFE_START en la configuración
may 22, 2026 9:34:18 P. M. main.domain.GameConfiguration validateNotOnWall
SEVERE: COIN colocado sobre un muro en (2,4)

[INFO] 2026-05-22 21:34:18 — Clyde absorbió un golpe con su escudo

[INFO] 2026-05-22 21:34:18 — Vida extra para Jugador 1 (total: 1)

[INFO] 2026-05-22 21:34:18 — Clyde absorbió un golpe con su escudo

[INFO] 2026-05-22 21:34:18 — Vida extra absorbió un golpe para Jugador 1 (restantes: 0)

[INFO] 2026-05-22 21:34:18 — Clyde absorbió un golpe con su escudo

[INFO] 2026-05-22 21:34:18 — Moneda skin: Jugador 1 cambió a Azul (Inky) hasta morir

[INFO] 2026-05-22 21:34:18 — Colisión jugador-jugador: ambos reiniciados a inicio
may 22, 2026 9:34:18 P. M. main.domain.HardestGame movePlayer
SEVERE: movePlayer no permitido en estado PAUSED

[INFO] 2026-05-22 21:34:18 — Checkpoint intermedio activado — monedas previas fijadas
may 22, 2026 9:34:18 P. M. main.domain.HardestGame loadConfiguration
SEVERE: No se puede cargar nivel: partida en estado PLAYING
may 22, 2026 9:34:18 P. M. main.domain.HardestGame createPlayer
SEVERE: Skin no registrado: Skin Inexistente 123
may 22, 2026 9:34:18 P. M. main.domain.HardestGame moveSecondPlayer
SEVERE: moveSecondPlayer sin modo dos jugadores activo
may 22, 2026 9:34:18 P. M. main.domain.GameConfiguration parseLine
WARNING: Comando desconocido en archivo: SAFE_INTER
may 22, 2026 9:34:18 P. M. main.domain.GameConfiguration parseLine
WARNING: Comando desconocido en archivo: SAFE_INTER

[INFO] 2026-05-22 21:34:18 — Vida extra para Jugador 1 (total: 1)

[INFO] 2026-05-22 21:34:18 — Vida extra para Jugador 1 (total: 1)

[INFO] 2026-05-22 21:34:18 — Vida extra para Jugador 1 (total: 1)

[INFO] 2026-05-22 21:34:18 — Vida extra absorbió un golpe para Jugador 1 (restantes: 0)

[INFO] 2026-05-22 21:34:18 — Vida extra para Jugador 1 (total: 1)

[INFO] 2026-05-22 21:34:18 — Vida extra para Jugador 1 (total: 1)

[INFO] 2026-05-22 21:34:18 — Vida extra absorbió un golpe para Jugador 1 (restantes: 0)
may 22, 2026 9:34:18 P. M. main.domain.Coin collect
SEVERE: Moneda ya recolectada en (3,5)
may 22, 2026 9:41:52 P. M. main.domain.Board setWall
SEVERE: Muro fuera del tablero en (-1,0)

════════════════════════════════════════════════════════════
[ERROR] 2026-05-22 21:41:52
────────────────────────────────────────────────────────────
Mensaje    : Mock error message
Excepción  : java.lang.NullPointerException
Detalle    : Mock unexpected exception for test
StackTrace :
  at test.ExceptionsTest.testGameLoggerUnexpectedErrorLogging(ExceptionsTest.java:47)
  at java.base/jdk.internal.reflect.DirectMethodHandleAccessor.invoke(DirectMethodHandleAccessor.java:104)
  at java.base/java.lang.reflect.Method.invoke(Method.java:565)
  at org.junit.runners.model.FrameworkMethod$1.runReflectiveCall(FrameworkMethod.java:59)
  at org.junit.internal.runners.model.ReflectiveCallable.run(ReflectiveCallable.java:12)
  at org.junit.runners.model.FrameworkMethod.invokeExplosively(FrameworkMethod.java:56)
  at org.junit.internal.runners.statements.InvokeMethod.evaluate(InvokeMethod.java:17)
  at org.junit.runners.ParentRunner$3.evaluate(ParentRunner.java:306)
  at org.junit.runners.BlockJUnit4ClassRunner$1.evaluate(BlockJUnit4ClassRunner.java:100)
  at org.junit.runners.ParentRunner.runLeaf(ParentRunner.java:366)
  at org.junit.runners.BlockJUnit4ClassRunner.runChild(BlockJUnit4ClassRunner.java:103)
  at org.junit.runners.BlockJUnit4ClassRunner.runChild(BlockJUnit4ClassRunner.java:63)
  at org.junit.runners.ParentRunner$4.run(ParentRunner.java:331)
  at org.junit.runners.ParentRunner$1.schedule(ParentRunner.java:79)
  at org.junit.runners.ParentRunner.runChildren(ParentRunner.java:329)
  at org.junit.runners.ParentRunner.access$100(ParentRunner.java:66)
  at org.junit.runners.ParentRunner$2.evaluate(ParentRunner.java:293)
  at org.junit.runners.ParentRunner$3.evaluate(ParentRunner.java:306)
  at org.junit.runners.ParentRunner.run(ParentRunner.java:413)
  at org.junit.runners.Suite.runChild(Suite.java:128)
  at org.junit.runners.Suite.runChild(Suite.java:27)
  at org.junit.runners.ParentRunner$4.run(ParentRunner.java:331)
  at org.junit.runners.ParentRunner$1.schedule(ParentRunner.java:79)
  at org.junit.runners.ParentRunner.runChildren(ParentRunner.java:329)
  at org.junit.runners.ParentRunner.access$100(ParentRunner.java:66)
  at org.junit.runners.ParentRunner$2.evaluate(ParentRunner.java:293)
  at org.junit.runners.ParentRunner$3.evaluate(ParentRunner.java:306)
  at org.junit.runners.ParentRunner.run(ParentRunner.java:413)
  at org.junit.runner.JUnitCore.run(JUnitCore.java:137)
  at com.intellij.junit4.JUnit4IdeaTestRunner.startRunnerWithArgs(JUnit4IdeaTestRunner.java:69)
  at com.intellij.rt.junit.IdeaTestRunner$Repeater$1.execute(IdeaTestRunner.java:38)
  at com.intellij.rt.execution.junit.TestsRepeater.repeat(TestsRepeater.java:11)
  at com.intellij.rt.junit.IdeaTestRunner$Repeater.startRunnerWithArgs(IdeaTestRunner.java:35)
  at com.intellij.rt.junit.JUnitStarter.prepareStreamsAndStart(JUnitStarter.java:231)
  at com.intellij.rt.junit.JUnitStarter.main(JUnitStarter.java:55)
════════════════════════════════════════════════════════════

════════════════════════════════════════════════════════════
[ERROR] 2026-05-22 21:41:52
────────────────────────────────────────────────────────────
Mensaje    : Single argument error
════════════════════════════════════════════════════════════

[INFO] 2026-05-22 21:41:52 — Information log message

════════════════════════════════════════════════════════════
[ERROR] 2026-05-22 21:41:52
────────────────────────────────────────────────────────────
Mensaje    : Test error message
Contexto   : Custom Extra Context
Excepción  : java.lang.RuntimeException
Detalle    : Runtime wrapper
Causa raíz : Root bad argument
StackTrace :
  at test.ExceptionsTest.testGameLoggerComprehensive(ExceptionsTest.java:90)
  at java.base/jdk.internal.reflect.DirectMethodHandleAccessor.invoke(DirectMethodHandleAccessor.java:104)
  at java.base/java.lang.reflect.Method.invoke(Method.java:565)
  at org.junit.runners.model.FrameworkMethod$1.runReflectiveCall(FrameworkMethod.java:59)
  at org.junit.internal.runners.model.ReflectiveCallable.run(ReflectiveCallable.java:12)
  at org.junit.runners.model.FrameworkMethod.invokeExplosively(FrameworkMethod.java:56)
  at org.junit.internal.runners.statements.InvokeMethod.evaluate(InvokeMethod.java:17)
  at org.junit.runners.ParentRunner$3.evaluate(ParentRunner.java:306)
  at org.junit.runners.BlockJUnit4ClassRunner$1.evaluate(BlockJUnit4ClassRunner.java:100)
  at org.junit.runners.ParentRunner.runLeaf(ParentRunner.java:366)
  at org.junit.runners.BlockJUnit4ClassRunner.runChild(BlockJUnit4ClassRunner.java:103)
  at org.junit.runners.BlockJUnit4ClassRunner.runChild(BlockJUnit4ClassRunner.java:63)
  at org.junit.runners.ParentRunner$4.run(ParentRunner.java:331)
  at org.junit.runners.ParentRunner$1.schedule(ParentRunner.java:79)
  at org.junit.runners.ParentRunner.runChildren(ParentRunner.java:329)
  at org.junit.runners.ParentRunner.access$100(ParentRunner.java:66)
  at org.junit.runners.ParentRunner$2.evaluate(ParentRunner.java:293)
  at org.junit.runners.ParentRunner$3.evaluate(ParentRunner.java:306)
  at org.junit.runners.ParentRunner.run(ParentRunner.java:413)
  at org.junit.runners.Suite.runChild(Suite.java:128)
  at org.junit.runners.Suite.runChild(Suite.java:27)
  at org.junit.runners.ParentRunner$4.run(ParentRunner.java:331)
  at org.junit.runners.ParentRunner$1.schedule(ParentRunner.java:79)
  at org.junit.runners.ParentRunner.runChildren(ParentRunner.java:329)
  at org.junit.runners.ParentRunner.access$100(ParentRunner.java:66)
  at org.junit.runners.ParentRunner$2.evaluate(ParentRunner.java:293)
  at org.junit.runners.ParentRunner$3.evaluate(ParentRunner.java:306)
  at org.junit.runners.ParentRunner.run(ParentRunner.java:413)
  at org.junit.runner.JUnitCore.run(JUnitCore.java:137)
  at com.intellij.junit4.JUnit4IdeaTestRunner.startRunnerWithArgs(JUnit4IdeaTestRunner.java:69)
  at com.intellij.rt.junit.IdeaTestRunner$Repeater$1.execute(IdeaTestRunner.java:38)
  at com.intellij.rt.execution.junit.TestsRepeater.repeat(TestsRepeater.java:11)
  at com.intellij.rt.junit.IdeaTestRunner$Repeater.startRunnerWithArgs(IdeaTestRunner.java:35)
  at com.intellij.rt.junit.JUnitStarter.prepareStreamsAndStart(JUnitStarter.java:231)
  at com.intellij.rt.junit.JUnitStarter.main(JUnitStarter.java:55)
════════════════════════════════════════════════════════════
may 22, 2026 9:41:53 P. M. main.domain.GameConfiguration parseDimension
SEVERE: ROWS o COLS requiere un valor numérico
may 22, 2026 9:41:53 P. M. main.domain.GameConfiguration validate
SEVERE: Dimensiones inválidas: -5x10
may 22, 2026 9:41:53 P. M. main.domain.GameConfiguration validate
SEVERE: Tiempo 5s menor al mínimo (10s)
may 22, 2026 9:41:53 P. M. main.domain.GameConfiguration validate
SEVERE: Falta SAFE_START en la configuración
may 22, 2026 9:41:53 P. M. main.domain.GameConfiguration validate
SEVERE: Falta SAFE_FINAL en la configuración
may 22, 2026 9:41:53 P. M. main.domain.GameConfiguration parseZoneLine
SEVERE: ZONA requiere fila, col, filas y cols
may 22, 2026 9:41:53 P. M. main.domain.GameConfiguration parseEnemy
SEVERE: ENEMY requiere tipo, fila y columna
may 22, 2026 9:41:53 P. M. main.domain.GameConfiguration parseEnemy
SEVERE: Tipo de enemigo desconocido: UNKNOWN
may 22, 2026 9:41:53 P. M. main.domain.GameConfiguration parseSpinnerEnemy
SEVERE: ENEMY SPINNER requiere filaCentro colCentro radio indexInicial horario velocidad
may 22, 2026 9:41:53 P. M. main.domain.GameConfiguration parseBasicEnemy
SEVERE: ENEMY BASIC requiere fila, columna y dirección
may 22, 2026 9:41:53 P. M. main.domain.GameConfiguration parseBasicEnemy
SEVERE: horizontalStep no aplica con dirección VERTICAL: LEFT
may 22, 2026 9:41:53 P. M. main.domain.GameConfiguration parseAcceleratedEnemy
SEVERE: ENEMY ACCEL requiere fila, columna y dirección
may 22, 2026 9:41:53 P. M. main.domain.GameConfiguration parseAcceleratedEnemy
SEVERE: Dirección ACCEL inválida: DIAGONAL
may 22, 2026 9:41:53 P. M. main.domain.GameConfiguration parseAcceleratedEnemy
SEVERE: horizontalStep no aplica con dirección VERTICAL: LEFT
may 22, 2026 9:41:53 P. M. main.domain.GameConfiguration parsePatrolEnemy
SEVERE: ENEMY PATROL requiere fila col filas cols o fila col zonaFila zonaCol filasZona colsZona
may 22, 2026 9:41:53 P. M. main.domain.GameConfiguration parseDirectionToken
SEVERE: Dirección de enemigo inválida: DIAGONAL
may 22, 2026 9:41:53 P. M. main.domain.GameConfiguration parseHorizontalStep
SEVERE: Sentido horizontal inválido: UP
may 22, 2026 9:41:53 P. M. main.domain.GameConfiguration load
SEVERE: Archivo no encontrado: archivo_no_existente_987654321.txt
java.nio.file.NoSuchFileException: archivo_no_existente_987654321.txt
	at java.base/sun.nio.fs.WindowsException.translateToIOException(WindowsException.java:85)
	at java.base/sun.nio.fs.WindowsException.rethrowAsIOException(WindowsException.java:103)
	at java.base/sun.nio.fs.WindowsException.rethrowAsIOException(WindowsException.java:108)
	at java.base/sun.nio.fs.WindowsFileSystemProvider.newByteChannel(WindowsFileSystemProvider.java:231)
	at java.base/java.nio.file.Files.newByteChannel(Files.java:357)
	at java.base/java.nio.file.Files.newByteChannel(Files.java:399)
	at java.base/java.nio.file.spi.FileSystemProvider.newInputStream(FileSystemProvider.java:371)
	at java.base/java.nio.file.Files.newInputStream(Files.java:154)
	at java.base/java.nio.file.Files.newBufferedReader(Files.java:2642)
	at java.base/java.nio.file.Files.readAllLines(Files.java:3082)
	at main.domain.GameConfiguration.load(GameConfiguration.java:55)
	at test.GameConfigurationTest.testErrorParsingBranches(GameConfigurationTest.java:240)
	at java.base/jdk.internal.reflect.DirectMethodHandleAccessor.invoke(DirectMethodHandleAccessor.java:104)
	at java.base/java.lang.reflect.Method.invoke(Method.java:565)
	at org.junit.runners.model.FrameworkMethod$1.runReflectiveCall(FrameworkMethod.java:59)
	at org.junit.internal.runners.model.ReflectiveCallable.run(ReflectiveCallable.java:12)
	at org.junit.runners.model.FrameworkMethod.invokeExplosively(FrameworkMethod.java:56)
	at org.junit.internal.runners.statements.InvokeMethod.evaluate(InvokeMethod.java:17)
	at org.junit.internal.runners.statements.RunBefores.evaluate(RunBefores.java:26)
	at org.junit.internal.runners.statements.RunAfters.evaluate(RunAfters.java:27)
	at org.junit.runners.ParentRunner$3.evaluate(ParentRunner.java:306)
	at org.junit.runners.BlockJUnit4ClassRunner$1.evaluate(BlockJUnit4ClassRunner.java:100)
	at org.junit.runners.ParentRunner.runLeaf(ParentRunner.java:366)
	at org.junit.runners.BlockJUnit4ClassRunner.runChild(BlockJUnit4ClassRunner.java:103)
	at org.junit.runners.BlockJUnit4ClassRunner.runChild(BlockJUnit4ClassRunner.java:63)
	at org.junit.runners.ParentRunner$4.run(ParentRunner.java:331)
	at org.junit.runners.ParentRunner$1.schedule(ParentRunner.java:79)
	at org.junit.runners.ParentRunner.runChildren(ParentRunner.java:329)
	at org.junit.runners.ParentRunner.access$100(ParentRunner.java:66)
	at org.junit.runners.ParentRunner$2.evaluate(ParentRunner.java:293)
	at org.junit.runners.ParentRunner$3.evaluate(ParentRunner.java:306)
	at org.junit.runners.ParentRunner.run(ParentRunner.java:413)
	at org.junit.runners.Suite.runChild(Suite.java:128)
	at org.junit.runners.Suite.runChild(Suite.java:27)
	at org.junit.runners.ParentRunner$4.run(ParentRunner.java:331)
	at org.junit.runners.ParentRunner$1.schedule(ParentRunner.java:79)
	at org.junit.runners.ParentRunner.runChildren(ParentRunner.java:329)
	at org.junit.runners.ParentRunner.access$100(ParentRunner.java:66)
	at org.junit.runners.ParentRunner$2.evaluate(ParentRunner.java:293)
	at org.junit.runners.ParentRunner$3.evaluate(ParentRunner.java:306)
	at org.junit.runners.ParentRunner.run(ParentRunner.java:413)
	at org.junit.runner.JUnitCore.run(JUnitCore.java:137)
	at com.intellij.junit4.JUnit4IdeaTestRunner.startRunnerWithArgs(JUnit4IdeaTestRunner.java:69)
	at com.intellij.rt.junit.IdeaTestRunner$Repeater$1.execute(IdeaTestRunner.java:38)
	at com.intellij.rt.execution.junit.TestsRepeater.repeat(TestsRepeater.java:11)
	at com.intellij.rt.junit.IdeaTestRunner$Repeater.startRunnerWithArgs(IdeaTestRunner.java:35)
	at com.intellij.rt.junit.JUnitStarter.prepareStreamsAndStart(JUnitStarter.java:231)
	at com.intellij.rt.junit.JUnitStarter.main(JUnitStarter.java:55)

may 22, 2026 9:41:53 P. M. main.domain.GameConfiguration parseLine
WARNING: Comando desconocido en archivo: UNKNOWN_CMD
may 22, 2026 9:41:53 P. M. main.domain.GameConfiguration validate
SEVERE: Falta SAFE_START en la configuración
may 22, 2026 9:41:53 P. M. main.domain.GameConfiguration validateNotOnWall
SEVERE: COIN colocado sobre un muro en (2,4)

[INFO] 2026-05-22 21:41:53 — Clyde absorbió un golpe con su escudo

[INFO] 2026-05-22 21:41:53 — Vida extra para Jugador 1 (total: 1)

[INFO] 2026-05-22 21:41:53 — Clyde absorbió un golpe con su escudo

[INFO] 2026-05-22 21:41:53 — Vida extra absorbió un golpe para Jugador 1 (restantes: 0)

[INFO] 2026-05-22 21:41:53 — Clyde absorbió un golpe con su escudo

[INFO] 2026-05-22 21:41:53 — Moneda skin: Jugador 1 cambió a Azul (Inky) hasta morir

[INFO] 2026-05-22 21:41:53 — Colisión jugador-jugador: ambos reiniciados a inicio
may 22, 2026 9:41:53 P. M. main.domain.HardestGame movePlayer
SEVERE: movePlayer no permitido en estado PAUSED

[INFO] 2026-05-22 21:41:53 — Checkpoint intermedio activado — monedas previas fijadas
may 22, 2026 9:41:53 P. M. main.domain.HardestGame loadConfiguration
SEVERE: No se puede cargar nivel: partida en estado PLAYING
may 22, 2026 9:41:53 P. M. main.domain.HardestGame createPlayer
SEVERE: Skin no registrado: Skin Inexistente 123
may 22, 2026 9:41:53 P. M. main.domain.HardestGame moveSecondPlayer
SEVERE: moveSecondPlayer sin modo dos jugadores activo
may 22, 2026 9:41:53 P. M. main.domain.GameConfiguration parseLine
WARNING: Comando desconocido en archivo: SAFE_INTER
may 22, 2026 9:41:53 P. M. main.domain.GameConfiguration parseLine
WARNING: Comando desconocido en archivo: SAFE_INTER

[INFO] 2026-05-22 21:41:53 — Vida extra para Jugador 1 (total: 1)

[INFO] 2026-05-22 21:41:53 — Vida extra para Jugador 1 (total: 1)

[INFO] 2026-05-22 21:41:53 — Vida extra para Jugador 1 (total: 1)

[INFO] 2026-05-22 21:41:53 — Vida extra absorbió un golpe para Jugador 1 (restantes: 0)

[INFO] 2026-05-22 21:41:53 — Vida extra para Jugador 1 (total: 1)

[INFO] 2026-05-22 21:41:53 — Vida extra para Jugador 1 (total: 1)

[INFO] 2026-05-22 21:41:53 — Vida extra absorbió un golpe para Jugador 1 (restantes: 0)
may 22, 2026 9:41:53 P. M. main.domain.Coin collect
SEVERE: Moneda ya recolectada en (3,5)
may 22, 2026 9:44:20 P. M. main.domain.Board setWall
SEVERE: Muro fuera del tablero en (-1,0)

════════════════════════════════════════════════════════════
[ERROR] 2026-05-22 21:44:20
────────────────────────────────────────────────────────────
Mensaje    : Mock error message
Excepción  : java.lang.NullPointerException
Detalle    : Mock unexpected exception for test
StackTrace :
  at test.ExceptionsTest.testGameLoggerUnexpectedErrorLogging(ExceptionsTest.java:47)
  at java.base/jdk.internal.reflect.DirectMethodHandleAccessor.invoke(DirectMethodHandleAccessor.java:104)
  at java.base/java.lang.reflect.Method.invoke(Method.java:565)
  at org.junit.runners.model.FrameworkMethod$1.runReflectiveCall(FrameworkMethod.java:59)
  at org.junit.internal.runners.model.ReflectiveCallable.run(ReflectiveCallable.java:12)
  at org.junit.runners.model.FrameworkMethod.invokeExplosively(FrameworkMethod.java:56)
  at org.junit.internal.runners.statements.InvokeMethod.evaluate(InvokeMethod.java:17)
  at org.junit.runners.ParentRunner$3.evaluate(ParentRunner.java:306)
  at org.junit.runners.BlockJUnit4ClassRunner$1.evaluate(BlockJUnit4ClassRunner.java:100)
  at org.junit.runners.ParentRunner.runLeaf(ParentRunner.java:366)
  at org.junit.runners.BlockJUnit4ClassRunner.runChild(BlockJUnit4ClassRunner.java:103)
  at org.junit.runners.BlockJUnit4ClassRunner.runChild(BlockJUnit4ClassRunner.java:63)
  at org.junit.runners.ParentRunner$4.run(ParentRunner.java:331)
  at org.junit.runners.ParentRunner$1.schedule(ParentRunner.java:79)
  at org.junit.runners.ParentRunner.runChildren(ParentRunner.java:329)
  at org.junit.runners.ParentRunner.access$100(ParentRunner.java:66)
  at org.junit.runners.ParentRunner$2.evaluate(ParentRunner.java:293)
  at org.junit.runners.ParentRunner$3.evaluate(ParentRunner.java:306)
  at org.junit.runners.ParentRunner.run(ParentRunner.java:413)
  at org.junit.runners.Suite.runChild(Suite.java:128)
  at org.junit.runners.Suite.runChild(Suite.java:27)
  at org.junit.runners.ParentRunner$4.run(ParentRunner.java:331)
  at org.junit.runners.ParentRunner$1.schedule(ParentRunner.java:79)
  at org.junit.runners.ParentRunner.runChildren(ParentRunner.java:329)
  at org.junit.runners.ParentRunner.access$100(ParentRunner.java:66)
  at org.junit.runners.ParentRunner$2.evaluate(ParentRunner.java:293)
  at org.junit.runners.ParentRunner$3.evaluate(ParentRunner.java:306)
  at org.junit.runners.ParentRunner.run(ParentRunner.java:413)
  at org.junit.runner.JUnitCore.run(JUnitCore.java:137)
  at com.intellij.junit4.JUnit4IdeaTestRunner.startRunnerWithArgs(JUnit4IdeaTestRunner.java:69)
  at com.intellij.rt.junit.IdeaTestRunner$Repeater$1.execute(IdeaTestRunner.java:38)
  at com.intellij.rt.execution.junit.TestsRepeater.repeat(TestsRepeater.java:11)
  at com.intellij.rt.junit.IdeaTestRunner$Repeater.startRunnerWithArgs(IdeaTestRunner.java:35)
  at com.intellij.rt.junit.JUnitStarter.prepareStreamsAndStart(JUnitStarter.java:231)
  at com.intellij.rt.junit.JUnitStarter.main(JUnitStarter.java:55)
════════════════════════════════════════════════════════════

════════════════════════════════════════════════════════════
[ERROR] 2026-05-22 21:44:20
────────────────────────────────────────────────────────────
Mensaje    : Single argument error
════════════════════════════════════════════════════════════

[INFO] 2026-05-22 21:44:20 — Information log message

════════════════════════════════════════════════════════════
[ERROR] 2026-05-22 21:44:20
────────────────────────────────────────────────────────────
Mensaje    : Test error message
Contexto   : Custom Extra Context
Excepción  : java.lang.RuntimeException
Detalle    : Runtime wrapper
Causa raíz : Root bad argument
StackTrace :
  at test.ExceptionsTest.testGameLoggerComprehensive(ExceptionsTest.java:90)
  at java.base/jdk.internal.reflect.DirectMethodHandleAccessor.invoke(DirectMethodHandleAccessor.java:104)
  at java.base/java.lang.reflect.Method.invoke(Method.java:565)
  at org.junit.runners.model.FrameworkMethod$1.runReflectiveCall(FrameworkMethod.java:59)
  at org.junit.internal.runners.model.ReflectiveCallable.run(ReflectiveCallable.java:12)
  at org.junit.runners.model.FrameworkMethod.invokeExplosively(FrameworkMethod.java:56)
  at org.junit.internal.runners.statements.InvokeMethod.evaluate(InvokeMethod.java:17)
  at org.junit.runners.ParentRunner$3.evaluate(ParentRunner.java:306)
  at org.junit.runners.BlockJUnit4ClassRunner$1.evaluate(BlockJUnit4ClassRunner.java:100)
  at org.junit.runners.ParentRunner.runLeaf(ParentRunner.java:366)
  at org.junit.runners.BlockJUnit4ClassRunner.runChild(BlockJUnit4ClassRunner.java:103)
  at org.junit.runners.BlockJUnit4ClassRunner.runChild(BlockJUnit4ClassRunner.java:63)
  at org.junit.runners.ParentRunner$4.run(ParentRunner.java:331)
  at org.junit.runners.ParentRunner$1.schedule(ParentRunner.java:79)
  at org.junit.runners.ParentRunner.runChildren(ParentRunner.java:329)
  at org.junit.runners.ParentRunner.access$100(ParentRunner.java:66)
  at org.junit.runners.ParentRunner$2.evaluate(ParentRunner.java:293)
  at org.junit.runners.ParentRunner$3.evaluate(ParentRunner.java:306)
  at org.junit.runners.ParentRunner.run(ParentRunner.java:413)
  at org.junit.runners.Suite.runChild(Suite.java:128)
  at org.junit.runners.Suite.runChild(Suite.java:27)
  at org.junit.runners.ParentRunner$4.run(ParentRunner.java:331)
  at org.junit.runners.ParentRunner$1.schedule(ParentRunner.java:79)
  at org.junit.runners.ParentRunner.runChildren(ParentRunner.java:329)
  at org.junit.runners.ParentRunner.access$100(ParentRunner.java:66)
  at org.junit.runners.ParentRunner$2.evaluate(ParentRunner.java:293)
  at org.junit.runners.ParentRunner$3.evaluate(ParentRunner.java:306)
  at org.junit.runners.ParentRunner.run(ParentRunner.java:413)
  at org.junit.runner.JUnitCore.run(JUnitCore.java:137)
  at com.intellij.junit4.JUnit4IdeaTestRunner.startRunnerWithArgs(JUnit4IdeaTestRunner.java:69)
  at com.intellij.rt.junit.IdeaTestRunner$Repeater$1.execute(IdeaTestRunner.java:38)
  at com.intellij.rt.execution.junit.TestsRepeater.repeat(TestsRepeater.java:11)
  at com.intellij.rt.junit.IdeaTestRunner$Repeater.startRunnerWithArgs(IdeaTestRunner.java:35)
  at com.intellij.rt.junit.JUnitStarter.prepareStreamsAndStart(JUnitStarter.java:231)
  at com.intellij.rt.junit.JUnitStarter.main(JUnitStarter.java:55)
════════════════════════════════════════════════════════════
may 22, 2026 9:44:20 P. M. main.domain.GameConfiguration parseDimension
SEVERE: ROWS o COLS requiere un valor numérico
may 22, 2026 9:44:20 P. M. main.domain.GameConfiguration validate
SEVERE: Dimensiones inválidas: -5x10
may 22, 2026 9:44:20 P. M. main.domain.GameConfiguration validate
SEVERE: Tiempo 5s menor al mínimo (10s)
may 22, 2026 9:44:20 P. M. main.domain.GameConfiguration validate
SEVERE: Falta SAFE_START en la configuración
may 22, 2026 9:44:20 P. M. main.domain.GameConfiguration validate
SEVERE: Falta SAFE_FINAL en la configuración
may 22, 2026 9:44:20 P. M. main.domain.GameConfiguration parseZoneLine
SEVERE: ZONA requiere fila, col, filas y cols
may 22, 2026 9:44:20 P. M. main.domain.GameConfiguration parseEnemy
SEVERE: ENEMY requiere tipo, fila y columna
may 22, 2026 9:44:20 P. M. main.domain.GameConfiguration parseEnemy
SEVERE: Tipo de enemigo desconocido: UNKNOWN
may 22, 2026 9:44:20 P. M. main.domain.GameConfiguration parseSpinnerEnemy
SEVERE: ENEMY SPINNER requiere filaCentro colCentro radio indexInicial horario velocidad
may 22, 2026 9:44:20 P. M. main.domain.GameConfiguration parseBasicEnemy
SEVERE: ENEMY BASIC requiere fila, columna y dirección
may 22, 2026 9:44:20 P. M. main.domain.GameConfiguration parseBasicEnemy
SEVERE: horizontalStep no aplica con dirección VERTICAL: LEFT
may 22, 2026 9:44:20 P. M. main.domain.GameConfiguration parseAcceleratedEnemy
SEVERE: ENEMY ACCEL requiere fila, columna y dirección
may 22, 2026 9:44:20 P. M. main.domain.GameConfiguration parseAcceleratedEnemy
SEVERE: Dirección ACCEL inválida: DIAGONAL
may 22, 2026 9:44:20 P. M. main.domain.GameConfiguration parseAcceleratedEnemy
SEVERE: horizontalStep no aplica con dirección VERTICAL: LEFT
may 22, 2026 9:44:20 P. M. main.domain.GameConfiguration parsePatrolEnemy
SEVERE: ENEMY PATROL requiere fila col filas cols o fila col zonaFila zonaCol filasZona colsZona
may 22, 2026 9:44:20 P. M. main.domain.GameConfiguration parseDirectionToken
SEVERE: Dirección de enemigo inválida: DIAGONAL
may 22, 2026 9:44:20 P. M. main.domain.GameConfiguration parseHorizontalStep
SEVERE: Sentido horizontal inválido: UP
may 22, 2026 9:44:20 P. M. main.domain.GameConfiguration load
SEVERE: Archivo no encontrado: archivo_no_existente_987654321.txt
java.nio.file.NoSuchFileException: archivo_no_existente_987654321.txt
	at java.base/sun.nio.fs.WindowsException.translateToIOException(WindowsException.java:85)
	at java.base/sun.nio.fs.WindowsException.rethrowAsIOException(WindowsException.java:103)
	at java.base/sun.nio.fs.WindowsException.rethrowAsIOException(WindowsException.java:108)
	at java.base/sun.nio.fs.WindowsFileSystemProvider.newByteChannel(WindowsFileSystemProvider.java:231)
	at java.base/java.nio.file.Files.newByteChannel(Files.java:357)
	at java.base/java.nio.file.Files.newByteChannel(Files.java:399)
	at java.base/java.nio.file.spi.FileSystemProvider.newInputStream(FileSystemProvider.java:371)
	at java.base/java.nio.file.Files.newInputStream(Files.java:154)
	at java.base/java.nio.file.Files.newBufferedReader(Files.java:2642)
	at java.base/java.nio.file.Files.readAllLines(Files.java:3082)
	at main.domain.GameConfiguration.load(GameConfiguration.java:55)
	at test.GameConfigurationTest.testErrorParsingBranches(GameConfigurationTest.java:240)
	at java.base/jdk.internal.reflect.DirectMethodHandleAccessor.invoke(DirectMethodHandleAccessor.java:104)
	at java.base/java.lang.reflect.Method.invoke(Method.java:565)
	at org.junit.runners.model.FrameworkMethod$1.runReflectiveCall(FrameworkMethod.java:59)
	at org.junit.internal.runners.model.ReflectiveCallable.run(ReflectiveCallable.java:12)
	at org.junit.runners.model.FrameworkMethod.invokeExplosively(FrameworkMethod.java:56)
	at org.junit.internal.runners.statements.InvokeMethod.evaluate(InvokeMethod.java:17)
	at org.junit.internal.runners.statements.RunBefores.evaluate(RunBefores.java:26)
	at org.junit.internal.runners.statements.RunAfters.evaluate(RunAfters.java:27)
	at org.junit.runners.ParentRunner$3.evaluate(ParentRunner.java:306)
	at org.junit.runners.BlockJUnit4ClassRunner$1.evaluate(BlockJUnit4ClassRunner.java:100)
	at org.junit.runners.ParentRunner.runLeaf(ParentRunner.java:366)
	at org.junit.runners.BlockJUnit4ClassRunner.runChild(BlockJUnit4ClassRunner.java:103)
	at org.junit.runners.BlockJUnit4ClassRunner.runChild(BlockJUnit4ClassRunner.java:63)
	at org.junit.runners.ParentRunner$4.run(ParentRunner.java:331)
	at org.junit.runners.ParentRunner$1.schedule(ParentRunner.java:79)
	at org.junit.runners.ParentRunner.runChildren(ParentRunner.java:329)
	at org.junit.runners.ParentRunner.access$100(ParentRunner.java:66)
	at org.junit.runners.ParentRunner$2.evaluate(ParentRunner.java:293)
	at org.junit.runners.ParentRunner$3.evaluate(ParentRunner.java:306)
	at org.junit.runners.ParentRunner.run(ParentRunner.java:413)
	at org.junit.runners.Suite.runChild(Suite.java:128)
	at org.junit.runners.Suite.runChild(Suite.java:27)
	at org.junit.runners.ParentRunner$4.run(ParentRunner.java:331)
	at org.junit.runners.ParentRunner$1.schedule(ParentRunner.java:79)
	at org.junit.runners.ParentRunner.runChildren(ParentRunner.java:329)
	at org.junit.runners.ParentRunner.access$100(ParentRunner.java:66)
	at org.junit.runners.ParentRunner$2.evaluate(ParentRunner.java:293)
	at org.junit.runners.ParentRunner$3.evaluate(ParentRunner.java:306)
	at org.junit.runners.ParentRunner.run(ParentRunner.java:413)
	at org.junit.runner.JUnitCore.run(JUnitCore.java:137)
	at com.intellij.junit4.JUnit4IdeaTestRunner.startRunnerWithArgs(JUnit4IdeaTestRunner.java:69)
	at com.intellij.rt.junit.IdeaTestRunner$Repeater$1.execute(IdeaTestRunner.java:38)
	at com.intellij.rt.execution.junit.TestsRepeater.repeat(TestsRepeater.java:11)
	at com.intellij.rt.junit.IdeaTestRunner$Repeater.startRunnerWithArgs(IdeaTestRunner.java:35)
	at com.intellij.rt.junit.JUnitStarter.prepareStreamsAndStart(JUnitStarter.java:231)
	at com.intellij.rt.junit.JUnitStarter.main(JUnitStarter.java:55)

may 22, 2026 9:44:20 P. M. main.domain.GameConfiguration parseLine
WARNING: Comando desconocido en archivo: UNKNOWN_CMD
may 22, 2026 9:44:20 P. M. main.domain.GameConfiguration validate
SEVERE: Falta SAFE_START en la configuración
may 22, 2026 9:44:20 P. M. main.domain.GameConfiguration validateNotOnWall
SEVERE: COIN colocado sobre un muro en (2,4)

[INFO] 2026-05-22 21:44:20 — Clyde absorbió un golpe con su escudo

[INFO] 2026-05-22 21:44:20 — Vida extra para Jugador 1 (total: 1)

[INFO] 2026-05-22 21:44:20 — Clyde absorbió un golpe con su escudo

[INFO] 2026-05-22 21:44:20 — Vida extra absorbió un golpe para Jugador 1 (restantes: 0)

[INFO] 2026-05-22 21:44:20 — Clyde absorbió un golpe con su escudo
may 22, 2026 9:44:20 P. M. main.domain.GameConfiguration validate
SEVERE: Tiempo 1s menor al mínimo (10s)

[INFO] 2026-05-22 21:44:20 — Colisión jugador-jugador: ambos reiniciados a inicio

[INFO] 2026-05-22 21:44:20 — Moneda skin: Jugador 1 cambió a Azul (Inky) hasta morir
may 22, 2026 9:44:20 P. M. main.domain.GameConfiguration parseEnemy
SEVERE: Tipo de enemigo desconocido: ACCELERATED

[INFO] 2026-05-22 21:44:20 — Colisión jugador-jugador: ambos reiniciados a inicio

[INFO] 2026-05-22 21:44:20 — Checkpoint intermedio activado — monedas previas fijadas
may 22, 2026 9:44:20 P. M. main.domain.HardestGame movePlayer
SEVERE: movePlayer no permitido en estado PAUSED
may 22, 2026 9:44:20 P. M. main.domain.GameConfiguration parseLine
WARNING: Comando desconocido en archivo: POWER_UP
may 22, 2026 9:44:21 P. M. main.domain.GameConfiguration parseLine
WARNING: Comando desconocido en archivo: POWER_UP

[INFO] 2026-05-22 21:44:21 — Checkpoint intermedio activado — monedas previas fijadas

[INFO] 2026-05-22 21:44:21 — Checkpoint intermedio activado — monedas previas fijadas
may 22, 2026 9:44:21 P. M. main.domain.HardestGame moveSecondPlayer
SEVERE: moveSecondPlayer no permitido en estado PAUSED
may 22, 2026 9:44:21 P. M. main.domain.HardestGame loadConfiguration
SEVERE: No se puede cargar nivel: partida en estado PLAYING
may 22, 2026 9:44:21 P. M. main.domain.HardestGame createPlayer
SEVERE: Skin no registrado: Skin Inexistente 123
may 22, 2026 9:44:21 P. M. main.domain.HardestGame moveSecondPlayer
SEVERE: moveSecondPlayer sin modo dos jugadores activo
may 22, 2026 9:44:21 P. M. main.domain.GameConfiguration parseLine
WARNING: Comando desconocido en archivo: SAFE_INTER
may 22, 2026 9:44:21 P. M. main.domain.GameConfiguration parseLine
WARNING: Comando desconocido en archivo: SAFE_INTER

[INFO] 2026-05-22 21:44:21 — Vida extra para Jugador 1 (total: 1)

[INFO] 2026-05-22 21:44:21 — Vida extra para Jugador 1 (total: 1)

[INFO] 2026-05-22 21:44:21 — Vida extra para Jugador 1 (total: 1)

[INFO] 2026-05-22 21:44:21 — Vida extra absorbió un golpe para Jugador 1 (restantes: 0)

[INFO] 2026-05-22 21:44:21 — Vida extra para Jugador 1 (total: 1)

[INFO] 2026-05-22 21:44:21 — Vida extra para Jugador 1 (total: 1)

[INFO] 2026-05-22 21:44:21 — Vida extra absorbió un golpe para Jugador 1 (restantes: 0)
may 22, 2026 9:44:21 P. M. main.domain.Coin collect
SEVERE: Moneda ya recolectada en (3,5)
may 22, 2026 9:44:32 P. M. main.domain.Board setWall
SEVERE: Muro fuera del tablero en (-1,0)

════════════════════════════════════════════════════════════
[ERROR] 2026-05-22 21:44:32
────────────────────────────────────────────────────────────
Mensaje    : Mock error message
Excepción  : java.lang.NullPointerException
Detalle    : Mock unexpected exception for test
StackTrace :
  at test.ExceptionsTest.testGameLoggerUnexpectedErrorLogging(ExceptionsTest.java:47)
  at java.base/jdk.internal.reflect.DirectMethodHandleAccessor.invoke(DirectMethodHandleAccessor.java:104)
  at java.base/java.lang.reflect.Method.invoke(Method.java:565)
  at org.junit.runners.model.FrameworkMethod$1.runReflectiveCall(FrameworkMethod.java:59)
  at org.junit.internal.runners.model.ReflectiveCallable.run(ReflectiveCallable.java:12)
  at org.junit.runners.model.FrameworkMethod.invokeExplosively(FrameworkMethod.java:56)
  at org.junit.internal.runners.statements.InvokeMethod.evaluate(InvokeMethod.java:17)
  at org.junit.runners.ParentRunner$3.evaluate(ParentRunner.java:306)
  at org.junit.runners.BlockJUnit4ClassRunner$1.evaluate(BlockJUnit4ClassRunner.java:100)
  at org.junit.runners.ParentRunner.runLeaf(ParentRunner.java:366)
  at org.junit.runners.BlockJUnit4ClassRunner.runChild(BlockJUnit4ClassRunner.java:103)
  at org.junit.runners.BlockJUnit4ClassRunner.runChild(BlockJUnit4ClassRunner.java:63)
  at org.junit.runners.ParentRunner$4.run(ParentRunner.java:331)
  at org.junit.runners.ParentRunner$1.schedule(ParentRunner.java:79)
  at org.junit.runners.ParentRunner.runChildren(ParentRunner.java:329)
  at org.junit.runners.ParentRunner.access$100(ParentRunner.java:66)
  at org.junit.runners.ParentRunner$2.evaluate(ParentRunner.java:293)
  at org.junit.runners.ParentRunner$3.evaluate(ParentRunner.java:306)
  at org.junit.runners.ParentRunner.run(ParentRunner.java:413)
  at org.junit.runners.Suite.runChild(Suite.java:128)
  at org.junit.runners.Suite.runChild(Suite.java:27)
  at org.junit.runners.ParentRunner$4.run(ParentRunner.java:331)
  at org.junit.runners.ParentRunner$1.schedule(ParentRunner.java:79)
  at org.junit.runners.ParentRunner.runChildren(ParentRunner.java:329)
  at org.junit.runners.ParentRunner.access$100(ParentRunner.java:66)
  at org.junit.runners.ParentRunner$2.evaluate(ParentRunner.java:293)
  at org.junit.runners.ParentRunner$3.evaluate(ParentRunner.java:306)
  at org.junit.runners.ParentRunner.run(ParentRunner.java:413)
  at org.junit.runner.JUnitCore.run(JUnitCore.java:137)
  at com.intellij.junit4.JUnit4IdeaTestRunner.startRunnerWithArgs(JUnit4IdeaTestRunner.java:69)
  at com.intellij.rt.junit.IdeaTestRunner$Repeater$1.execute(IdeaTestRunner.java:38)
  at com.intellij.rt.execution.junit.TestsRepeater.repeat(TestsRepeater.java:11)
  at com.intellij.rt.junit.IdeaTestRunner$Repeater.startRunnerWithArgs(IdeaTestRunner.java:35)
  at com.intellij.rt.junit.JUnitStarter.prepareStreamsAndStart(JUnitStarter.java:231)
  at com.intellij.rt.junit.JUnitStarter.main(JUnitStarter.java:55)
════════════════════════════════════════════════════════════

════════════════════════════════════════════════════════════
[ERROR] 2026-05-22 21:44:32
────────────────────────────────────────────────────────────
Mensaje    : Single argument error
════════════════════════════════════════════════════════════

[INFO] 2026-05-22 21:44:32 — Information log message

════════════════════════════════════════════════════════════
[ERROR] 2026-05-22 21:44:32
────────────────────────────────────────────────────────────
Mensaje    : Test error message
Contexto   : Custom Extra Context
Excepción  : java.lang.RuntimeException
Detalle    : Runtime wrapper
Causa raíz : Root bad argument
StackTrace :
  at test.ExceptionsTest.testGameLoggerComprehensive(ExceptionsTest.java:90)
  at java.base/jdk.internal.reflect.DirectMethodHandleAccessor.invoke(DirectMethodHandleAccessor.java:104)
  at java.base/java.lang.reflect.Method.invoke(Method.java:565)
  at org.junit.runners.model.FrameworkMethod$1.runReflectiveCall(FrameworkMethod.java:59)
  at org.junit.internal.runners.model.ReflectiveCallable.run(ReflectiveCallable.java:12)
  at org.junit.runners.model.FrameworkMethod.invokeExplosively(FrameworkMethod.java:56)
  at org.junit.internal.runners.statements.InvokeMethod.evaluate(InvokeMethod.java:17)
  at org.junit.runners.ParentRunner$3.evaluate(ParentRunner.java:306)
  at org.junit.runners.BlockJUnit4ClassRunner$1.evaluate(BlockJUnit4ClassRunner.java:100)
  at org.junit.runners.ParentRunner.runLeaf(ParentRunner.java:366)
  at org.junit.runners.BlockJUnit4ClassRunner.runChild(BlockJUnit4ClassRunner.java:103)
  at org.junit.runners.BlockJUnit4ClassRunner.runChild(BlockJUnit4ClassRunner.java:63)
  at org.junit.runners.ParentRunner$4.run(ParentRunner.java:331)
  at org.junit.runners.ParentRunner$1.schedule(ParentRunner.java:79)
  at org.junit.runners.ParentRunner.runChildren(ParentRunner.java:329)
  at org.junit.runners.ParentRunner.access$100(ParentRunner.java:66)
  at org.junit.runners.ParentRunner$2.evaluate(ParentRunner.java:293)
  at org.junit.runners.ParentRunner$3.evaluate(ParentRunner.java:306)
  at org.junit.runners.ParentRunner.run(ParentRunner.java:413)
  at org.junit.runners.Suite.runChild(Suite.java:128)
  at org.junit.runners.Suite.runChild(Suite.java:27)
  at org.junit.runners.ParentRunner$4.run(ParentRunner.java:331)
  at org.junit.runners.ParentRunner$1.schedule(ParentRunner.java:79)
  at org.junit.runners.ParentRunner.runChildren(ParentRunner.java:329)
  at org.junit.runners.ParentRunner.access$100(ParentRunner.java:66)
  at org.junit.runners.ParentRunner$2.evaluate(ParentRunner.java:293)
  at org.junit.runners.ParentRunner$3.evaluate(ParentRunner.java:306)
  at org.junit.runners.ParentRunner.run(ParentRunner.java:413)
  at org.junit.runner.JUnitCore.run(JUnitCore.java:137)
  at com.intellij.junit4.JUnit4IdeaTestRunner.startRunnerWithArgs(JUnit4IdeaTestRunner.java:69)
  at com.intellij.rt.junit.IdeaTestRunner$Repeater$1.execute(IdeaTestRunner.java:38)
  at com.intellij.rt.execution.junit.TestsRepeater.repeat(TestsRepeater.java:11)
  at com.intellij.rt.junit.IdeaTestRunner$Repeater.startRunnerWithArgs(IdeaTestRunner.java:35)
  at com.intellij.rt.junit.JUnitStarter.prepareStreamsAndStart(JUnitStarter.java:231)
  at com.intellij.rt.junit.JUnitStarter.main(JUnitStarter.java:55)
════════════════════════════════════════════════════════════
may 22, 2026 9:44:32 P. M. main.domain.GameConfiguration parseDimension
SEVERE: ROWS o COLS requiere un valor numérico
may 22, 2026 9:44:32 P. M. main.domain.GameConfiguration validate
SEVERE: Dimensiones inválidas: -5x10
may 22, 2026 9:44:32 P. M. main.domain.GameConfiguration validate
SEVERE: Tiempo 5s menor al mínimo (10s)
may 22, 2026 9:44:32 P. M. main.domain.GameConfiguration validate
SEVERE: Falta SAFE_START en la configuración
may 22, 2026 9:44:32 P. M. main.domain.GameConfiguration validate
SEVERE: Falta SAFE_FINAL en la configuración
may 22, 2026 9:44:32 P. M. main.domain.GameConfiguration parseZoneLine
SEVERE: ZONA requiere fila, col, filas y cols
may 22, 2026 9:44:32 P. M. main.domain.GameConfiguration parseEnemy
SEVERE: ENEMY requiere tipo, fila y columna
may 22, 2026 9:44:32 P. M. main.domain.GameConfiguration parseEnemy
SEVERE: Tipo de enemigo desconocido: UNKNOWN
may 22, 2026 9:44:32 P. M. main.domain.GameConfiguration parseSpinnerEnemy
SEVERE: ENEMY SPINNER requiere filaCentro colCentro radio indexInicial horario velocidad
may 22, 2026 9:44:32 P. M. main.domain.GameConfiguration parseBasicEnemy
SEVERE: ENEMY BASIC requiere fila, columna y dirección
may 22, 2026 9:44:32 P. M. main.domain.GameConfiguration parseBasicEnemy
SEVERE: horizontalStep no aplica con dirección VERTICAL: LEFT
may 22, 2026 9:44:32 P. M. main.domain.GameConfiguration parseAcceleratedEnemy
SEVERE: ENEMY ACCEL requiere fila, columna y dirección
may 22, 2026 9:44:32 P. M. main.domain.GameConfiguration parseAcceleratedEnemy
SEVERE: Dirección ACCEL inválida: DIAGONAL
may 22, 2026 9:44:32 P. M. main.domain.GameConfiguration parseAcceleratedEnemy
SEVERE: horizontalStep no aplica con dirección VERTICAL: LEFT
may 22, 2026 9:44:32 P. M. main.domain.GameConfiguration parsePatrolEnemy
SEVERE: ENEMY PATROL requiere fila col filas cols o fila col zonaFila zonaCol filasZona colsZona
may 22, 2026 9:44:32 P. M. main.domain.GameConfiguration parseDirectionToken
SEVERE: Dirección de enemigo inválida: DIAGONAL
may 22, 2026 9:44:32 P. M. main.domain.GameConfiguration parseHorizontalStep
SEVERE: Sentido horizontal inválido: UP
may 22, 2026 9:44:32 P. M. main.domain.GameConfiguration load
SEVERE: Archivo no encontrado: archivo_no_existente_987654321.txt
java.nio.file.NoSuchFileException: archivo_no_existente_987654321.txt
	at java.base/sun.nio.fs.WindowsException.translateToIOException(WindowsException.java:85)
	at java.base/sun.nio.fs.WindowsException.rethrowAsIOException(WindowsException.java:103)
	at java.base/sun.nio.fs.WindowsException.rethrowAsIOException(WindowsException.java:108)
	at java.base/sun.nio.fs.WindowsFileSystemProvider.newByteChannel(WindowsFileSystemProvider.java:231)
	at java.base/java.nio.file.Files.newByteChannel(Files.java:357)
	at java.base/java.nio.file.Files.newByteChannel(Files.java:399)
	at java.base/java.nio.file.spi.FileSystemProvider.newInputStream(FileSystemProvider.java:371)
	at java.base/java.nio.file.Files.newInputStream(Files.java:154)
	at java.base/java.nio.file.Files.newBufferedReader(Files.java:2642)
	at java.base/java.nio.file.Files.readAllLines(Files.java:3082)
	at main.domain.GameConfiguration.load(GameConfiguration.java:55)
	at test.GameConfigurationTest.testErrorParsingBranches(GameConfigurationTest.java:240)
	at java.base/jdk.internal.reflect.DirectMethodHandleAccessor.invoke(DirectMethodHandleAccessor.java:104)
	at java.base/java.lang.reflect.Method.invoke(Method.java:565)
	at org.junit.runners.model.FrameworkMethod$1.runReflectiveCall(FrameworkMethod.java:59)
	at org.junit.internal.runners.model.ReflectiveCallable.run(ReflectiveCallable.java:12)
	at org.junit.runners.model.FrameworkMethod.invokeExplosively(FrameworkMethod.java:56)
	at org.junit.internal.runners.statements.InvokeMethod.evaluate(InvokeMethod.java:17)
	at org.junit.internal.runners.statements.RunBefores.evaluate(RunBefores.java:26)
	at org.junit.internal.runners.statements.RunAfters.evaluate(RunAfters.java:27)
	at org.junit.runners.ParentRunner$3.evaluate(ParentRunner.java:306)
	at org.junit.runners.BlockJUnit4ClassRunner$1.evaluate(BlockJUnit4ClassRunner.java:100)
	at org.junit.runners.ParentRunner.runLeaf(ParentRunner.java:366)
	at org.junit.runners.BlockJUnit4ClassRunner.runChild(BlockJUnit4ClassRunner.java:103)
	at org.junit.runners.BlockJUnit4ClassRunner.runChild(BlockJUnit4ClassRunner.java:63)
	at org.junit.runners.ParentRunner$4.run(ParentRunner.java:331)
	at org.junit.runners.ParentRunner$1.schedule(ParentRunner.java:79)
	at org.junit.runners.ParentRunner.runChildren(ParentRunner.java:329)
	at org.junit.runners.ParentRunner.access$100(ParentRunner.java:66)
	at org.junit.runners.ParentRunner$2.evaluate(ParentRunner.java:293)
	at org.junit.runners.ParentRunner$3.evaluate(ParentRunner.java:306)
	at org.junit.runners.ParentRunner.run(ParentRunner.java:413)
	at org.junit.runners.Suite.runChild(Suite.java:128)
	at org.junit.runners.Suite.runChild(Suite.java:27)
	at org.junit.runners.ParentRunner$4.run(ParentRunner.java:331)
	at org.junit.runners.ParentRunner$1.schedule(ParentRunner.java:79)
	at org.junit.runners.ParentRunner.runChildren(ParentRunner.java:329)
	at org.junit.runners.ParentRunner.access$100(ParentRunner.java:66)
	at org.junit.runners.ParentRunner$2.evaluate(ParentRunner.java:293)
	at org.junit.runners.ParentRunner$3.evaluate(ParentRunner.java:306)
	at org.junit.runners.ParentRunner.run(ParentRunner.java:413)
	at org.junit.runner.JUnitCore.run(JUnitCore.java:137)
	at com.intellij.junit4.JUnit4IdeaTestRunner.startRunnerWithArgs(JUnit4IdeaTestRunner.java:69)
	at com.intellij.rt.junit.IdeaTestRunner$Repeater$1.execute(IdeaTestRunner.java:38)
	at com.intellij.rt.execution.junit.TestsRepeater.repeat(TestsRepeater.java:11)
	at com.intellij.rt.junit.IdeaTestRunner$Repeater.startRunnerWithArgs(IdeaTestRunner.java:35)
	at com.intellij.rt.junit.JUnitStarter.prepareStreamsAndStart(JUnitStarter.java:231)
	at com.intellij.rt.junit.JUnitStarter.main(JUnitStarter.java:55)

may 22, 2026 9:44:32 P. M. main.domain.GameConfiguration parseLine
WARNING: Comando desconocido en archivo: UNKNOWN_CMD
may 22, 2026 9:44:32 P. M. main.domain.GameConfiguration validate
SEVERE: Falta SAFE_START en la configuración
may 22, 2026 9:44:32 P. M. main.domain.GameConfiguration validateNotOnWall
SEVERE: COIN colocado sobre un muro en (2,4)

[INFO] 2026-05-22 21:44:32 — Clyde absorbió un golpe con su escudo

[INFO] 2026-05-22 21:44:32 — Vida extra para Jugador 1 (total: 1)

[INFO] 2026-05-22 21:44:32 — Clyde absorbió un golpe con su escudo

[INFO] 2026-05-22 21:44:32 — Vida extra absorbió un golpe para Jugador 1 (restantes: 0)

[INFO] 2026-05-22 21:44:32 — Clyde absorbió un golpe con su escudo
may 22, 2026 9:44:32 P. M. main.domain.GameConfiguration validate
SEVERE: Tiempo 1s menor al mínimo (10s)

[INFO] 2026-05-22 21:44:32 — Colisión jugador-jugador: ambos reiniciados a inicio

[INFO] 2026-05-22 21:44:32 — Moneda skin: Jugador 1 cambió a Azul (Inky) hasta morir
may 22, 2026 9:44:32 P. M. main.domain.GameConfiguration parseEnemy
SEVERE: Tipo de enemigo desconocido: ACCELERATED

[INFO] 2026-05-22 21:44:32 — Colisión jugador-jugador: ambos reiniciados a inicio

[INFO] 2026-05-22 21:44:32 — Checkpoint intermedio activado — monedas previas fijadas
may 22, 2026 9:44:32 P. M. main.domain.HardestGame movePlayer
SEVERE: movePlayer no permitido en estado PAUSED
may 22, 2026 9:44:32 P. M. main.domain.GameConfiguration parseLine
WARNING: Comando desconocido en archivo: POWER_UP
may 22, 2026 9:44:32 P. M. main.domain.GameConfiguration parseLine
WARNING: Comando desconocido en archivo: POWER_UP

[INFO] 2026-05-22 21:44:32 — Checkpoint intermedio activado — monedas previas fijadas

[INFO] 2026-05-22 21:44:32 — Checkpoint intermedio activado — monedas previas fijadas
may 22, 2026 9:44:32 P. M. main.domain.HardestGame moveSecondPlayer
SEVERE: moveSecondPlayer no permitido en estado PAUSED
may 22, 2026 9:44:32 P. M. main.domain.HardestGame loadConfiguration
SEVERE: No se puede cargar nivel: partida en estado PLAYING
may 22, 2026 9:44:32 P. M. main.domain.HardestGame createPlayer
SEVERE: Skin no registrado: Skin Inexistente 123
may 22, 2026 9:44:32 P. M. main.domain.HardestGame moveSecondPlayer
SEVERE: moveSecondPlayer sin modo dos jugadores activo
may 22, 2026 9:44:32 P. M. main.domain.GameConfiguration parseLine
WARNING: Comando desconocido en archivo: SAFE_INTER
may 22, 2026 9:44:32 P. M. main.domain.GameConfiguration parseLine
WARNING: Comando desconocido en archivo: SAFE_INTER

[INFO] 2026-05-22 21:44:32 — Vida extra para Jugador 1 (total: 1)

[INFO] 2026-05-22 21:44:32 — Vida extra para Jugador 1 (total: 1)

[INFO] 2026-05-22 21:44:32 — Vida extra para Jugador 1 (total: 1)

[INFO] 2026-05-22 21:44:32 — Vida extra absorbió un golpe para Jugador 1 (restantes: 0)

[INFO] 2026-05-22 21:44:32 — Vida extra para Jugador 1 (total: 1)

[INFO] 2026-05-22 21:44:32 — Vida extra para Jugador 1 (total: 1)

[INFO] 2026-05-22 21:44:32 — Vida extra absorbió un golpe para Jugador 1 (restantes: 0)
may 22, 2026 9:44:32 P. M. main.domain.Coin collect
SEVERE: Moneda ya recolectada en (3,5)
may 22, 2026 9:45:58 P. M. main.domain.Board setWall
SEVERE: Muro fuera del tablero en (-1,0)

════════════════════════════════════════════════════════════
[ERROR] 2026-05-22 21:45:58
────────────────────────────────────────────────────────────
Mensaje    : Mock error message
Excepción  : java.lang.NullPointerException
Detalle    : Mock unexpected exception for test
StackTrace :
  at test.ExceptionsTest.testGameLoggerUnexpectedErrorLogging(ExceptionsTest.java:47)
  at java.base/jdk.internal.reflect.DirectMethodHandleAccessor.invoke(DirectMethodHandleAccessor.java:104)
  at java.base/java.lang.reflect.Method.invoke(Method.java:565)
  at org.junit.runners.model.FrameworkMethod$1.runReflectiveCall(FrameworkMethod.java:59)
  at org.junit.internal.runners.model.ReflectiveCallable.run(ReflectiveCallable.java:12)
  at org.junit.runners.model.FrameworkMethod.invokeExplosively(FrameworkMethod.java:56)
  at org.junit.internal.runners.statements.InvokeMethod.evaluate(InvokeMethod.java:17)
  at org.junit.runners.ParentRunner$3.evaluate(ParentRunner.java:306)
  at org.junit.runners.BlockJUnit4ClassRunner$1.evaluate(BlockJUnit4ClassRunner.java:100)
  at org.junit.runners.ParentRunner.runLeaf(ParentRunner.java:366)
  at org.junit.runners.BlockJUnit4ClassRunner.runChild(BlockJUnit4ClassRunner.java:103)
  at org.junit.runners.BlockJUnit4ClassRunner.runChild(BlockJUnit4ClassRunner.java:63)
  at org.junit.runners.ParentRunner$4.run(ParentRunner.java:331)
  at org.junit.runners.ParentRunner$1.schedule(ParentRunner.java:79)
  at org.junit.runners.ParentRunner.runChildren(ParentRunner.java:329)
  at org.junit.runners.ParentRunner.access$100(ParentRunner.java:66)
  at org.junit.runners.ParentRunner$2.evaluate(ParentRunner.java:293)
  at org.junit.runners.ParentRunner$3.evaluate(ParentRunner.java:306)
  at org.junit.runners.ParentRunner.run(ParentRunner.java:413)
  at org.junit.runners.Suite.runChild(Suite.java:128)
  at org.junit.runners.Suite.runChild(Suite.java:27)
  at org.junit.runners.ParentRunner$4.run(ParentRunner.java:331)
  at org.junit.runners.ParentRunner$1.schedule(ParentRunner.java:79)
  at org.junit.runners.ParentRunner.runChildren(ParentRunner.java:329)
  at org.junit.runners.ParentRunner.access$100(ParentRunner.java:66)
  at org.junit.runners.ParentRunner$2.evaluate(ParentRunner.java:293)
  at org.junit.runners.ParentRunner$3.evaluate(ParentRunner.java:306)
  at org.junit.runners.ParentRunner.run(ParentRunner.java:413)
  at org.junit.runner.JUnitCore.run(JUnitCore.java:137)
  at org.junit.runner.JUnitCore.run(JUnitCore.java:115)
  at org.junit.runner.JUnitCore.runMain(JUnitCore.java:77)
  at org.junit.runner.JUnitCore.main(JUnitCore.java:36)
════════════════════════════════════════════════════════════

════════════════════════════════════════════════════════════
[ERROR] 2026-05-22 21:45:58
────────────────────────────────────────────────────────────
Mensaje    : Single argument error
════════════════════════════════════════════════════════════

[INFO] 2026-05-22 21:45:58 — Information log message

════════════════════════════════════════════════════════════
[ERROR] 2026-05-22 21:45:58
────────────────────────────────────────────────────────────
Mensaje    : Test error message
Contexto   : Custom Extra Context
Excepción  : java.lang.RuntimeException
Detalle    : Runtime wrapper
Causa raíz : Root bad argument
StackTrace :
  at test.ExceptionsTest.testGameLoggerComprehensive(ExceptionsTest.java:90)
  at java.base/jdk.internal.reflect.DirectMethodHandleAccessor.invoke(DirectMethodHandleAccessor.java:104)
  at java.base/java.lang.reflect.Method.invoke(Method.java:565)
  at org.junit.runners.model.FrameworkMethod$1.runReflectiveCall(FrameworkMethod.java:59)
  at org.junit.internal.runners.model.ReflectiveCallable.run(ReflectiveCallable.java:12)
  at org.junit.runners.model.FrameworkMethod.invokeExplosively(FrameworkMethod.java:56)
  at org.junit.internal.runners.statements.InvokeMethod.evaluate(InvokeMethod.java:17)
  at org.junit.runners.ParentRunner$3.evaluate(ParentRunner.java:306)
  at org.junit.runners.BlockJUnit4ClassRunner$1.evaluate(BlockJUnit4ClassRunner.java:100)
  at org.junit.runners.ParentRunner.runLeaf(ParentRunner.java:366)
  at org.junit.runners.BlockJUnit4ClassRunner.runChild(BlockJUnit4ClassRunner.java:103)
  at org.junit.runners.BlockJUnit4ClassRunner.runChild(BlockJUnit4ClassRunner.java:63)
  at org.junit.runners.ParentRunner$4.run(ParentRunner.java:331)
  at org.junit.runners.ParentRunner$1.schedule(ParentRunner.java:79)
  at org.junit.runners.ParentRunner.runChildren(ParentRunner.java:329)
  at org.junit.runners.ParentRunner.access$100(ParentRunner.java:66)
  at org.junit.runners.ParentRunner$2.evaluate(ParentRunner.java:293)
  at org.junit.runners.ParentRunner$3.evaluate(ParentRunner.java:306)
  at org.junit.runners.ParentRunner.run(ParentRunner.java:413)
  at org.junit.runners.Suite.runChild(Suite.java:128)
  at org.junit.runners.Suite.runChild(Suite.java:27)
  at org.junit.runners.ParentRunner$4.run(ParentRunner.java:331)
  at org.junit.runners.ParentRunner$1.schedule(ParentRunner.java:79)
  at org.junit.runners.ParentRunner.runChildren(ParentRunner.java:329)
  at org.junit.runners.ParentRunner.access$100(ParentRunner.java:66)
  at org.junit.runners.ParentRunner$2.evaluate(ParentRunner.java:293)
  at org.junit.runners.ParentRunner$3.evaluate(ParentRunner.java:306)
  at org.junit.runners.ParentRunner.run(ParentRunner.java:413)
  at org.junit.runner.JUnitCore.run(JUnitCore.java:137)
  at org.junit.runner.JUnitCore.run(JUnitCore.java:115)
  at org.junit.runner.JUnitCore.runMain(JUnitCore.java:77)
  at org.junit.runner.JUnitCore.main(JUnitCore.java:36)
════════════════════════════════════════════════════════════
may 22, 2026 9:45:58 P. M. main.domain.GameConfiguration parseDimension
SEVERE: ROWS o COLS requiere un valor numérico
may 22, 2026 9:45:58 P. M. main.domain.GameConfiguration validate
SEVERE: Dimensiones inválidas: -5x10
may 22, 2026 9:45:58 P. M. main.domain.GameConfiguration validate
SEVERE: Tiempo 5s menor al mínimo (10s)
may 22, 2026 9:45:58 P. M. main.domain.GameConfiguration validate
SEVERE: Falta SAFE_START en la configuración
may 22, 2026 9:45:58 P. M. main.domain.GameConfiguration validate
SEVERE: Falta SAFE_FINAL en la configuración
may 22, 2026 9:45:58 P. M. main.domain.GameConfiguration parseZoneLine
SEVERE: ZONA requiere fila, col, filas y cols
may 22, 2026 9:45:58 P. M. main.domain.GameConfiguration parseEnemy
SEVERE: ENEMY requiere tipo, fila y columna
may 22, 2026 9:45:58 P. M. main.domain.GameConfiguration parseEnemy
SEVERE: Tipo de enemigo desconocido: UNKNOWN
may 22, 2026 9:45:58 P. M. main.domain.GameConfiguration parseSpinnerEnemy
SEVERE: ENEMY SPINNER requiere filaCentro colCentro radio indexInicial horario velocidad
may 22, 2026 9:45:58 P. M. main.domain.GameConfiguration parseBasicEnemy
SEVERE: ENEMY BASIC requiere fila, columna y dirección
may 22, 2026 9:45:58 P. M. main.domain.GameConfiguration parseBasicEnemy
SEVERE: horizontalStep no aplica con dirección VERTICAL: LEFT
may 22, 2026 9:45:58 P. M. main.domain.GameConfiguration parseAcceleratedEnemy
SEVERE: ENEMY ACCEL requiere fila, columna y dirección
may 22, 2026 9:45:58 P. M. main.domain.GameConfiguration parseAcceleratedEnemy
SEVERE: Dirección ACCEL inválida: DIAGONAL
may 22, 2026 9:45:58 P. M. main.domain.GameConfiguration parseAcceleratedEnemy
SEVERE: horizontalStep no aplica con dirección VERTICAL: LEFT
may 22, 2026 9:45:58 P. M. main.domain.GameConfiguration parsePatrolEnemy
SEVERE: ENEMY PATROL requiere fila col filas cols o fila col zonaFila zonaCol filasZona colsZona
may 22, 2026 9:45:58 P. M. main.domain.GameConfiguration parseDirectionToken
SEVERE: Dirección de enemigo inválida: DIAGONAL
may 22, 2026 9:45:58 P. M. main.domain.GameConfiguration parseHorizontalStep
SEVERE: Sentido horizontal inválido: UP
may 22, 2026 9:45:58 P. M. main.domain.GameConfiguration load
SEVERE: Archivo no encontrado: archivo_no_existente_987654321.txt
java.nio.file.NoSuchFileException: archivo_no_existente_987654321.txt
	at java.base/sun.nio.fs.WindowsException.translateToIOException(WindowsException.java:85)
	at java.base/sun.nio.fs.WindowsException.rethrowAsIOException(WindowsException.java:103)
	at java.base/sun.nio.fs.WindowsException.rethrowAsIOException(WindowsException.java:108)
	at java.base/sun.nio.fs.WindowsFileSystemProvider.newByteChannel(WindowsFileSystemProvider.java:231)
	at java.base/java.nio.file.Files.newByteChannel(Files.java:357)
	at java.base/java.nio.file.Files.newByteChannel(Files.java:399)
	at java.base/java.nio.file.spi.FileSystemProvider.newInputStream(FileSystemProvider.java:371)
	at java.base/java.nio.file.Files.newInputStream(Files.java:154)
	at java.base/java.nio.file.Files.newBufferedReader(Files.java:2642)
	at java.base/java.nio.file.Files.readAllLines(Files.java:3082)
	at main.domain.GameConfiguration.load(GameConfiguration.java:55)
	at test.GameConfigurationTest.testErrorParsingBranches(GameConfigurationTest.java:240)
	at java.base/jdk.internal.reflect.DirectMethodHandleAccessor.invoke(DirectMethodHandleAccessor.java:104)
	at java.base/java.lang.reflect.Method.invoke(Method.java:565)
	at org.junit.runners.model.FrameworkMethod$1.runReflectiveCall(FrameworkMethod.java:59)
	at org.junit.internal.runners.model.ReflectiveCallable.run(ReflectiveCallable.java:12)
	at org.junit.runners.model.FrameworkMethod.invokeExplosively(FrameworkMethod.java:56)
	at org.junit.internal.runners.statements.InvokeMethod.evaluate(InvokeMethod.java:17)
	at org.junit.internal.runners.statements.RunBefores.evaluate(RunBefores.java:26)
	at org.junit.internal.runners.statements.RunAfters.evaluate(RunAfters.java:27)
	at org.junit.runners.ParentRunner$3.evaluate(ParentRunner.java:306)
	at org.junit.runners.BlockJUnit4ClassRunner$1.evaluate(BlockJUnit4ClassRunner.java:100)
	at org.junit.runners.ParentRunner.runLeaf(ParentRunner.java:366)
	at org.junit.runners.BlockJUnit4ClassRunner.runChild(BlockJUnit4ClassRunner.java:103)
	at org.junit.runners.BlockJUnit4ClassRunner.runChild(BlockJUnit4ClassRunner.java:63)
	at org.junit.runners.ParentRunner$4.run(ParentRunner.java:331)
	at org.junit.runners.ParentRunner$1.schedule(ParentRunner.java:79)
	at org.junit.runners.ParentRunner.runChildren(ParentRunner.java:329)
	at org.junit.runners.ParentRunner.access$100(ParentRunner.java:66)
	at org.junit.runners.ParentRunner$2.evaluate(ParentRunner.java:293)
	at org.junit.runners.ParentRunner$3.evaluate(ParentRunner.java:306)
	at org.junit.runners.ParentRunner.run(ParentRunner.java:413)
	at org.junit.runners.Suite.runChild(Suite.java:128)
	at org.junit.runners.Suite.runChild(Suite.java:27)
	at org.junit.runners.ParentRunner$4.run(ParentRunner.java:331)
	at org.junit.runners.ParentRunner$1.schedule(ParentRunner.java:79)
	at org.junit.runners.ParentRunner.runChildren(ParentRunner.java:329)
	at org.junit.runners.ParentRunner.access$100(ParentRunner.java:66)
	at org.junit.runners.ParentRunner$2.evaluate(ParentRunner.java:293)
	at org.junit.runners.ParentRunner$3.evaluate(ParentRunner.java:306)
	at org.junit.runners.ParentRunner.run(ParentRunner.java:413)
	at org.junit.runner.JUnitCore.run(JUnitCore.java:137)
	at org.junit.runner.JUnitCore.run(JUnitCore.java:115)
	at org.junit.runner.JUnitCore.runMain(JUnitCore.java:77)
	at org.junit.runner.JUnitCore.main(JUnitCore.java:36)

may 22, 2026 9:45:58 P. M. main.domain.GameConfiguration parseLine
WARNING: Comando desconocido en archivo: UNKNOWN_CMD
may 22, 2026 9:45:58 P. M. main.domain.GameConfiguration validate
SEVERE: Falta SAFE_START en la configuración
may 22, 2026 9:45:58 P. M. main.domain.GameConfiguration validateNotOnWall
SEVERE: COIN colocado sobre un muro en (2,4)

[INFO] 2026-05-22 21:45:58 — Clyde absorbió un golpe con su escudo

[INFO] 2026-05-22 21:45:58 — Vida extra para Jugador 1 (total: 1)

[INFO] 2026-05-22 21:45:58 — Clyde absorbió un golpe con su escudo

[INFO] 2026-05-22 21:45:58 — Vida extra absorbió un golpe para Jugador 1 (restantes: 0)

[INFO] 2026-05-22 21:45:58 — Clyde absorbió un golpe con su escudo
may 22, 2026 9:45:58 P. M. main.domain.GameConfiguration validate
SEVERE: Tiempo 1s menor al mínimo (10s)

[INFO] 2026-05-22 21:45:58 — Colisión jugador-jugador: ambos reiniciados a inicio

[INFO] 2026-05-22 21:45:58 — Moneda skin: Jugador 1 cambió a Azul (Inky) hasta morir
may 22, 2026 9:45:58 P. M. main.domain.GameConfiguration parseEnemy
SEVERE: Tipo de enemigo desconocido: ACCELERATED

[INFO] 2026-05-22 21:45:58 — Colisión jugador-jugador: ambos reiniciados a inicio

[INFO] 2026-05-22 21:45:58 — Checkpoint intermedio activado — monedas previas fijadas
may 22, 2026 9:45:58 P. M. main.domain.HardestGame movePlayer
SEVERE: movePlayer no permitido en estado PAUSED
may 22, 2026 9:45:58 P. M. main.domain.GameConfiguration parseLine
WARNING: Comando desconocido en archivo: POWER_UP
may 22, 2026 9:45:58 P. M. main.domain.GameConfiguration parseLine
WARNING: Comando desconocido en archivo: POWER_UP

[INFO] 2026-05-22 21:45:58 — Checkpoint intermedio activado — monedas previas fijadas

[INFO] 2026-05-22 21:45:58 — Checkpoint intermedio activado — monedas previas fijadas
may 22, 2026 9:45:59 P. M. main.domain.HardestGame moveSecondPlayer
SEVERE: moveSecondPlayer no permitido en estado PAUSED
may 22, 2026 9:45:59 P. M. main.domain.HardestGame loadConfiguration
SEVERE: No se puede cargar nivel: partida en estado PLAYING
may 22, 2026 9:45:59 P. M. main.domain.HardestGame createPlayer
SEVERE: Skin no registrado: Skin Inexistente 123
may 22, 2026 9:45:59 P. M. main.domain.HardestGame moveSecondPlayer
SEVERE: moveSecondPlayer sin modo dos jugadores activo
may 22, 2026 9:45:59 P. M. main.domain.GameConfiguration parseLine
WARNING: Comando desconocido en archivo: SAFE_INTER
may 22, 2026 9:45:59 P. M. main.domain.GameConfiguration parseLine
WARNING: Comando desconocido en archivo: SAFE_INTER

[INFO] 2026-05-22 21:45:59 — Vida extra para Jugador 1 (total: 1)

[INFO] 2026-05-22 21:45:59 — Vida extra para Jugador 1 (total: 1)

[INFO] 2026-05-22 21:45:59 — Vida extra para Jugador 1 (total: 1)

[INFO] 2026-05-22 21:45:59 — Vida extra absorbió un golpe para Jugador 1 (restantes: 0)

[INFO] 2026-05-22 21:45:59 — Vida extra para Jugador 1 (total: 1)

[INFO] 2026-05-22 21:45:59 — Vida extra para Jugador 1 (total: 1)

[INFO] 2026-05-22 21:45:59 — Vida extra absorbió un golpe para Jugador 1 (restantes: 0)
may 22, 2026 9:45:59 P. M. main.domain.Coin collect
SEVERE: Moneda ya recolectada en (3,5)
may 22, 2026 9:48:04 P. M. main.domain.Board setWall
SEVERE: Muro fuera del tablero en (-1,0)

════════════════════════════════════════════════════════════
[ERROR] 2026-05-22 21:48:04
────────────────────────────────────────────────────────────
Mensaje    : Mock error message
Excepción  : java.lang.NullPointerException
Detalle    : Mock unexpected exception for test
StackTrace :
  at test.ExceptionsTest.testGameLoggerUnexpectedErrorLogging(ExceptionsTest.java:47)
  at java.base/jdk.internal.reflect.DirectMethodHandleAccessor.invoke(DirectMethodHandleAccessor.java:104)
  at java.base/java.lang.reflect.Method.invoke(Method.java:565)
  at org.junit.runners.model.FrameworkMethod$1.runReflectiveCall(FrameworkMethod.java:59)
  at org.junit.internal.runners.model.ReflectiveCallable.run(ReflectiveCallable.java:12)
  at org.junit.runners.model.FrameworkMethod.invokeExplosively(FrameworkMethod.java:56)
  at org.junit.internal.runners.statements.InvokeMethod.evaluate(InvokeMethod.java:17)
  at org.junit.runners.ParentRunner$3.evaluate(ParentRunner.java:306)
  at org.junit.runners.BlockJUnit4ClassRunner$1.evaluate(BlockJUnit4ClassRunner.java:100)
  at org.junit.runners.ParentRunner.runLeaf(ParentRunner.java:366)
  at org.junit.runners.BlockJUnit4ClassRunner.runChild(BlockJUnit4ClassRunner.java:103)
  at org.junit.runners.BlockJUnit4ClassRunner.runChild(BlockJUnit4ClassRunner.java:63)
  at org.junit.runners.ParentRunner$4.run(ParentRunner.java:331)
  at org.junit.runners.ParentRunner$1.schedule(ParentRunner.java:79)
  at org.junit.runners.ParentRunner.runChildren(ParentRunner.java:329)
  at org.junit.runners.ParentRunner.access$100(ParentRunner.java:66)
  at org.junit.runners.ParentRunner$2.evaluate(ParentRunner.java:293)
  at org.junit.runners.ParentRunner$3.evaluate(ParentRunner.java:306)
  at org.junit.runners.ParentRunner.run(ParentRunner.java:413)
  at org.junit.runners.Suite.runChild(Suite.java:128)
  at org.junit.runners.Suite.runChild(Suite.java:27)
  at org.junit.runners.ParentRunner$4.run(ParentRunner.java:331)
  at org.junit.runners.ParentRunner$1.schedule(ParentRunner.java:79)
  at org.junit.runners.ParentRunner.runChildren(ParentRunner.java:329)
  at org.junit.runners.ParentRunner.access$100(ParentRunner.java:66)
  at org.junit.runners.ParentRunner$2.evaluate(ParentRunner.java:293)
  at org.junit.runners.ParentRunner$3.evaluate(ParentRunner.java:306)
  at org.junit.runners.ParentRunner.run(ParentRunner.java:413)
  at org.junit.runner.JUnitCore.run(JUnitCore.java:137)
  at org.junit.runner.JUnitCore.run(JUnitCore.java:115)
  at org.junit.runner.JUnitCore.runMain(JUnitCore.java:77)
  at org.junit.runner.JUnitCore.main(JUnitCore.java:36)
════════════════════════════════════════════════════════════

════════════════════════════════════════════════════════════
[ERROR] 2026-05-22 21:48:04
────────────────────────────────────────────────────────────
Mensaje    : Single argument error
════════════════════════════════════════════════════════════

[INFO] 2026-05-22 21:48:04 — Information log message

════════════════════════════════════════════════════════════
[ERROR] 2026-05-22 21:48:04
────────────────────────────────────────────────────────────
Mensaje    : Test error message
Contexto   : Custom Extra Context
Excepción  : java.lang.RuntimeException
Detalle    : Runtime wrapper
Causa raíz : Root bad argument
StackTrace :
  at test.ExceptionsTest.testGameLoggerComprehensive(ExceptionsTest.java:90)
  at java.base/jdk.internal.reflect.DirectMethodHandleAccessor.invoke(DirectMethodHandleAccessor.java:104)
  at java.base/java.lang.reflect.Method.invoke(Method.java:565)
  at org.junit.runners.model.FrameworkMethod$1.runReflectiveCall(FrameworkMethod.java:59)
  at org.junit.internal.runners.model.ReflectiveCallable.run(ReflectiveCallable.java:12)
  at org.junit.runners.model.FrameworkMethod.invokeExplosively(FrameworkMethod.java:56)
  at org.junit.internal.runners.statements.InvokeMethod.evaluate(InvokeMethod.java:17)
  at org.junit.runners.ParentRunner$3.evaluate(ParentRunner.java:306)
  at org.junit.runners.BlockJUnit4ClassRunner$1.evaluate(BlockJUnit4ClassRunner.java:100)
  at org.junit.runners.ParentRunner.runLeaf(ParentRunner.java:366)
  at org.junit.runners.BlockJUnit4ClassRunner.runChild(BlockJUnit4ClassRunner.java:103)
  at org.junit.runners.BlockJUnit4ClassRunner.runChild(BlockJUnit4ClassRunner.java:63)
  at org.junit.runners.ParentRunner$4.run(ParentRunner.java:331)
  at org.junit.runners.ParentRunner$1.schedule(ParentRunner.java:79)
  at org.junit.runners.ParentRunner.runChildren(ParentRunner.java:329)
  at org.junit.runners.ParentRunner.access$100(ParentRunner.java:66)
  at org.junit.runners.ParentRunner$2.evaluate(ParentRunner.java:293)
  at org.junit.runners.ParentRunner$3.evaluate(ParentRunner.java:306)
  at org.junit.runners.ParentRunner.run(ParentRunner.java:413)
  at org.junit.runners.Suite.runChild(Suite.java:128)
  at org.junit.runners.Suite.runChild(Suite.java:27)
  at org.junit.runners.ParentRunner$4.run(ParentRunner.java:331)
  at org.junit.runners.ParentRunner$1.schedule(ParentRunner.java:79)
  at org.junit.runners.ParentRunner.runChildren(ParentRunner.java:329)
  at org.junit.runners.ParentRunner.access$100(ParentRunner.java:66)
  at org.junit.runners.ParentRunner$2.evaluate(ParentRunner.java:293)
  at org.junit.runners.ParentRunner$3.evaluate(ParentRunner.java:306)
  at org.junit.runners.ParentRunner.run(ParentRunner.java:413)
  at org.junit.runner.JUnitCore.run(JUnitCore.java:137)
  at org.junit.runner.JUnitCore.run(JUnitCore.java:115)
  at org.junit.runner.JUnitCore.runMain(JUnitCore.java:77)
  at org.junit.runner.JUnitCore.main(JUnitCore.java:36)
════════════════════════════════════════════════════════════
may 22, 2026 9:48:04 P. M. main.domain.GameConfiguration parseDimension
SEVERE: ROWS o COLS requiere un valor numérico
may 22, 2026 9:48:04 P. M. main.domain.GameConfiguration validate
SEVERE: Dimensiones inválidas: -5x10
may 22, 2026 9:48:04 P. M. main.domain.GameConfiguration validate
SEVERE: Tiempo 5s menor al mínimo (10s)
may 22, 2026 9:48:04 P. M. main.domain.GameConfiguration validate
SEVERE: Falta SAFE_START en la configuración
may 22, 2026 9:48:04 P. M. main.domain.GameConfiguration validate
SEVERE: Falta SAFE_FINAL en la configuración
may 22, 2026 9:48:04 P. M. main.domain.GameConfiguration parseZoneLine
SEVERE: ZONA requiere fila, col, filas y cols
may 22, 2026 9:48:04 P. M. main.domain.GameConfiguration parseEnemy
SEVERE: ENEMY requiere tipo, fila y columna
may 22, 2026 9:48:04 P. M. main.domain.GameConfiguration parseEnemy
SEVERE: Tipo de enemigo desconocido: UNKNOWN
may 22, 2026 9:48:04 P. M. main.domain.GameConfiguration parseSpinnerEnemy
SEVERE: ENEMY SPINNER requiere filaCentro colCentro radio indexInicial horario velocidad
may 22, 2026 9:48:04 P. M. main.domain.GameConfiguration parseBasicEnemy
SEVERE: ENEMY BASIC requiere fila, columna y dirección
may 22, 2026 9:48:04 P. M. main.domain.GameConfiguration parseBasicEnemy
SEVERE: horizontalStep no aplica con dirección VERTICAL: LEFT
may 22, 2026 9:48:04 P. M. main.domain.GameConfiguration parseAcceleratedEnemy
SEVERE: ENEMY ACCEL requiere fila, columna y dirección
may 22, 2026 9:48:04 P. M. main.domain.GameConfiguration parseAcceleratedEnemy
SEVERE: Dirección ACCEL inválida: DIAGONAL
may 22, 2026 9:48:04 P. M. main.domain.GameConfiguration parseAcceleratedEnemy
SEVERE: horizontalStep no aplica con dirección VERTICAL: LEFT
may 22, 2026 9:48:04 P. M. main.domain.GameConfiguration parsePatrolEnemy
SEVERE: ENEMY PATROL requiere fila col filas cols o fila col zonaFila zonaCol filasZona colsZona
may 22, 2026 9:48:04 P. M. main.domain.GameConfiguration parseDirectionToken
SEVERE: Dirección de enemigo inválida: DIAGONAL
may 22, 2026 9:48:04 P. M. main.domain.GameConfiguration parseHorizontalStep
SEVERE: Sentido horizontal inválido: UP
may 22, 2026 9:48:04 P. M. main.domain.GameConfiguration load
SEVERE: Archivo no encontrado: archivo_no_existente_987654321.txt
java.nio.file.NoSuchFileException: archivo_no_existente_987654321.txt
	at java.base/sun.nio.fs.WindowsException.translateToIOException(WindowsException.java:85)
	at java.base/sun.nio.fs.WindowsException.rethrowAsIOException(WindowsException.java:103)
	at java.base/sun.nio.fs.WindowsException.rethrowAsIOException(WindowsException.java:108)
	at java.base/sun.nio.fs.WindowsFileSystemProvider.newByteChannel(WindowsFileSystemProvider.java:231)
	at java.base/java.nio.file.Files.newByteChannel(Files.java:357)
	at java.base/java.nio.file.Files.newByteChannel(Files.java:399)
	at java.base/java.nio.file.spi.FileSystemProvider.newInputStream(FileSystemProvider.java:371)
	at java.base/java.nio.file.Files.newInputStream(Files.java:154)
	at java.base/java.nio.file.Files.newBufferedReader(Files.java:2642)
	at java.base/java.nio.file.Files.readAllLines(Files.java:3082)
	at main.domain.GameConfiguration.load(GameConfiguration.java:55)
	at test.GameConfigurationTest.testErrorParsingBranches(GameConfigurationTest.java:240)
	at java.base/jdk.internal.reflect.DirectMethodHandleAccessor.invoke(DirectMethodHandleAccessor.java:104)
	at java.base/java.lang.reflect.Method.invoke(Method.java:565)
	at org.junit.runners.model.FrameworkMethod$1.runReflectiveCall(FrameworkMethod.java:59)
	at org.junit.internal.runners.model.ReflectiveCallable.run(ReflectiveCallable.java:12)
	at org.junit.runners.model.FrameworkMethod.invokeExplosively(FrameworkMethod.java:56)
	at org.junit.internal.runners.statements.InvokeMethod.evaluate(InvokeMethod.java:17)
	at org.junit.internal.runners.statements.RunBefores.evaluate(RunBefores.java:26)
	at org.junit.internal.runners.statements.RunAfters.evaluate(RunAfters.java:27)
	at org.junit.runners.ParentRunner$3.evaluate(ParentRunner.java:306)
	at org.junit.runners.BlockJUnit4ClassRunner$1.evaluate(BlockJUnit4ClassRunner.java:100)
	at org.junit.runners.ParentRunner.runLeaf(ParentRunner.java:366)
	at org.junit.runners.BlockJUnit4ClassRunner.runChild(BlockJUnit4ClassRunner.java:103)
	at org.junit.runners.BlockJUnit4ClassRunner.runChild(BlockJUnit4ClassRunner.java:63)
	at org.junit.runners.ParentRunner$4.run(ParentRunner.java:331)
	at org.junit.runners.ParentRunner$1.schedule(ParentRunner.java:79)
	at org.junit.runners.ParentRunner.runChildren(ParentRunner.java:329)
	at org.junit.runners.ParentRunner.access$100(ParentRunner.java:66)
	at org.junit.runners.ParentRunner$2.evaluate(ParentRunner.java:293)
	at org.junit.runners.ParentRunner$3.evaluate(ParentRunner.java:306)
	at org.junit.runners.ParentRunner.run(ParentRunner.java:413)
	at org.junit.runners.Suite.runChild(Suite.java:128)
	at org.junit.runners.Suite.runChild(Suite.java:27)
	at org.junit.runners.ParentRunner$4.run(ParentRunner.java:331)
	at org.junit.runners.ParentRunner$1.schedule(ParentRunner.java:79)
	at org.junit.runners.ParentRunner.runChildren(ParentRunner.java:329)
	at org.junit.runners.ParentRunner.access$100(ParentRunner.java:66)
	at org.junit.runners.ParentRunner$2.evaluate(ParentRunner.java:293)
	at org.junit.runners.ParentRunner$3.evaluate(ParentRunner.java:306)
	at org.junit.runners.ParentRunner.run(ParentRunner.java:413)
	at org.junit.runner.JUnitCore.run(JUnitCore.java:137)
	at org.junit.runner.JUnitCore.run(JUnitCore.java:115)
	at org.junit.runner.JUnitCore.runMain(JUnitCore.java:77)
	at org.junit.runner.JUnitCore.main(JUnitCore.java:36)

may 22, 2026 9:48:04 P. M. main.domain.GameConfiguration parseLine
WARNING: Comando desconocido en archivo: UNKNOWN_CMD
may 22, 2026 9:48:04 P. M. main.domain.GameConfiguration validate
SEVERE: Falta SAFE_START en la configuración
may 22, 2026 9:48:04 P. M. main.domain.GameConfiguration validateNotOnWall
SEVERE: COIN colocado sobre un muro en (2,4)

[INFO] 2026-05-22 21:48:04 — Clyde absorbió un golpe con su escudo

[INFO] 2026-05-22 21:48:04 — Vida extra para Jugador 1 (total: 1)

[INFO] 2026-05-22 21:48:04 — Clyde absorbió un golpe con su escudo

[INFO] 2026-05-22 21:48:04 — Vida extra absorbió un golpe para Jugador 1 (restantes: 0)

[INFO] 2026-05-22 21:48:04 — Clyde absorbió un golpe con su escudo

[INFO] 2026-05-22 21:48:04 — Colisión jugador-jugador: ambos reiniciados a inicio

[INFO] 2026-05-22 21:48:04 — Moneda skin: Jugador 1 cambió a Azul (Inky) hasta morir

[INFO] 2026-05-22 21:48:04 — Colisión jugador-jugador: ambos reiniciados a inicio

[INFO] 2026-05-22 21:48:04 — Checkpoint intermedio activado — monedas previas fijadas
may 22, 2026 9:48:04 P. M. main.domain.HardestGame movePlayer
SEVERE: movePlayer no permitido en estado PAUSED

[INFO] 2026-05-22 21:48:04 — Vida extra para Jugador 1 (total: 1)

[INFO] 2026-05-22 21:48:04 — Vida extra para Jugador 1 (total: 1)

[INFO] 2026-05-22 21:48:04 — Checkpoint intermedio activado — monedas previas fijadas

[INFO] 2026-05-22 21:48:04 — Checkpoint intermedio activado — monedas previas fijadas
may 22, 2026 9:48:04 P. M. main.domain.HardestGame moveSecondPlayer
SEVERE: moveSecondPlayer no permitido en estado PAUSED
may 22, 2026 9:48:04 P. M. main.domain.HardestGame loadConfiguration
SEVERE: No se puede cargar nivel: partida en estado PLAYING
may 22, 2026 9:48:04 P. M. main.domain.HardestGame createPlayer
SEVERE: Skin no registrado: Skin Inexistente 123
may 22, 2026 9:48:04 P. M. main.domain.HardestGame moveSecondPlayer
SEVERE: moveSecondPlayer sin modo dos jugadores activo
may 22, 2026 9:48:04 P. M. main.domain.GameConfiguration parseLine
WARNING: Comando desconocido en archivo: SAFE_INTER
may 22, 2026 9:48:04 P. M. main.domain.GameConfiguration parseLine
WARNING: Comando desconocido en archivo: SAFE_INTER

[INFO] 2026-05-22 21:48:04 — Vida extra para Jugador 1 (total: 1)

[INFO] 2026-05-22 21:48:04 — Vida extra para Jugador 1 (total: 1)

[INFO] 2026-05-22 21:48:04 — Vida extra para Jugador 1 (total: 1)

[INFO] 2026-05-22 21:48:04 — Vida extra absorbió un golpe para Jugador 1 (restantes: 0)

[INFO] 2026-05-22 21:48:04 — Vida extra para Jugador 1 (total: 1)

[INFO] 2026-05-22 21:48:04 — Vida extra para Jugador 1 (total: 1)

[INFO] 2026-05-22 21:48:04 — Vida extra absorbió un golpe para Jugador 1 (restantes: 0)
may 22, 2026 9:48:04 P. M. main.domain.Coin collect
SEVERE: Moneda ya recolectada en (3,5)

[INFO] 2026-05-22 21:48:40 — Colisión jugador-jugador: ambos reiniciados a inicio
may 22, 2026 9:49:49 P. M. main.domain.Board setWall
SEVERE: Muro fuera del tablero en (-1,0)

════════════════════════════════════════════════════════════
[ERROR] 2026-05-22 21:49:49
────────────────────────────────────────────────────────────
Mensaje    : Mock error message
Excepción  : java.lang.NullPointerException
Detalle    : Mock unexpected exception for test
StackTrace :
  at test.ExceptionsTest.testGameLoggerUnexpectedErrorLogging(ExceptionsTest.java:47)
  at java.base/jdk.internal.reflect.DirectMethodHandleAccessor.invoke(DirectMethodHandleAccessor.java:104)
  at java.base/java.lang.reflect.Method.invoke(Method.java:565)
  at org.junit.runners.model.FrameworkMethod$1.runReflectiveCall(FrameworkMethod.java:59)
  at org.junit.internal.runners.model.ReflectiveCallable.run(ReflectiveCallable.java:12)
  at org.junit.runners.model.FrameworkMethod.invokeExplosively(FrameworkMethod.java:56)
  at org.junit.internal.runners.statements.InvokeMethod.evaluate(InvokeMethod.java:17)
  at org.junit.runners.ParentRunner$3.evaluate(ParentRunner.java:306)
  at org.junit.runners.BlockJUnit4ClassRunner$1.evaluate(BlockJUnit4ClassRunner.java:100)
  at org.junit.runners.ParentRunner.runLeaf(ParentRunner.java:366)
  at org.junit.runners.BlockJUnit4ClassRunner.runChild(BlockJUnit4ClassRunner.java:103)
  at org.junit.runners.BlockJUnit4ClassRunner.runChild(BlockJUnit4ClassRunner.java:63)
  at org.junit.runners.ParentRunner$4.run(ParentRunner.java:331)
  at org.junit.runners.ParentRunner$1.schedule(ParentRunner.java:79)
  at org.junit.runners.ParentRunner.runChildren(ParentRunner.java:329)
  at org.junit.runners.ParentRunner.access$100(ParentRunner.java:66)
  at org.junit.runners.ParentRunner$2.evaluate(ParentRunner.java:293)
  at org.junit.runners.ParentRunner$3.evaluate(ParentRunner.java:306)
  at org.junit.runners.ParentRunner.run(ParentRunner.java:413)
  at org.junit.runners.Suite.runChild(Suite.java:128)
  at org.junit.runners.Suite.runChild(Suite.java:27)
  at org.junit.runners.ParentRunner$4.run(ParentRunner.java:331)
  at org.junit.runners.ParentRunner$1.schedule(ParentRunner.java:79)
  at org.junit.runners.ParentRunner.runChildren(ParentRunner.java:329)
  at org.junit.runners.ParentRunner.access$100(ParentRunner.java:66)
  at org.junit.runners.ParentRunner$2.evaluate(ParentRunner.java:293)
  at org.junit.runners.ParentRunner$3.evaluate(ParentRunner.java:306)
  at org.junit.runners.ParentRunner.run(ParentRunner.java:413)
  at org.junit.runner.JUnitCore.run(JUnitCore.java:137)
  at org.junit.runner.JUnitCore.run(JUnitCore.java:115)
  at org.junit.runner.JUnitCore.runMain(JUnitCore.java:77)
  at org.junit.runner.JUnitCore.main(JUnitCore.java:36)
════════════════════════════════════════════════════════════

════════════════════════════════════════════════════════════
[ERROR] 2026-05-22 21:49:49
────────────────────────────────────────────────────────────
Mensaje    : Single argument error
════════════════════════════════════════════════════════════

[INFO] 2026-05-22 21:49:49 — Information log message

════════════════════════════════════════════════════════════
[ERROR] 2026-05-22 21:49:49
────────────────────────────────────────────────────────────
Mensaje    : Test error message
Contexto   : Custom Extra Context
Excepción  : java.lang.RuntimeException
Detalle    : Runtime wrapper
Causa raíz : Root bad argument
StackTrace :
  at test.ExceptionsTest.testGameLoggerComprehensive(ExceptionsTest.java:90)
  at java.base/jdk.internal.reflect.DirectMethodHandleAccessor.invoke(DirectMethodHandleAccessor.java:104)
  at java.base/java.lang.reflect.Method.invoke(Method.java:565)
  at org.junit.runners.model.FrameworkMethod$1.runReflectiveCall(FrameworkMethod.java:59)
  at org.junit.internal.runners.model.ReflectiveCallable.run(ReflectiveCallable.java:12)
  at org.junit.runners.model.FrameworkMethod.invokeExplosively(FrameworkMethod.java:56)
  at org.junit.internal.runners.statements.InvokeMethod.evaluate(InvokeMethod.java:17)
  at org.junit.runners.ParentRunner$3.evaluate(ParentRunner.java:306)
  at org.junit.runners.BlockJUnit4ClassRunner$1.evaluate(BlockJUnit4ClassRunner.java:100)
  at org.junit.runners.ParentRunner.runLeaf(ParentRunner.java:366)
  at org.junit.runners.BlockJUnit4ClassRunner.runChild(BlockJUnit4ClassRunner.java:103)
  at org.junit.runners.BlockJUnit4ClassRunner.runChild(BlockJUnit4ClassRunner.java:63)
  at org.junit.runners.ParentRunner$4.run(ParentRunner.java:331)
  at org.junit.runners.ParentRunner$1.schedule(ParentRunner.java:79)
  at org.junit.runners.ParentRunner.runChildren(ParentRunner.java:329)
  at org.junit.runners.ParentRunner.access$100(ParentRunner.java:66)
  at org.junit.runners.ParentRunner$2.evaluate(ParentRunner.java:293)
  at org.junit.runners.ParentRunner$3.evaluate(ParentRunner.java:306)
  at org.junit.runners.ParentRunner.run(ParentRunner.java:413)
  at org.junit.runners.Suite.runChild(Suite.java:128)
  at org.junit.runners.Suite.runChild(Suite.java:27)
  at org.junit.runners.ParentRunner$4.run(ParentRunner.java:331)
  at org.junit.runners.ParentRunner$1.schedule(ParentRunner.java:79)
  at org.junit.runners.ParentRunner.runChildren(ParentRunner.java:329)
  at org.junit.runners.ParentRunner.access$100(ParentRunner.java:66)
  at org.junit.runners.ParentRunner$2.evaluate(ParentRunner.java:293)
  at org.junit.runners.ParentRunner$3.evaluate(ParentRunner.java:306)
  at org.junit.runners.ParentRunner.run(ParentRunner.java:413)
  at org.junit.runner.JUnitCore.run(JUnitCore.java:137)
  at org.junit.runner.JUnitCore.run(JUnitCore.java:115)
  at org.junit.runner.JUnitCore.runMain(JUnitCore.java:77)
  at org.junit.runner.JUnitCore.main(JUnitCore.java:36)
════════════════════════════════════════════════════════════
may 22, 2026 9:49:49 P. M. main.domain.GameConfiguration parseDimension
SEVERE: ROWS o COLS requiere un valor numérico
may 22, 2026 9:49:49 P. M. main.domain.GameConfiguration validate
SEVERE: Dimensiones inválidas: -5x10
may 22, 2026 9:49:49 P. M. main.domain.GameConfiguration validate
SEVERE: Tiempo 5s menor al mínimo (10s)
may 22, 2026 9:49:49 P. M. main.domain.GameConfiguration validate
SEVERE: Falta SAFE_START en la configuración
may 22, 2026 9:49:49 P. M. main.domain.GameConfiguration validate
SEVERE: Falta SAFE_FINAL en la configuración
may 22, 2026 9:49:49 P. M. main.domain.GameConfiguration parseZoneLine
SEVERE: ZONA requiere fila, col, filas y cols
may 22, 2026 9:49:49 P. M. main.domain.GameConfiguration parseEnemy
SEVERE: ENEMY requiere tipo, fila y columna
may 22, 2026 9:49:49 P. M. main.domain.GameConfiguration parseEnemy
SEVERE: Tipo de enemigo desconocido: UNKNOWN
may 22, 2026 9:49:49 P. M. main.domain.GameConfiguration parseSpinnerEnemy
SEVERE: ENEMY SPINNER requiere filaCentro colCentro radio indexInicial horario velocidad
may 22, 2026 9:49:49 P. M. main.domain.GameConfiguration parseBasicEnemy
SEVERE: ENEMY BASIC requiere fila, columna y dirección
may 22, 2026 9:49:49 P. M. main.domain.GameConfiguration parseBasicEnemy
SEVERE: horizontalStep no aplica con dirección VERTICAL: LEFT
may 22, 2026 9:49:49 P. M. main.domain.GameConfiguration parseAcceleratedEnemy
SEVERE: ENEMY ACCEL requiere fila, columna y dirección
may 22, 2026 9:49:49 P. M. main.domain.GameConfiguration parseAcceleratedEnemy
SEVERE: Dirección ACCEL inválida: DIAGONAL
may 22, 2026 9:49:49 P. M. main.domain.GameConfiguration parseAcceleratedEnemy
SEVERE: horizontalStep no aplica con dirección VERTICAL: LEFT
may 22, 2026 9:49:49 P. M. main.domain.GameConfiguration parsePatrolEnemy
SEVERE: ENEMY PATROL requiere fila col filas cols o fila col zonaFila zonaCol filasZona colsZona
may 22, 2026 9:49:49 P. M. main.domain.GameConfiguration parseDirectionToken
SEVERE: Dirección de enemigo inválida: DIAGONAL
may 22, 2026 9:49:49 P. M. main.domain.GameConfiguration parseHorizontalStep
SEVERE: Sentido horizontal inválido: UP
may 22, 2026 9:49:49 P. M. main.domain.GameConfiguration load
SEVERE: Archivo no encontrado: archivo_no_existente_987654321.txt
java.nio.file.NoSuchFileException: archivo_no_existente_987654321.txt
	at java.base/sun.nio.fs.WindowsException.translateToIOException(WindowsException.java:85)
	at java.base/sun.nio.fs.WindowsException.rethrowAsIOException(WindowsException.java:103)
	at java.base/sun.nio.fs.WindowsException.rethrowAsIOException(WindowsException.java:108)
	at java.base/sun.nio.fs.WindowsFileSystemProvider.newByteChannel(WindowsFileSystemProvider.java:231)
	at java.base/java.nio.file.Files.newByteChannel(Files.java:357)
	at java.base/java.nio.file.Files.newByteChannel(Files.java:399)
	at java.base/java.nio.file.spi.FileSystemProvider.newInputStream(FileSystemProvider.java:371)
	at java.base/java.nio.file.Files.newInputStream(Files.java:154)
	at java.base/java.nio.file.Files.newBufferedReader(Files.java:2642)
	at java.base/java.nio.file.Files.readAllLines(Files.java:3082)
	at main.domain.GameConfiguration.load(GameConfiguration.java:55)
	at test.GameConfigurationTest.testErrorParsingBranches(GameConfigurationTest.java:240)
	at java.base/jdk.internal.reflect.DirectMethodHandleAccessor.invoke(DirectMethodHandleAccessor.java:104)
	at java.base/java.lang.reflect.Method.invoke(Method.java:565)
	at org.junit.runners.model.FrameworkMethod$1.runReflectiveCall(FrameworkMethod.java:59)
	at org.junit.internal.runners.model.ReflectiveCallable.run(ReflectiveCallable.java:12)
	at org.junit.runners.model.FrameworkMethod.invokeExplosively(FrameworkMethod.java:56)
	at org.junit.internal.runners.statements.InvokeMethod.evaluate(InvokeMethod.java:17)
	at org.junit.internal.runners.statements.RunBefores.evaluate(RunBefores.java:26)
	at org.junit.internal.runners.statements.RunAfters.evaluate(RunAfters.java:27)
	at org.junit.runners.ParentRunner$3.evaluate(ParentRunner.java:306)
	at org.junit.runners.BlockJUnit4ClassRunner$1.evaluate(BlockJUnit4ClassRunner.java:100)
	at org.junit.runners.ParentRunner.runLeaf(ParentRunner.java:366)
	at org.junit.runners.BlockJUnit4ClassRunner.runChild(BlockJUnit4ClassRunner.java:103)
	at org.junit.runners.BlockJUnit4ClassRunner.runChild(BlockJUnit4ClassRunner.java:63)
	at org.junit.runners.ParentRunner$4.run(ParentRunner.java:331)
	at org.junit.runners.ParentRunner$1.schedule(ParentRunner.java:79)
	at org.junit.runners.ParentRunner.runChildren(ParentRunner.java:329)
	at org.junit.runners.ParentRunner.access$100(ParentRunner.java:66)
	at org.junit.runners.ParentRunner$2.evaluate(ParentRunner.java:293)
	at org.junit.runners.ParentRunner$3.evaluate(ParentRunner.java:306)
	at org.junit.runners.ParentRunner.run(ParentRunner.java:413)
	at org.junit.runners.Suite.runChild(Suite.java:128)
	at org.junit.runners.Suite.runChild(Suite.java:27)
	at org.junit.runners.ParentRunner$4.run(ParentRunner.java:331)
	at org.junit.runners.ParentRunner$1.schedule(ParentRunner.java:79)
	at org.junit.runners.ParentRunner.runChildren(ParentRunner.java:329)
	at org.junit.runners.ParentRunner.access$100(ParentRunner.java:66)
	at org.junit.runners.ParentRunner$2.evaluate(ParentRunner.java:293)
	at org.junit.runners.ParentRunner$3.evaluate(ParentRunner.java:306)
	at org.junit.runners.ParentRunner.run(ParentRunner.java:413)
	at org.junit.runner.JUnitCore.run(JUnitCore.java:137)
	at org.junit.runner.JUnitCore.run(JUnitCore.java:115)
	at org.junit.runner.JUnitCore.runMain(JUnitCore.java:77)
	at org.junit.runner.JUnitCore.main(JUnitCore.java:36)

may 22, 2026 9:49:49 P. M. main.domain.GameConfiguration parseLine
WARNING: Comando desconocido en archivo: UNKNOWN_CMD
may 22, 2026 9:49:49 P. M. main.domain.GameConfiguration validate
SEVERE: Falta SAFE_START en la configuración
may 22, 2026 9:49:49 P. M. main.domain.GameConfiguration validateNotOnWall
SEVERE: COIN colocado sobre un muro en (2,4)

[INFO] 2026-05-22 21:49:49 — Clyde absorbió un golpe con su escudo

[INFO] 2026-05-22 21:49:49 — Vida extra para Jugador 1 (total: 1)

[INFO] 2026-05-22 21:49:49 — Clyde absorbió un golpe con su escudo

[INFO] 2026-05-22 21:49:49 — Vida extra absorbió un golpe para Jugador 1 (restantes: 0)

[INFO] 2026-05-22 21:49:49 — Clyde absorbió un golpe con su escudo
may 22, 2026 9:49:49 P. M. main.domain.HardestGame moveSecondPlayer
SEVERE: moveSecondPlayer no permitido en estado WON

[INFO] 2026-05-22 21:49:49 — Moneda skin: Jugador 1 cambió a Azul (Inky) hasta morir

[INFO] 2026-05-22 21:49:49 — Colisión jugador-jugador: ambos reiniciados a inicio

[INFO] 2026-05-22 21:49:49 — Checkpoint intermedio activado — monedas previas fijadas
may 22, 2026 9:49:49 P. M. main.domain.HardestGame movePlayer
SEVERE: movePlayer no permitido en estado PAUSED

[INFO] 2026-05-22 21:49:49 — Vida extra para Jugador 1 (total: 1)

[INFO] 2026-05-22 21:49:49 — Vida extra para Jugador 1 (total: 1)

[INFO] 2026-05-22 21:49:49 — Checkpoint intermedio activado — monedas previas fijadas

[INFO] 2026-05-22 21:49:49 — Checkpoint intermedio activado — monedas previas fijadas
may 22, 2026 9:49:49 P. M. main.domain.HardestGame moveSecondPlayer
SEVERE: moveSecondPlayer no permitido en estado PAUSED
may 22, 2026 9:49:49 P. M. main.domain.HardestGame loadConfiguration
SEVERE: No se puede cargar nivel: partida en estado PLAYING
may 22, 2026 9:49:49 P. M. main.domain.HardestGame createPlayer
SEVERE: Skin no registrado: Skin Inexistente 123
may 22, 2026 9:49:49 P. M. main.domain.HardestGame moveSecondPlayer
SEVERE: moveSecondPlayer sin modo dos jugadores activo
may 22, 2026 9:49:49 P. M. main.domain.GameConfiguration parseLine
WARNING: Comando desconocido en archivo: SAFE_INTER
may 22, 2026 9:49:49 P. M. main.domain.GameConfiguration parseLine
WARNING: Comando desconocido en archivo: SAFE_INTER

[INFO] 2026-05-22 21:49:49 — Vida extra para Jugador 1 (total: 1)

[INFO] 2026-05-22 21:49:49 — Vida extra para Jugador 1 (total: 1)

[INFO] 2026-05-22 21:49:49 — Vida extra para Jugador 1 (total: 1)

[INFO] 2026-05-22 21:49:49 — Vida extra absorbió un golpe para Jugador 1 (restantes: 0)

[INFO] 2026-05-22 21:49:49 — Vida extra para Jugador 1 (total: 1)

[INFO] 2026-05-22 21:49:49 — Vida extra para Jugador 1 (total: 1)

[INFO] 2026-05-22 21:49:49 — Vida extra absorbió un golpe para Jugador 1 (restantes: 0)
may 22, 2026 9:49:49 P. M. main.domain.Coin collect
SEVERE: Moneda ya recolectada en (3,5)
may 22, 2026 9:50:02 P. M. main.domain.Board setWall
SEVERE: Muro fuera del tablero en (-1,0)

════════════════════════════════════════════════════════════
[ERROR] 2026-05-22 21:50:02
────────────────────────────────────────────────────────────
Mensaje    : Mock error message
Excepción  : java.lang.NullPointerException
Detalle    : Mock unexpected exception for test
StackTrace :
  at test.ExceptionsTest.testGameLoggerUnexpectedErrorLogging(ExceptionsTest.java:47)
  at java.base/jdk.internal.reflect.DirectMethodHandleAccessor.invoke(DirectMethodHandleAccessor.java:104)
  at java.base/java.lang.reflect.Method.invoke(Method.java:565)
  at org.junit.runners.model.FrameworkMethod$1.runReflectiveCall(FrameworkMethod.java:59)
  at org.junit.internal.runners.model.ReflectiveCallable.run(ReflectiveCallable.java:12)
  at org.junit.runners.model.FrameworkMethod.invokeExplosively(FrameworkMethod.java:56)
  at org.junit.internal.runners.statements.InvokeMethod.evaluate(InvokeMethod.java:17)
  at org.junit.runners.ParentRunner$3.evaluate(ParentRunner.java:306)
  at org.junit.runners.BlockJUnit4ClassRunner$1.evaluate(BlockJUnit4ClassRunner.java:100)
  at org.junit.runners.ParentRunner.runLeaf(ParentRunner.java:366)
  at org.junit.runners.BlockJUnit4ClassRunner.runChild(BlockJUnit4ClassRunner.java:103)
  at org.junit.runners.BlockJUnit4ClassRunner.runChild(BlockJUnit4ClassRunner.java:63)
  at org.junit.runners.ParentRunner$4.run(ParentRunner.java:331)
  at org.junit.runners.ParentRunner$1.schedule(ParentRunner.java:79)
  at org.junit.runners.ParentRunner.runChildren(ParentRunner.java:329)
  at org.junit.runners.ParentRunner.access$100(ParentRunner.java:66)
  at org.junit.runners.ParentRunner$2.evaluate(ParentRunner.java:293)
  at org.junit.runners.ParentRunner$3.evaluate(ParentRunner.java:306)
  at org.junit.runners.ParentRunner.run(ParentRunner.java:413)
  at org.junit.runners.Suite.runChild(Suite.java:128)
  at org.junit.runners.Suite.runChild(Suite.java:27)
  at org.junit.runners.ParentRunner$4.run(ParentRunner.java:331)
  at org.junit.runners.ParentRunner$1.schedule(ParentRunner.java:79)
  at org.junit.runners.ParentRunner.runChildren(ParentRunner.java:329)
  at org.junit.runners.ParentRunner.access$100(ParentRunner.java:66)
  at org.junit.runners.ParentRunner$2.evaluate(ParentRunner.java:293)
  at org.junit.runners.ParentRunner$3.evaluate(ParentRunner.java:306)
  at org.junit.runners.ParentRunner.run(ParentRunner.java:413)
  at org.junit.runner.JUnitCore.run(JUnitCore.java:137)
  at org.junit.runner.JUnitCore.run(JUnitCore.java:115)
  at org.junit.runner.JUnitCore.runMain(JUnitCore.java:77)
  at org.junit.runner.JUnitCore.main(JUnitCore.java:36)
════════════════════════════════════════════════════════════

════════════════════════════════════════════════════════════
[ERROR] 2026-05-22 21:50:02
────────────────────────────────────────────────────────────
Mensaje    : Single argument error
════════════════════════════════════════════════════════════

[INFO] 2026-05-22 21:50:02 — Information log message

════════════════════════════════════════════════════════════
[ERROR] 2026-05-22 21:50:02
────────────────────────────────────────────────────────────
Mensaje    : Test error message
Contexto   : Custom Extra Context
Excepción  : java.lang.RuntimeException
Detalle    : Runtime wrapper
Causa raíz : Root bad argument
StackTrace :
  at test.ExceptionsTest.testGameLoggerComprehensive(ExceptionsTest.java:90)
  at java.base/jdk.internal.reflect.DirectMethodHandleAccessor.invoke(DirectMethodHandleAccessor.java:104)
  at java.base/java.lang.reflect.Method.invoke(Method.java:565)
  at org.junit.runners.model.FrameworkMethod$1.runReflectiveCall(FrameworkMethod.java:59)
  at org.junit.internal.runners.model.ReflectiveCallable.run(ReflectiveCallable.java:12)
  at org.junit.runners.model.FrameworkMethod.invokeExplosively(FrameworkMethod.java:56)
  at org.junit.internal.runners.statements.InvokeMethod.evaluate(InvokeMethod.java:17)
  at org.junit.runners.ParentRunner$3.evaluate(ParentRunner.java:306)
  at org.junit.runners.BlockJUnit4ClassRunner$1.evaluate(BlockJUnit4ClassRunner.java:100)
  at org.junit.runners.ParentRunner.runLeaf(ParentRunner.java:366)
  at org.junit.runners.BlockJUnit4ClassRunner.runChild(BlockJUnit4ClassRunner.java:103)
  at org.junit.runners.BlockJUnit4ClassRunner.runChild(BlockJUnit4ClassRunner.java:63)
  at org.junit.runners.ParentRunner$4.run(ParentRunner.java:331)
  at org.junit.runners.ParentRunner$1.schedule(ParentRunner.java:79)
  at org.junit.runners.ParentRunner.runChildren(ParentRunner.java:329)
  at org.junit.runners.ParentRunner.access$100(ParentRunner.java:66)
  at org.junit.runners.ParentRunner$2.evaluate(ParentRunner.java:293)
  at org.junit.runners.ParentRunner$3.evaluate(ParentRunner.java:306)
  at org.junit.runners.ParentRunner.run(ParentRunner.java:413)
  at org.junit.runners.Suite.runChild(Suite.java:128)
  at org.junit.runners.Suite.runChild(Suite.java:27)
  at org.junit.runners.ParentRunner$4.run(ParentRunner.java:331)
  at org.junit.runners.ParentRunner$1.schedule(ParentRunner.java:79)
  at org.junit.runners.ParentRunner.runChildren(ParentRunner.java:329)
  at org.junit.runners.ParentRunner.access$100(ParentRunner.java:66)
  at org.junit.runners.ParentRunner$2.evaluate(ParentRunner.java:293)
  at org.junit.runners.ParentRunner$3.evaluate(ParentRunner.java:306)
  at org.junit.runners.ParentRunner.run(ParentRunner.java:413)
  at org.junit.runner.JUnitCore.run(JUnitCore.java:137)
  at org.junit.runner.JUnitCore.run(JUnitCore.java:115)
  at org.junit.runner.JUnitCore.runMain(JUnitCore.java:77)
  at org.junit.runner.JUnitCore.main(JUnitCore.java:36)
════════════════════════════════════════════════════════════
may 22, 2026 9:50:02 P. M. main.domain.GameConfiguration parseDimension
SEVERE: ROWS o COLS requiere un valor numérico
may 22, 2026 9:50:02 P. M. main.domain.GameConfiguration validate
SEVERE: Dimensiones inválidas: -5x10
may 22, 2026 9:50:02 P. M. main.domain.GameConfiguration validate
SEVERE: Tiempo 5s menor al mínimo (10s)
may 22, 2026 9:50:02 P. M. main.domain.GameConfiguration validate
SEVERE: Falta SAFE_START en la configuración
may 22, 2026 9:50:02 P. M. main.domain.GameConfiguration validate
SEVERE: Falta SAFE_FINAL en la configuración
may 22, 2026 9:50:02 P. M. main.domain.GameConfiguration parseZoneLine
SEVERE: ZONA requiere fila, col, filas y cols
may 22, 2026 9:50:02 P. M. main.domain.GameConfiguration parseEnemy
SEVERE: ENEMY requiere tipo, fila y columna
may 22, 2026 9:50:02 P. M. main.domain.GameConfiguration parseEnemy
SEVERE: Tipo de enemigo desconocido: UNKNOWN
may 22, 2026 9:50:02 P. M. main.domain.GameConfiguration parseSpinnerEnemy
SEVERE: ENEMY SPINNER requiere filaCentro colCentro radio indexInicial horario velocidad
may 22, 2026 9:50:02 P. M. main.domain.GameConfiguration parseBasicEnemy
SEVERE: ENEMY BASIC requiere fila, columna y dirección
may 22, 2026 9:50:02 P. M. main.domain.GameConfiguration parseBasicEnemy
SEVERE: horizontalStep no aplica con dirección VERTICAL: LEFT
may 22, 2026 9:50:02 P. M. main.domain.GameConfiguration parseAcceleratedEnemy
SEVERE: ENEMY ACCEL requiere fila, columna y dirección
may 22, 2026 9:50:02 P. M. main.domain.GameConfiguration parseAcceleratedEnemy
SEVERE: Dirección ACCEL inválida: DIAGONAL
may 22, 2026 9:50:02 P. M. main.domain.GameConfiguration parseAcceleratedEnemy
SEVERE: horizontalStep no aplica con dirección VERTICAL: LEFT
may 22, 2026 9:50:02 P. M. main.domain.GameConfiguration parsePatrolEnemy
SEVERE: ENEMY PATROL requiere fila col filas cols o fila col zonaFila zonaCol filasZona colsZona
may 22, 2026 9:50:02 P. M. main.domain.GameConfiguration parseDirectionToken
SEVERE: Dirección de enemigo inválida: DIAGONAL
may 22, 2026 9:50:02 P. M. main.domain.GameConfiguration parseHorizontalStep
SEVERE: Sentido horizontal inválido: UP
may 22, 2026 9:50:02 P. M. main.domain.GameConfiguration load
SEVERE: Archivo no encontrado: archivo_no_existente_987654321.txt
java.nio.file.NoSuchFileException: archivo_no_existente_987654321.txt
	at java.base/sun.nio.fs.WindowsException.translateToIOException(WindowsException.java:85)
	at java.base/sun.nio.fs.WindowsException.rethrowAsIOException(WindowsException.java:103)
	at java.base/sun.nio.fs.WindowsException.rethrowAsIOException(WindowsException.java:108)
	at java.base/sun.nio.fs.WindowsFileSystemProvider.newByteChannel(WindowsFileSystemProvider.java:231)
	at java.base/java.nio.file.Files.newByteChannel(Files.java:357)
	at java.base/java.nio.file.Files.newByteChannel(Files.java:399)
	at java.base/java.nio.file.spi.FileSystemProvider.newInputStream(FileSystemProvider.java:371)
	at java.base/java.nio.file.Files.newInputStream(Files.java:154)
	at java.base/java.nio.file.Files.newBufferedReader(Files.java:2642)
	at java.base/java.nio.file.Files.readAllLines(Files.java:3082)
	at main.domain.GameConfiguration.load(GameConfiguration.java:55)
	at test.GameConfigurationTest.testErrorParsingBranches(GameConfigurationTest.java:240)
	at java.base/jdk.internal.reflect.DirectMethodHandleAccessor.invoke(DirectMethodHandleAccessor.java:104)
	at java.base/java.lang.reflect.Method.invoke(Method.java:565)
	at org.junit.runners.model.FrameworkMethod$1.runReflectiveCall(FrameworkMethod.java:59)
	at org.junit.internal.runners.model.ReflectiveCallable.run(ReflectiveCallable.java:12)
	at org.junit.runners.model.FrameworkMethod.invokeExplosively(FrameworkMethod.java:56)
	at org.junit.internal.runners.statements.InvokeMethod.evaluate(InvokeMethod.java:17)
	at org.junit.internal.runners.statements.RunBefores.evaluate(RunBefores.java:26)
	at org.junit.internal.runners.statements.RunAfters.evaluate(RunAfters.java:27)
	at org.junit.runners.ParentRunner$3.evaluate(ParentRunner.java:306)
	at org.junit.runners.BlockJUnit4ClassRunner$1.evaluate(BlockJUnit4ClassRunner.java:100)
	at org.junit.runners.ParentRunner.runLeaf(ParentRunner.java:366)
	at org.junit.runners.BlockJUnit4ClassRunner.runChild(BlockJUnit4ClassRunner.java:103)
	at org.junit.runners.BlockJUnit4ClassRunner.runChild(BlockJUnit4ClassRunner.java:63)
	at org.junit.runners.ParentRunner$4.run(ParentRunner.java:331)
	at org.junit.runners.ParentRunner$1.schedule(ParentRunner.java:79)
	at org.junit.runners.ParentRunner.runChildren(ParentRunner.java:329)
	at org.junit.runners.ParentRunner.access$100(ParentRunner.java:66)
	at org.junit.runners.ParentRunner$2.evaluate(ParentRunner.java:293)
	at org.junit.runners.ParentRunner$3.evaluate(ParentRunner.java:306)
	at org.junit.runners.ParentRunner.run(ParentRunner.java:413)
	at org.junit.runners.Suite.runChild(Suite.java:128)
	at org.junit.runners.Suite.runChild(Suite.java:27)
	at org.junit.runners.ParentRunner$4.run(ParentRunner.java:331)
	at org.junit.runners.ParentRunner$1.schedule(ParentRunner.java:79)
	at org.junit.runners.ParentRunner.runChildren(ParentRunner.java:329)
	at org.junit.runners.ParentRunner.access$100(ParentRunner.java:66)
	at org.junit.runners.ParentRunner$2.evaluate(ParentRunner.java:293)
	at org.junit.runners.ParentRunner$3.evaluate(ParentRunner.java:306)
	at org.junit.runners.ParentRunner.run(ParentRunner.java:413)
	at org.junit.runner.JUnitCore.run(JUnitCore.java:137)
	at org.junit.runner.JUnitCore.run(JUnitCore.java:115)
	at org.junit.runner.JUnitCore.runMain(JUnitCore.java:77)
	at org.junit.runner.JUnitCore.main(JUnitCore.java:36)

may 22, 2026 9:50:02 P. M. main.domain.GameConfiguration parseLine
WARNING: Comando desconocido en archivo: UNKNOWN_CMD
may 22, 2026 9:50:02 P. M. main.domain.GameConfiguration validate
SEVERE: Falta SAFE_START en la configuración
may 22, 2026 9:50:02 P. M. main.domain.GameConfiguration validateNotOnWall
SEVERE: COIN colocado sobre un muro en (2,4)

[INFO] 2026-05-22 21:50:02 — Clyde absorbió un golpe con su escudo

[INFO] 2026-05-22 21:50:02 — Vida extra para Jugador 1 (total: 1)

[INFO] 2026-05-22 21:50:02 — Clyde absorbió un golpe con su escudo

[INFO] 2026-05-22 21:50:02 — Vida extra absorbió un golpe para Jugador 1 (restantes: 0)

[INFO] 2026-05-22 21:50:02 — Clyde absorbió un golpe con su escudo
may 22, 2026 9:50:02 P. M. main.domain.HardestGame moveSecondPlayer
SEVERE: moveSecondPlayer no permitido en estado WON

[INFO] 2026-05-22 21:50:02 — Moneda skin: Jugador 1 cambió a Azul (Inky) hasta morir

[INFO] 2026-05-22 21:50:02 — Colisión jugador-jugador: ambos reiniciados a inicio

[INFO] 2026-05-22 21:50:02 — Checkpoint intermedio activado — monedas previas fijadas
may 22, 2026 9:50:02 P. M. main.domain.HardestGame movePlayer
SEVERE: movePlayer no permitido en estado PAUSED

[INFO] 2026-05-22 21:50:02 — Vida extra para Jugador 1 (total: 1)

[INFO] 2026-05-22 21:50:02 — Vida extra para Jugador 1 (total: 1)

[INFO] 2026-05-22 21:50:02 — Checkpoint intermedio activado — monedas previas fijadas

[INFO] 2026-05-22 21:50:02 — Checkpoint intermedio activado — monedas previas fijadas
may 22, 2026 9:50:02 P. M. main.domain.HardestGame moveSecondPlayer
SEVERE: moveSecondPlayer no permitido en estado PAUSED
may 22, 2026 9:50:02 P. M. main.domain.HardestGame loadConfiguration
SEVERE: No se puede cargar nivel: partida en estado PLAYING
may 22, 2026 9:50:02 P. M. main.domain.HardestGame createPlayer
SEVERE: Skin no registrado: Skin Inexistente 123
may 22, 2026 9:50:02 P. M. main.domain.HardestGame moveSecondPlayer
SEVERE: moveSecondPlayer sin modo dos jugadores activo
may 22, 2026 9:50:02 P. M. main.domain.GameConfiguration parseLine
WARNING: Comando desconocido en archivo: SAFE_INTER
may 22, 2026 9:50:02 P. M. main.domain.GameConfiguration parseLine
WARNING: Comando desconocido en archivo: SAFE_INTER

[INFO] 2026-05-22 21:50:02 — Vida extra para Jugador 1 (total: 1)

[INFO] 2026-05-22 21:50:02 — Vida extra para Jugador 1 (total: 1)

[INFO] 2026-05-22 21:50:02 — Vida extra para Jugador 1 (total: 1)

[INFO] 2026-05-22 21:50:02 — Vida extra absorbió un golpe para Jugador 1 (restantes: 0)

[INFO] 2026-05-22 21:50:02 — Vida extra para Jugador 1 (total: 1)

[INFO] 2026-05-22 21:50:02 — Vida extra para Jugador 1 (total: 1)

[INFO] 2026-05-22 21:50:02 — Vida extra absorbió un golpe para Jugador 1 (restantes: 0)
may 22, 2026 9:50:02 P. M. main.domain.Coin collect
SEVERE: Moneda ya recolectada en (3,5)
may 22, 2026 9:52:12 P. M. main.domain.Board setWall
SEVERE: Muro fuera del tablero en (-1,0)

════════════════════════════════════════════════════════════
[ERROR] 2026-05-22 21:52:12
────────────────────────────────────────────────────────────
Mensaje    : Mock error message
Excepción  : java.lang.NullPointerException
Detalle    : Mock unexpected exception for test
StackTrace :
  at test.ExceptionsTest.testGameLoggerUnexpectedErrorLogging(ExceptionsTest.java:47)
  at java.base/jdk.internal.reflect.DirectMethodHandleAccessor.invoke(DirectMethodHandleAccessor.java:104)
  at java.base/java.lang.reflect.Method.invoke(Method.java:565)
  at org.junit.runners.model.FrameworkMethod$1.runReflectiveCall(FrameworkMethod.java:59)
  at org.junit.internal.runners.model.ReflectiveCallable.run(ReflectiveCallable.java:12)
  at org.junit.runners.model.FrameworkMethod.invokeExplosively(FrameworkMethod.java:56)
  at org.junit.internal.runners.statements.InvokeMethod.evaluate(InvokeMethod.java:17)
  at org.junit.runners.ParentRunner$3.evaluate(ParentRunner.java:306)
  at org.junit.runners.BlockJUnit4ClassRunner$1.evaluate(BlockJUnit4ClassRunner.java:100)
  at org.junit.runners.ParentRunner.runLeaf(ParentRunner.java:366)
  at org.junit.runners.BlockJUnit4ClassRunner.runChild(BlockJUnit4ClassRunner.java:103)
  at org.junit.runners.BlockJUnit4ClassRunner.runChild(BlockJUnit4ClassRunner.java:63)
  at org.junit.runners.ParentRunner$4.run(ParentRunner.java:331)
  at org.junit.runners.ParentRunner$1.schedule(ParentRunner.java:79)
  at org.junit.runners.ParentRunner.runChildren(ParentRunner.java:329)
  at org.junit.runners.ParentRunner.access$100(ParentRunner.java:66)
  at org.junit.runners.ParentRunner$2.evaluate(ParentRunner.java:293)
  at org.junit.runners.ParentRunner$3.evaluate(ParentRunner.java:306)
  at org.junit.runners.ParentRunner.run(ParentRunner.java:413)
  at org.junit.runners.Suite.runChild(Suite.java:128)
  at org.junit.runners.Suite.runChild(Suite.java:27)
  at org.junit.runners.ParentRunner$4.run(ParentRunner.java:331)
  at org.junit.runners.ParentRunner$1.schedule(ParentRunner.java:79)
  at org.junit.runners.ParentRunner.runChildren(ParentRunner.java:329)
  at org.junit.runners.ParentRunner.access$100(ParentRunner.java:66)
  at org.junit.runners.ParentRunner$2.evaluate(ParentRunner.java:293)
  at org.junit.runners.ParentRunner$3.evaluate(ParentRunner.java:306)
  at org.junit.runners.ParentRunner.run(ParentRunner.java:413)
  at org.junit.runner.JUnitCore.run(JUnitCore.java:137)
  at org.junit.runner.JUnitCore.run(JUnitCore.java:115)
  at org.junit.runner.JUnitCore.runMain(JUnitCore.java:77)
  at org.junit.runner.JUnitCore.main(JUnitCore.java:36)
════════════════════════════════════════════════════════════

════════════════════════════════════════════════════════════
[ERROR] 2026-05-22 21:52:12
────────────────────────────────────────────────────────────
Mensaje    : Single argument error
════════════════════════════════════════════════════════════

[INFO] 2026-05-22 21:52:12 — Information log message

════════════════════════════════════════════════════════════
[ERROR] 2026-05-22 21:52:12
────────────────────────────────────────────────────────────
Mensaje    : Test error message
Contexto   : Custom Extra Context
Excepción  : java.lang.RuntimeException
Detalle    : Runtime wrapper
Causa raíz : Root bad argument
StackTrace :
  at test.ExceptionsTest.testGameLoggerComprehensive(ExceptionsTest.java:90)
  at java.base/jdk.internal.reflect.DirectMethodHandleAccessor.invoke(DirectMethodHandleAccessor.java:104)
  at java.base/java.lang.reflect.Method.invoke(Method.java:565)
  at org.junit.runners.model.FrameworkMethod$1.runReflectiveCall(FrameworkMethod.java:59)
  at org.junit.internal.runners.model.ReflectiveCallable.run(ReflectiveCallable.java:12)
  at org.junit.runners.model.FrameworkMethod.invokeExplosively(FrameworkMethod.java:56)
  at org.junit.internal.runners.statements.InvokeMethod.evaluate(InvokeMethod.java:17)
  at org.junit.runners.ParentRunner$3.evaluate(ParentRunner.java:306)
  at org.junit.runners.BlockJUnit4ClassRunner$1.evaluate(BlockJUnit4ClassRunner.java:100)
  at org.junit.runners.ParentRunner.runLeaf(ParentRunner.java:366)
  at org.junit.runners.BlockJUnit4ClassRunner.runChild(BlockJUnit4ClassRunner.java:103)
  at org.junit.runners.BlockJUnit4ClassRunner.runChild(BlockJUnit4ClassRunner.java:63)
  at org.junit.runners.ParentRunner$4.run(ParentRunner.java:331)
  at org.junit.runners.ParentRunner$1.schedule(ParentRunner.java:79)
  at org.junit.runners.ParentRunner.runChildren(ParentRunner.java:329)
  at org.junit.runners.ParentRunner.access$100(ParentRunner.java:66)
  at org.junit.runners.ParentRunner$2.evaluate(ParentRunner.java:293)
  at org.junit.runners.ParentRunner$3.evaluate(ParentRunner.java:306)
  at org.junit.runners.ParentRunner.run(ParentRunner.java:413)
  at org.junit.runners.Suite.runChild(Suite.java:128)
  at org.junit.runners.Suite.runChild(Suite.java:27)
  at org.junit.runners.ParentRunner$4.run(ParentRunner.java:331)
  at org.junit.runners.ParentRunner$1.schedule(ParentRunner.java:79)
  at org.junit.runners.ParentRunner.runChildren(ParentRunner.java:329)
  at org.junit.runners.ParentRunner.access$100(ParentRunner.java:66)
  at org.junit.runners.ParentRunner$2.evaluate(ParentRunner.java:293)
  at org.junit.runners.ParentRunner$3.evaluate(ParentRunner.java:306)
  at org.junit.runners.ParentRunner.run(ParentRunner.java:413)
  at org.junit.runner.JUnitCore.run(JUnitCore.java:137)
  at org.junit.runner.JUnitCore.run(JUnitCore.java:115)
  at org.junit.runner.JUnitCore.runMain(JUnitCore.java:77)
  at org.junit.runner.JUnitCore.main(JUnitCore.java:36)
════════════════════════════════════════════════════════════
may 22, 2026 9:52:12 P. M. main.domain.GameConfiguration parseDimension
SEVERE: ROWS o COLS requiere un valor numérico
may 22, 2026 9:52:12 P. M. main.domain.GameConfiguration validate
SEVERE: Dimensiones inválidas: -5x10
may 22, 2026 9:52:12 P. M. main.domain.GameConfiguration validate
SEVERE: Tiempo 5s menor al mínimo (10s)
may 22, 2026 9:52:12 P. M. main.domain.GameConfiguration validate
SEVERE: Falta SAFE_START en la configuración
may 22, 2026 9:52:12 P. M. main.domain.GameConfiguration validate
SEVERE: Falta SAFE_FINAL en la configuración
may 22, 2026 9:52:12 P. M. main.domain.GameConfiguration parseZoneLine
SEVERE: ZONA requiere fila, col, filas y cols
may 22, 2026 9:52:12 P. M. main.domain.GameConfiguration parseEnemy
SEVERE: ENEMY requiere tipo, fila y columna
may 22, 2026 9:52:12 P. M. main.domain.GameConfiguration parseEnemy
SEVERE: Tipo de enemigo desconocido: UNKNOWN
may 22, 2026 9:52:12 P. M. main.domain.GameConfiguration parseSpinnerEnemy
SEVERE: ENEMY SPINNER requiere filaCentro colCentro radio indexInicial horario velocidad
may 22, 2026 9:52:12 P. M. main.domain.GameConfiguration parseBasicEnemy
SEVERE: ENEMY BASIC requiere fila, columna y dirección
may 22, 2026 9:52:12 P. M. main.domain.GameConfiguration parseBasicEnemy
SEVERE: horizontalStep no aplica con dirección VERTICAL: LEFT
may 22, 2026 9:52:12 P. M. main.domain.GameConfiguration parseAcceleratedEnemy
SEVERE: ENEMY ACCEL requiere fila, columna y dirección
may 22, 2026 9:52:12 P. M. main.domain.GameConfiguration parseAcceleratedEnemy
SEVERE: Dirección ACCEL inválida: DIAGONAL
may 22, 2026 9:52:12 P. M. main.domain.GameConfiguration parseAcceleratedEnemy
SEVERE: horizontalStep no aplica con dirección VERTICAL: LEFT
may 22, 2026 9:52:12 P. M. main.domain.GameConfiguration parsePatrolEnemy
SEVERE: ENEMY PATROL requiere fila col filas cols o fila col zonaFila zonaCol filasZona colsZona
may 22, 2026 9:52:12 P. M. main.domain.GameConfiguration parseDirectionToken
SEVERE: Dirección de enemigo inválida: DIAGONAL
may 22, 2026 9:52:12 P. M. main.domain.GameConfiguration parseHorizontalStep
SEVERE: Sentido horizontal inválido: UP
may 22, 2026 9:52:12 P. M. main.domain.GameConfiguration load
SEVERE: Archivo no encontrado: archivo_no_existente_987654321.txt
java.nio.file.NoSuchFileException: archivo_no_existente_987654321.txt
	at java.base/sun.nio.fs.WindowsException.translateToIOException(WindowsException.java:85)
	at java.base/sun.nio.fs.WindowsException.rethrowAsIOException(WindowsException.java:103)
	at java.base/sun.nio.fs.WindowsException.rethrowAsIOException(WindowsException.java:108)
	at java.base/sun.nio.fs.WindowsFileSystemProvider.newByteChannel(WindowsFileSystemProvider.java:231)
	at java.base/java.nio.file.Files.newByteChannel(Files.java:357)
	at java.base/java.nio.file.Files.newByteChannel(Files.java:399)
	at java.base/java.nio.file.spi.FileSystemProvider.newInputStream(FileSystemProvider.java:371)
	at java.base/java.nio.file.Files.newInputStream(Files.java:154)
	at java.base/java.nio.file.Files.newBufferedReader(Files.java:2642)
	at java.base/java.nio.file.Files.readAllLines(Files.java:3082)
	at main.domain.GameConfiguration.load(GameConfiguration.java:55)
	at test.GameConfigurationTest.testErrorParsingBranches(GameConfigurationTest.java:240)
	at java.base/jdk.internal.reflect.DirectMethodHandleAccessor.invoke(DirectMethodHandleAccessor.java:104)
	at java.base/java.lang.reflect.Method.invoke(Method.java:565)
	at org.junit.runners.model.FrameworkMethod$1.runReflectiveCall(FrameworkMethod.java:59)
	at org.junit.internal.runners.model.ReflectiveCallable.run(ReflectiveCallable.java:12)
	at org.junit.runners.model.FrameworkMethod.invokeExplosively(FrameworkMethod.java:56)
	at org.junit.internal.runners.statements.InvokeMethod.evaluate(InvokeMethod.java:17)
	at org.junit.internal.runners.statements.RunBefores.evaluate(RunBefores.java:26)
	at org.junit.internal.runners.statements.RunAfters.evaluate(RunAfters.java:27)
	at org.junit.runners.ParentRunner$3.evaluate(ParentRunner.java:306)
	at org.junit.runners.BlockJUnit4ClassRunner$1.evaluate(BlockJUnit4ClassRunner.java:100)
	at org.junit.runners.ParentRunner.runLeaf(ParentRunner.java:366)
	at org.junit.runners.BlockJUnit4ClassRunner.runChild(BlockJUnit4ClassRunner.java:103)
	at org.junit.runners.BlockJUnit4ClassRunner.runChild(BlockJUnit4ClassRunner.java:63)
	at org.junit.runners.ParentRunner$4.run(ParentRunner.java:331)
	at org.junit.runners.ParentRunner$1.schedule(ParentRunner.java:79)
	at org.junit.runners.ParentRunner.runChildren(ParentRunner.java:329)
	at org.junit.runners.ParentRunner.access$100(ParentRunner.java:66)
	at org.junit.runners.ParentRunner$2.evaluate(ParentRunner.java:293)
	at org.junit.runners.ParentRunner$3.evaluate(ParentRunner.java:306)
	at org.junit.runners.ParentRunner.run(ParentRunner.java:413)
	at org.junit.runners.Suite.runChild(Suite.java:128)
	at org.junit.runners.Suite.runChild(Suite.java:27)
	at org.junit.runners.ParentRunner$4.run(ParentRunner.java:331)
	at org.junit.runners.ParentRunner$1.schedule(ParentRunner.java:79)
	at org.junit.runners.ParentRunner.runChildren(ParentRunner.java:329)
	at org.junit.runners.ParentRunner.access$100(ParentRunner.java:66)
	at org.junit.runners.ParentRunner$2.evaluate(ParentRunner.java:293)
	at org.junit.runners.ParentRunner$3.evaluate(ParentRunner.java:306)
	at org.junit.runners.ParentRunner.run(ParentRunner.java:413)
	at org.junit.runner.JUnitCore.run(JUnitCore.java:137)
	at org.junit.runner.JUnitCore.run(JUnitCore.java:115)
	at org.junit.runner.JUnitCore.runMain(JUnitCore.java:77)
	at org.junit.runner.JUnitCore.main(JUnitCore.java:36)

may 22, 2026 9:52:12 P. M. main.domain.GameConfiguration parseLine
WARNING: Comando desconocido en archivo: UNKNOWN_CMD
may 22, 2026 9:52:12 P. M. main.domain.GameConfiguration validate
SEVERE: Falta SAFE_START en la configuración
may 22, 2026 9:52:12 P. M. main.domain.GameConfiguration validateNotOnWall
SEVERE: COIN colocado sobre un muro en (2,4)

[INFO] 2026-05-22 21:52:12 — Clyde absorbió un golpe con su escudo

[INFO] 2026-05-22 21:52:12 — Vida extra para Jugador 1 (total: 1)

[INFO] 2026-05-22 21:52:12 — Clyde absorbió un golpe con su escudo

[INFO] 2026-05-22 21:52:12 — Vida extra absorbió un golpe para Jugador 1 (restantes: 0)

[INFO] 2026-05-22 21:52:12 — Clyde absorbió un golpe con su escudo

[INFO] 2026-05-22 21:52:12 — Moneda skin: Jugador 1 cambió a Azul (Inky) hasta morir

[INFO] 2026-05-22 21:52:12 — Colisión jugador-jugador: ambos reiniciados a inicio

[INFO] 2026-05-22 21:52:12 — Checkpoint intermedio activado — monedas previas fijadas
may 22, 2026 9:52:12 P. M. main.domain.HardestGame movePlayer
SEVERE: movePlayer no permitido en estado PAUSED

[INFO] 2026-05-22 21:52:12 — Vida extra para Jugador 1 (total: 1)

[INFO] 2026-05-22 21:52:12 — Vida extra para Jugador 1 (total: 1)

[INFO] 2026-05-22 21:52:12 — Checkpoint intermedio activado — monedas previas fijadas

[INFO] 2026-05-22 21:52:12 — Checkpoint intermedio activado — monedas previas fijadas
may 22, 2026 9:52:12 P. M. main.domain.HardestGame moveSecondPlayer
SEVERE: moveSecondPlayer no permitido en estado PAUSED
may 22, 2026 9:52:12 P. M. main.domain.HardestGame loadConfiguration
SEVERE: No se puede cargar nivel: partida en estado PLAYING
may 22, 2026 9:52:12 P. M. main.domain.HardestGame createPlayer
SEVERE: Skin no registrado: Skin Inexistente 123
may 22, 2026 9:52:12 P. M. main.domain.HardestGame moveSecondPlayer
SEVERE: moveSecondPlayer sin modo dos jugadores activo
may 22, 2026 9:52:12 P. M. main.domain.GameConfiguration parseLine
WARNING: Comando desconocido en archivo: SAFE_INTER
may 22, 2026 9:52:12 P. M. main.domain.GameConfiguration parseLine
WARNING: Comando desconocido en archivo: SAFE_INTER

[INFO] 2026-05-22 21:52:12 — Vida extra para Jugador 1 (total: 1)

[INFO] 2026-05-22 21:52:12 — Vida extra para Jugador 1 (total: 1)

[INFO] 2026-05-22 21:52:12 — Vida extra para Jugador 1 (total: 1)

[INFO] 2026-05-22 21:52:12 — Vida extra absorbió un golpe para Jugador 1 (restantes: 0)

[INFO] 2026-05-22 21:52:12 — Vida extra para Jugador 1 (total: 1)

[INFO] 2026-05-22 21:52:12 — Vida extra para Jugador 1 (total: 1)

[INFO] 2026-05-22 21:52:12 — Vida extra absorbió un golpe para Jugador 1 (restantes: 0)
may 22, 2026 9:52:12 P. M. main.domain.Coin collect
SEVERE: Moneda ya recolectada en (3,5)
may 22, 2026 9:53:20 P. M. main.domain.Board setWall
SEVERE: Muro fuera del tablero en (-1,0)

════════════════════════════════════════════════════════════
[ERROR] 2026-05-22 21:53:20
────────────────────────────────────────────────────────────
Mensaje    : Mock error message
Excepción  : java.lang.NullPointerException
Detalle    : Mock unexpected exception for test
StackTrace :
  at test.ExceptionsTest.testGameLoggerUnexpectedErrorLogging(ExceptionsTest.java:47)
  at java.base/jdk.internal.reflect.DirectMethodHandleAccessor.invoke(DirectMethodHandleAccessor.java:104)
  at java.base/java.lang.reflect.Method.invoke(Method.java:565)
  at org.junit.runners.model.FrameworkMethod$1.runReflectiveCall(FrameworkMethod.java:59)
  at org.junit.internal.runners.model.ReflectiveCallable.run(ReflectiveCallable.java:12)
  at org.junit.runners.model.FrameworkMethod.invokeExplosively(FrameworkMethod.java:56)
  at org.junit.internal.runners.statements.InvokeMethod.evaluate(InvokeMethod.java:17)
  at org.junit.runners.ParentRunner$3.evaluate(ParentRunner.java:306)
  at org.junit.runners.BlockJUnit4ClassRunner$1.evaluate(BlockJUnit4ClassRunner.java:100)
  at org.junit.runners.ParentRunner.runLeaf(ParentRunner.java:366)
  at org.junit.runners.BlockJUnit4ClassRunner.runChild(BlockJUnit4ClassRunner.java:103)
  at org.junit.runners.BlockJUnit4ClassRunner.runChild(BlockJUnit4ClassRunner.java:63)
  at org.junit.runners.ParentRunner$4.run(ParentRunner.java:331)
  at org.junit.runners.ParentRunner$1.schedule(ParentRunner.java:79)
  at org.junit.runners.ParentRunner.runChildren(ParentRunner.java:329)
  at org.junit.runners.ParentRunner.access$100(ParentRunner.java:66)
  at org.junit.runners.ParentRunner$2.evaluate(ParentRunner.java:293)
  at org.junit.runners.ParentRunner$3.evaluate(ParentRunner.java:306)
  at org.junit.runners.ParentRunner.run(ParentRunner.java:413)
  at org.junit.runners.Suite.runChild(Suite.java:128)
  at org.junit.runners.Suite.runChild(Suite.java:27)
  at org.junit.runners.ParentRunner$4.run(ParentRunner.java:331)
  at org.junit.runners.ParentRunner$1.schedule(ParentRunner.java:79)
  at org.junit.runners.ParentRunner.runChildren(ParentRunner.java:329)
  at org.junit.runners.ParentRunner.access$100(ParentRunner.java:66)
  at org.junit.runners.ParentRunner$2.evaluate(ParentRunner.java:293)
  at org.junit.runners.ParentRunner$3.evaluate(ParentRunner.java:306)
  at org.junit.runners.ParentRunner.run(ParentRunner.java:413)
  at org.junit.runner.JUnitCore.run(JUnitCore.java:137)
  at org.junit.runner.JUnitCore.run(JUnitCore.java:115)
  at org.junit.runner.JUnitCore.runMain(JUnitCore.java:77)
  at org.junit.runner.JUnitCore.main(JUnitCore.java:36)
════════════════════════════════════════════════════════════

════════════════════════════════════════════════════════════
[ERROR] 2026-05-22 21:53:20
────────────────────────────────────────────────────────────
Mensaje    : Single argument error
════════════════════════════════════════════════════════════

[INFO] 2026-05-22 21:53:20 — Information log message

════════════════════════════════════════════════════════════
[ERROR] 2026-05-22 21:53:20
────────────────────────────────────────────────────────────
Mensaje    : Test error message
Contexto   : Custom Extra Context
Excepción  : java.lang.RuntimeException
Detalle    : Runtime wrapper
Causa raíz : Root bad argument
StackTrace :
  at test.ExceptionsTest.testGameLoggerComprehensive(ExceptionsTest.java:90)
  at java.base/jdk.internal.reflect.DirectMethodHandleAccessor.invoke(DirectMethodHandleAccessor.java:104)
  at java.base/java.lang.reflect.Method.invoke(Method.java:565)
  at org.junit.runners.model.FrameworkMethod$1.runReflectiveCall(FrameworkMethod.java:59)
  at org.junit.internal.runners.model.ReflectiveCallable.run(ReflectiveCallable.java:12)
  at org.junit.runners.model.FrameworkMethod.invokeExplosively(FrameworkMethod.java:56)
  at org.junit.internal.runners.statements.InvokeMethod.evaluate(InvokeMethod.java:17)
  at org.junit.runners.ParentRunner$3.evaluate(ParentRunner.java:306)
  at org.junit.runners.BlockJUnit4ClassRunner$1.evaluate(BlockJUnit4ClassRunner.java:100)
  at org.junit.runners.ParentRunner.runLeaf(ParentRunner.java:366)
  at org.junit.runners.BlockJUnit4ClassRunner.runChild(BlockJUnit4ClassRunner.java:103)
  at org.junit.runners.BlockJUnit4ClassRunner.runChild(BlockJUnit4ClassRunner.java:63)
  at org.junit.runners.ParentRunner$4.run(ParentRunner.java:331)
  at org.junit.runners.ParentRunner$1.schedule(ParentRunner.java:79)
  at org.junit.runners.ParentRunner.runChildren(ParentRunner.java:329)
  at org.junit.runners.ParentRunner.access$100(ParentRunner.java:66)
  at org.junit.runners.ParentRunner$2.evaluate(ParentRunner.java:293)
  at org.junit.runners.ParentRunner$3.evaluate(ParentRunner.java:306)
  at org.junit.runners.ParentRunner.run(ParentRunner.java:413)
  at org.junit.runners.Suite.runChild(Suite.java:128)
  at org.junit.runners.Suite.runChild(Suite.java:27)
  at org.junit.runners.ParentRunner$4.run(ParentRunner.java:331)
  at org.junit.runners.ParentRunner$1.schedule(ParentRunner.java:79)
  at org.junit.runners.ParentRunner.runChildren(ParentRunner.java:329)
  at org.junit.runners.ParentRunner.access$100(ParentRunner.java:66)
  at org.junit.runners.ParentRunner$2.evaluate(ParentRunner.java:293)
  at org.junit.runners.ParentRunner$3.evaluate(ParentRunner.java:306)
  at org.junit.runners.ParentRunner.run(ParentRunner.java:413)
  at org.junit.runner.JUnitCore.run(JUnitCore.java:137)
  at org.junit.runner.JUnitCore.run(JUnitCore.java:115)
  at org.junit.runner.JUnitCore.runMain(JUnitCore.java:77)
  at org.junit.runner.JUnitCore.main(JUnitCore.java:36)
════════════════════════════════════════════════════════════
may 22, 2026 9:53:20 P. M. main.domain.GameConfiguration parseDimension
SEVERE: ROWS o COLS requiere un valor numérico
may 22, 2026 9:53:20 P. M. main.domain.GameConfiguration validate
SEVERE: Dimensiones inválidas: -5x10
may 22, 2026 9:53:20 P. M. main.domain.GameConfiguration validate
SEVERE: Tiempo 5s menor al mínimo (10s)
may 22, 2026 9:53:20 P. M. main.domain.GameConfiguration validate
SEVERE: Falta SAFE_START en la configuración
may 22, 2026 9:53:20 P. M. main.domain.GameConfiguration validate
SEVERE: Falta SAFE_FINAL en la configuración
may 22, 2026 9:53:20 P. M. main.domain.GameConfiguration parseZoneLine
SEVERE: ZONA requiere fila, col, filas y cols
may 22, 2026 9:53:20 P. M. main.domain.GameConfiguration parseEnemy
SEVERE: ENEMY requiere tipo, fila y columna
may 22, 2026 9:53:20 P. M. main.domain.GameConfiguration parseEnemy
SEVERE: Tipo de enemigo desconocido: UNKNOWN
may 22, 2026 9:53:20 P. M. main.domain.GameConfiguration parseSpinnerEnemy
SEVERE: ENEMY SPINNER requiere filaCentro colCentro radio indexInicial horario velocidad
may 22, 2026 9:53:20 P. M. main.domain.GameConfiguration parseBasicEnemy
SEVERE: ENEMY BASIC requiere fila, columna y dirección
may 22, 2026 9:53:20 P. M. main.domain.GameConfiguration parseBasicEnemy
SEVERE: horizontalStep no aplica con dirección VERTICAL: LEFT
may 22, 2026 9:53:20 P. M. main.domain.GameConfiguration parseAcceleratedEnemy
SEVERE: ENEMY ACCEL requiere fila, columna y dirección
may 22, 2026 9:53:20 P. M. main.domain.GameConfiguration parseAcceleratedEnemy
SEVERE: Dirección ACCEL inválida: DIAGONAL
may 22, 2026 9:53:20 P. M. main.domain.GameConfiguration parseAcceleratedEnemy
SEVERE: horizontalStep no aplica con dirección VERTICAL: LEFT
may 22, 2026 9:53:20 P. M. main.domain.GameConfiguration parsePatrolEnemy
SEVERE: ENEMY PATROL requiere fila col filas cols o fila col zonaFila zonaCol filasZona colsZona
may 22, 2026 9:53:20 P. M. main.domain.GameConfiguration parseDirectionToken
SEVERE: Dirección de enemigo inválida: DIAGONAL
may 22, 2026 9:53:20 P. M. main.domain.GameConfiguration parseHorizontalStep
SEVERE: Sentido horizontal inválido: UP
may 22, 2026 9:53:20 P. M. main.domain.GameConfiguration load
SEVERE: Archivo no encontrado: archivo_no_existente_987654321.txt
java.nio.file.NoSuchFileException: archivo_no_existente_987654321.txt
	at java.base/sun.nio.fs.WindowsException.translateToIOException(WindowsException.java:85)
	at java.base/sun.nio.fs.WindowsException.rethrowAsIOException(WindowsException.java:103)
	at java.base/sun.nio.fs.WindowsException.rethrowAsIOException(WindowsException.java:108)
	at java.base/sun.nio.fs.WindowsFileSystemProvider.newByteChannel(WindowsFileSystemProvider.java:231)
	at java.base/java.nio.file.Files.newByteChannel(Files.java:357)
	at java.base/java.nio.file.Files.newByteChannel(Files.java:399)
	at java.base/java.nio.file.spi.FileSystemProvider.newInputStream(FileSystemProvider.java:371)
	at java.base/java.nio.file.Files.newInputStream(Files.java:154)
	at java.base/java.nio.file.Files.newBufferedReader(Files.java:2642)
	at java.base/java.nio.file.Files.readAllLines(Files.java:3082)
	at main.domain.GameConfiguration.load(GameConfiguration.java:55)
	at test.GameConfigurationTest.testErrorParsingBranches(GameConfigurationTest.java:240)
	at java.base/jdk.internal.reflect.DirectMethodHandleAccessor.invoke(DirectMethodHandleAccessor.java:104)
	at java.base/java.lang.reflect.Method.invoke(Method.java:565)
	at org.junit.runners.model.FrameworkMethod$1.runReflectiveCall(FrameworkMethod.java:59)
	at org.junit.internal.runners.model.ReflectiveCallable.run(ReflectiveCallable.java:12)
	at org.junit.runners.model.FrameworkMethod.invokeExplosively(FrameworkMethod.java:56)
	at org.junit.internal.runners.statements.InvokeMethod.evaluate(InvokeMethod.java:17)
	at org.junit.internal.runners.statements.RunBefores.evaluate(RunBefores.java:26)
	at org.junit.internal.runners.statements.RunAfters.evaluate(RunAfters.java:27)
	at org.junit.runners.ParentRunner$3.evaluate(ParentRunner.java:306)
	at org.junit.runners.BlockJUnit4ClassRunner$1.evaluate(BlockJUnit4ClassRunner.java:100)
	at org.junit.runners.ParentRunner.runLeaf(ParentRunner.java:366)
	at org.junit.runners.BlockJUnit4ClassRunner.runChild(BlockJUnit4ClassRunner.java:103)
	at org.junit.runners.BlockJUnit4ClassRunner.runChild(BlockJUnit4ClassRunner.java:63)
	at org.junit.runners.ParentRunner$4.run(ParentRunner.java:331)
	at org.junit.runners.ParentRunner$1.schedule(ParentRunner.java:79)
	at org.junit.runners.ParentRunner.runChildren(ParentRunner.java:329)
	at org.junit.runners.ParentRunner.access$100(ParentRunner.java:66)
	at org.junit.runners.ParentRunner$2.evaluate(ParentRunner.java:293)
	at org.junit.runners.ParentRunner$3.evaluate(ParentRunner.java:306)
	at org.junit.runners.ParentRunner.run(ParentRunner.java:413)
	at org.junit.runners.Suite.runChild(Suite.java:128)
	at org.junit.runners.Suite.runChild(Suite.java:27)
	at org.junit.runners.ParentRunner$4.run(ParentRunner.java:331)
	at org.junit.runners.ParentRunner$1.schedule(ParentRunner.java:79)
	at org.junit.runners.ParentRunner.runChildren(ParentRunner.java:329)
	at org.junit.runners.ParentRunner.access$100(ParentRunner.java:66)
	at org.junit.runners.ParentRunner$2.evaluate(ParentRunner.java:293)
	at org.junit.runners.ParentRunner$3.evaluate(ParentRunner.java:306)
	at org.junit.runners.ParentRunner.run(ParentRunner.java:413)
	at org.junit.runner.JUnitCore.run(JUnitCore.java:137)
	at org.junit.runner.JUnitCore.run(JUnitCore.java:115)
	at org.junit.runner.JUnitCore.runMain(JUnitCore.java:77)
	at org.junit.runner.JUnitCore.main(JUnitCore.java:36)

may 22, 2026 9:53:20 P. M. main.domain.GameConfiguration parseLine
WARNING: Comando desconocido en archivo: UNKNOWN_CMD
may 22, 2026 9:53:20 P. M. main.domain.GameConfiguration validate
SEVERE: Falta SAFE_START en la configuración
may 22, 2026 9:53:20 P. M. main.domain.GameConfiguration validateNotOnWall
SEVERE: COIN colocado sobre un muro en (2,4)

[INFO] 2026-05-22 21:53:20 — Clyde absorbió un golpe con su escudo

[INFO] 2026-05-22 21:53:20 — Vida extra para Jugador 1 (total: 1)

[INFO] 2026-05-22 21:53:20 — Clyde absorbió un golpe con su escudo

[INFO] 2026-05-22 21:53:20 — Vida extra absorbió un golpe para Jugador 1 (restantes: 0)

[INFO] 2026-05-22 21:53:20 — Clyde absorbió un golpe con su escudo

[INFO] 2026-05-22 21:53:20 — Moneda skin: Jugador 1 cambió a Azul (Inky) hasta morir

[INFO] 2026-05-22 21:53:20 — Colisión jugador-jugador: ambos reiniciados a inicio

[INFO] 2026-05-22 21:53:21 — Checkpoint intermedio activado — monedas previas fijadas
may 22, 2026 9:53:21 P. M. main.domain.HardestGame movePlayer
SEVERE: movePlayer no permitido en estado PAUSED

[INFO] 2026-05-22 21:53:21 — Vida extra para Jugador 1 (total: 1)

[INFO] 2026-05-22 21:53:21 — Vida extra para Jugador 1 (total: 1)

[INFO] 2026-05-22 21:53:21 — Checkpoint intermedio activado — monedas previas fijadas

[INFO] 2026-05-22 21:53:21 — Checkpoint intermedio activado — monedas previas fijadas
may 22, 2026 9:53:21 P. M. main.domain.HardestGame moveSecondPlayer
SEVERE: moveSecondPlayer no permitido en estado PAUSED
may 22, 2026 9:53:21 P. M. main.domain.HardestGame loadConfiguration
SEVERE: No se puede cargar nivel: partida en estado PLAYING
may 22, 2026 9:53:21 P. M. main.domain.HardestGame createPlayer
SEVERE: Skin no registrado: Skin Inexistente 123
may 22, 2026 9:53:21 P. M. main.domain.HardestGame moveSecondPlayer
SEVERE: moveSecondPlayer sin modo dos jugadores activo
may 22, 2026 9:53:21 P. M. main.domain.GameConfiguration parseLine
WARNING: Comando desconocido en archivo: SAFE_INTER
may 22, 2026 9:53:21 P. M. main.domain.GameConfiguration parseLine
WARNING: Comando desconocido en archivo: SAFE_INTER

[INFO] 2026-05-22 21:53:21 — Vida extra para Jugador 1 (total: 1)

[INFO] 2026-05-22 21:53:21 — Vida extra para Jugador 1 (total: 1)

[INFO] 2026-05-22 21:53:21 — Vida extra para Jugador 1 (total: 1)

[INFO] 2026-05-22 21:53:21 — Vida extra absorbió un golpe para Jugador 1 (restantes: 0)

[INFO] 2026-05-22 21:53:21 — Vida extra para Jugador 1 (total: 1)

[INFO] 2026-05-22 21:53:21 — Vida extra para Jugador 1 (total: 1)

[INFO] 2026-05-22 21:53:21 — Vida extra absorbió un golpe para Jugador 1 (restantes: 0)
may 22, 2026 9:53:21 P. M. main.domain.Coin collect
SEVERE: Moneda ya recolectada en (3,5)
may 22, 2026 9:55:36 P. M. main.domain.Board setWall
SEVERE: Muro fuera del tablero en (-1,0)

════════════════════════════════════════════════════════════
[ERROR] 2026-05-22 21:55:36
────────────────────────────────────────────────────────────
Mensaje    : Mock error message
Excepción  : java.lang.NullPointerException
Detalle    : Mock unexpected exception for test
StackTrace :
  at test.ExceptionsTest.testGameLoggerUnexpectedErrorLogging(ExceptionsTest.java:47)
  at java.base/jdk.internal.reflect.DirectMethodHandleAccessor.invoke(DirectMethodHandleAccessor.java:104)
  at java.base/java.lang.reflect.Method.invoke(Method.java:565)
  at org.junit.runners.model.FrameworkMethod$1.runReflectiveCall(FrameworkMethod.java:59)
  at org.junit.internal.runners.model.ReflectiveCallable.run(ReflectiveCallable.java:12)
  at org.junit.runners.model.FrameworkMethod.invokeExplosively(FrameworkMethod.java:56)
  at org.junit.internal.runners.statements.InvokeMethod.evaluate(InvokeMethod.java:17)
  at org.junit.runners.ParentRunner$3.evaluate(ParentRunner.java:306)
  at org.junit.runners.BlockJUnit4ClassRunner$1.evaluate(BlockJUnit4ClassRunner.java:100)
  at org.junit.runners.ParentRunner.runLeaf(ParentRunner.java:366)
  at org.junit.runners.BlockJUnit4ClassRunner.runChild(BlockJUnit4ClassRunner.java:103)
  at org.junit.runners.BlockJUnit4ClassRunner.runChild(BlockJUnit4ClassRunner.java:63)
  at org.junit.runners.ParentRunner$4.run(ParentRunner.java:331)
  at org.junit.runners.ParentRunner$1.schedule(ParentRunner.java:79)
  at org.junit.runners.ParentRunner.runChildren(ParentRunner.java:329)
  at org.junit.runners.ParentRunner.access$100(ParentRunner.java:66)
  at org.junit.runners.ParentRunner$2.evaluate(ParentRunner.java:293)
  at org.junit.runners.ParentRunner$3.evaluate(ParentRunner.java:306)
  at org.junit.runners.ParentRunner.run(ParentRunner.java:413)
  at org.junit.runners.Suite.runChild(Suite.java:128)
  at org.junit.runners.Suite.runChild(Suite.java:27)
  at org.junit.runners.ParentRunner$4.run(ParentRunner.java:331)
  at org.junit.runners.ParentRunner$1.schedule(ParentRunner.java:79)
  at org.junit.runners.ParentRunner.runChildren(ParentRunner.java:329)
  at org.junit.runners.ParentRunner.access$100(ParentRunner.java:66)
  at org.junit.runners.ParentRunner$2.evaluate(ParentRunner.java:293)
  at org.junit.runners.ParentRunner$3.evaluate(ParentRunner.java:306)
  at org.junit.runners.ParentRunner.run(ParentRunner.java:413)
  at org.junit.runner.JUnitCore.run(JUnitCore.java:137)
  at com.intellij.junit4.JUnit4IdeaTestRunner.startRunnerWithArgs(JUnit4IdeaTestRunner.java:69)
  at com.intellij.rt.junit.IdeaTestRunner$Repeater$1.execute(IdeaTestRunner.java:38)
  at com.intellij.rt.execution.junit.TestsRepeater.repeat(TestsRepeater.java:11)
  at com.intellij.rt.junit.IdeaTestRunner$Repeater.startRunnerWithArgs(IdeaTestRunner.java:35)
  at com.intellij.rt.junit.JUnitStarter.prepareStreamsAndStart(JUnitStarter.java:231)
  at com.intellij.rt.junit.JUnitStarter.main(JUnitStarter.java:55)
════════════════════════════════════════════════════════════

════════════════════════════════════════════════════════════
[ERROR] 2026-05-22 21:55:36
────────────────────────────────────────────────────────────
Mensaje    : Single argument error
════════════════════════════════════════════════════════════

[INFO] 2026-05-22 21:55:36 — Information log message

════════════════════════════════════════════════════════════
[ERROR] 2026-05-22 21:55:36
────────────────────────────────────────────────────────────
Mensaje    : Test error message
Contexto   : Custom Extra Context
Excepción  : java.lang.RuntimeException
Detalle    : Runtime wrapper
Causa raíz : Root bad argument
StackTrace :
  at test.ExceptionsTest.testGameLoggerComprehensive(ExceptionsTest.java:90)
  at java.base/jdk.internal.reflect.DirectMethodHandleAccessor.invoke(DirectMethodHandleAccessor.java:104)
  at java.base/java.lang.reflect.Method.invoke(Method.java:565)
  at org.junit.runners.model.FrameworkMethod$1.runReflectiveCall(FrameworkMethod.java:59)
  at org.junit.internal.runners.model.ReflectiveCallable.run(ReflectiveCallable.java:12)
  at org.junit.runners.model.FrameworkMethod.invokeExplosively(FrameworkMethod.java:56)
  at org.junit.internal.runners.statements.InvokeMethod.evaluate(InvokeMethod.java:17)
  at org.junit.runners.ParentRunner$3.evaluate(ParentRunner.java:306)
  at org.junit.runners.BlockJUnit4ClassRunner$1.evaluate(BlockJUnit4ClassRunner.java:100)
  at org.junit.runners.ParentRunner.runLeaf(ParentRunner.java:366)
  at org.junit.runners.BlockJUnit4ClassRunner.runChild(BlockJUnit4ClassRunner.java:103)
  at org.junit.runners.BlockJUnit4ClassRunner.runChild(BlockJUnit4ClassRunner.java:63)
  at org.junit.runners.ParentRunner$4.run(ParentRunner.java:331)
  at org.junit.runners.ParentRunner$1.schedule(ParentRunner.java:79)
  at org.junit.runners.ParentRunner.runChildren(ParentRunner.java:329)
  at org.junit.runners.ParentRunner.access$100(ParentRunner.java:66)
  at org.junit.runners.ParentRunner$2.evaluate(ParentRunner.java:293)
  at org.junit.runners.ParentRunner$3.evaluate(ParentRunner.java:306)
  at org.junit.runners.ParentRunner.run(ParentRunner.java:413)
  at org.junit.runners.Suite.runChild(Suite.java:128)
  at org.junit.runners.Suite.runChild(Suite.java:27)
  at org.junit.runners.ParentRunner$4.run(ParentRunner.java:331)
  at org.junit.runners.ParentRunner$1.schedule(ParentRunner.java:79)
  at org.junit.runners.ParentRunner.runChildren(ParentRunner.java:329)
  at org.junit.runners.ParentRunner.access$100(ParentRunner.java:66)
  at org.junit.runners.ParentRunner$2.evaluate(ParentRunner.java:293)
  at org.junit.runners.ParentRunner$3.evaluate(ParentRunner.java:306)
  at org.junit.runners.ParentRunner.run(ParentRunner.java:413)
  at org.junit.runner.JUnitCore.run(JUnitCore.java:137)
  at com.intellij.junit4.JUnit4IdeaTestRunner.startRunnerWithArgs(JUnit4IdeaTestRunner.java:69)
  at com.intellij.rt.junit.IdeaTestRunner$Repeater$1.execute(IdeaTestRunner.java:38)
  at com.intellij.rt.execution.junit.TestsRepeater.repeat(TestsRepeater.java:11)
  at com.intellij.rt.junit.IdeaTestRunner$Repeater.startRunnerWithArgs(IdeaTestRunner.java:35)
  at com.intellij.rt.junit.JUnitStarter.prepareStreamsAndStart(JUnitStarter.java:231)
  at com.intellij.rt.junit.JUnitStarter.main(JUnitStarter.java:55)
════════════════════════════════════════════════════════════
may 22, 2026 9:55:36 P. M. main.domain.GameConfiguration parseDimension
SEVERE: ROWS o COLS requiere un valor numérico
may 22, 2026 9:55:36 P. M. main.domain.GameConfiguration validate
SEVERE: Dimensiones inválidas: -5x10
may 22, 2026 9:55:36 P. M. main.domain.GameConfiguration validate
SEVERE: Tiempo 5s menor al mínimo (10s)
may 22, 2026 9:55:36 P. M. main.domain.GameConfiguration validate
SEVERE: Falta SAFE_START en la configuración
may 22, 2026 9:55:36 P. M. main.domain.GameConfiguration validate
SEVERE: Falta SAFE_FINAL en la configuración
may 22, 2026 9:55:36 P. M. main.domain.GameConfiguration parseZoneLine
SEVERE: ZONA requiere fila, col, filas y cols
may 22, 2026 9:55:36 P. M. main.domain.GameConfiguration parseEnemy
SEVERE: ENEMY requiere tipo, fila y columna
may 22, 2026 9:55:36 P. M. main.domain.GameConfiguration parseEnemy
SEVERE: Tipo de enemigo desconocido: UNKNOWN
may 22, 2026 9:55:36 P. M. main.domain.GameConfiguration parseSpinnerEnemy
SEVERE: ENEMY SPINNER requiere filaCentro colCentro radio indexInicial horario velocidad
may 22, 2026 9:55:36 P. M. main.domain.GameConfiguration parseBasicEnemy
SEVERE: ENEMY BASIC requiere fila, columna y dirección
may 22, 2026 9:55:36 P. M. main.domain.GameConfiguration parseBasicEnemy
SEVERE: horizontalStep no aplica con dirección VERTICAL: LEFT
may 22, 2026 9:55:36 P. M. main.domain.GameConfiguration parseAcceleratedEnemy
SEVERE: ENEMY ACCEL requiere fila, columna y dirección
may 22, 2026 9:55:36 P. M. main.domain.GameConfiguration parseAcceleratedEnemy
SEVERE: Dirección ACCEL inválida: DIAGONAL
may 22, 2026 9:55:36 P. M. main.domain.GameConfiguration parseAcceleratedEnemy
SEVERE: horizontalStep no aplica con dirección VERTICAL: LEFT
may 22, 2026 9:55:36 P. M. main.domain.GameConfiguration parsePatrolEnemy
SEVERE: ENEMY PATROL requiere fila col filas cols o fila col zonaFila zonaCol filasZona colsZona
may 22, 2026 9:55:36 P. M. main.domain.GameConfiguration parseDirectionToken
SEVERE: Dirección de enemigo inválida: DIAGONAL
may 22, 2026 9:55:36 P. M. main.domain.GameConfiguration parseHorizontalStep
SEVERE: Sentido horizontal inválido: UP
may 22, 2026 9:55:36 P. M. main.domain.GameConfiguration load
SEVERE: Archivo no encontrado: archivo_no_existente_987654321.txt
java.nio.file.NoSuchFileException: archivo_no_existente_987654321.txt
	at java.base/sun.nio.fs.WindowsException.translateToIOException(WindowsException.java:85)
	at java.base/sun.nio.fs.WindowsException.rethrowAsIOException(WindowsException.java:103)
	at java.base/sun.nio.fs.WindowsException.rethrowAsIOException(WindowsException.java:108)
	at java.base/sun.nio.fs.WindowsFileSystemProvider.newByteChannel(WindowsFileSystemProvider.java:231)
	at java.base/java.nio.file.Files.newByteChannel(Files.java:357)
	at java.base/java.nio.file.Files.newByteChannel(Files.java:399)
	at java.base/java.nio.file.spi.FileSystemProvider.newInputStream(FileSystemProvider.java:371)
	at java.base/java.nio.file.Files.newInputStream(Files.java:154)
	at java.base/java.nio.file.Files.newBufferedReader(Files.java:2642)
	at java.base/java.nio.file.Files.readAllLines(Files.java:3082)
	at main.domain.GameConfiguration.load(GameConfiguration.java:55)
	at test.GameConfigurationTest.testErrorParsingBranches(GameConfigurationTest.java:240)
	at java.base/jdk.internal.reflect.DirectMethodHandleAccessor.invoke(DirectMethodHandleAccessor.java:104)
	at java.base/java.lang.reflect.Method.invoke(Method.java:565)
	at org.junit.runners.model.FrameworkMethod$1.runReflectiveCall(FrameworkMethod.java:59)
	at org.junit.internal.runners.model.ReflectiveCallable.run(ReflectiveCallable.java:12)
	at org.junit.runners.model.FrameworkMethod.invokeExplosively(FrameworkMethod.java:56)
	at org.junit.internal.runners.statements.InvokeMethod.evaluate(InvokeMethod.java:17)
	at org.junit.internal.runners.statements.RunBefores.evaluate(RunBefores.java:26)
	at org.junit.internal.runners.statements.RunAfters.evaluate(RunAfters.java:27)
	at org.junit.runners.ParentRunner$3.evaluate(ParentRunner.java:306)
	at org.junit.runners.BlockJUnit4ClassRunner$1.evaluate(BlockJUnit4ClassRunner.java:100)
	at org.junit.runners.ParentRunner.runLeaf(ParentRunner.java:366)
	at org.junit.runners.BlockJUnit4ClassRunner.runChild(BlockJUnit4ClassRunner.java:103)
	at org.junit.runners.BlockJUnit4ClassRunner.runChild(BlockJUnit4ClassRunner.java:63)
	at org.junit.runners.ParentRunner$4.run(ParentRunner.java:331)
	at org.junit.runners.ParentRunner$1.schedule(ParentRunner.java:79)
	at org.junit.runners.ParentRunner.runChildren(ParentRunner.java:329)
	at org.junit.runners.ParentRunner.access$100(ParentRunner.java:66)
	at org.junit.runners.ParentRunner$2.evaluate(ParentRunner.java:293)
	at org.junit.runners.ParentRunner$3.evaluate(ParentRunner.java:306)
	at org.junit.runners.ParentRunner.run(ParentRunner.java:413)
	at org.junit.runners.Suite.runChild(Suite.java:128)
	at org.junit.runners.Suite.runChild(Suite.java:27)
	at org.junit.runners.ParentRunner$4.run(ParentRunner.java:331)
	at org.junit.runners.ParentRunner$1.schedule(ParentRunner.java:79)
	at org.junit.runners.ParentRunner.runChildren(ParentRunner.java:329)
	at org.junit.runners.ParentRunner.access$100(ParentRunner.java:66)
	at org.junit.runners.ParentRunner$2.evaluate(ParentRunner.java:293)
	at org.junit.runners.ParentRunner$3.evaluate(ParentRunner.java:306)
	at org.junit.runners.ParentRunner.run(ParentRunner.java:413)
	at org.junit.runner.JUnitCore.run(JUnitCore.java:137)
	at com.intellij.junit4.JUnit4IdeaTestRunner.startRunnerWithArgs(JUnit4IdeaTestRunner.java:69)
	at com.intellij.rt.junit.IdeaTestRunner$Repeater$1.execute(IdeaTestRunner.java:38)
	at com.intellij.rt.execution.junit.TestsRepeater.repeat(TestsRepeater.java:11)
	at com.intellij.rt.junit.IdeaTestRunner$Repeater.startRunnerWithArgs(IdeaTestRunner.java:35)
	at com.intellij.rt.junit.JUnitStarter.prepareStreamsAndStart(JUnitStarter.java:231)
	at com.intellij.rt.junit.JUnitStarter.main(JUnitStarter.java:55)

may 22, 2026 9:55:36 P. M. main.domain.GameConfiguration parseLine
WARNING: Comando desconocido en archivo: UNKNOWN_CMD
may 22, 2026 9:55:36 P. M. main.domain.GameConfiguration validate
SEVERE: Falta SAFE_START en la configuración
may 22, 2026 9:55:36 P. M. main.domain.GameConfiguration validateNotOnWall
SEVERE: COIN colocado sobre un muro en (2,4)

[INFO] 2026-05-22 21:55:36 — Clyde absorbió un golpe con su escudo

[INFO] 2026-05-22 21:55:36 — Vida extra para Jugador 1 (total: 1)

[INFO] 2026-05-22 21:55:36 — Clyde absorbió un golpe con su escudo

[INFO] 2026-05-22 21:55:36 — Vida extra absorbió un golpe para Jugador 1 (restantes: 0)

[INFO] 2026-05-22 21:55:36 — Clyde absorbió un golpe con su escudo

[INFO] 2026-05-22 21:55:37 — Moneda skin: Jugador 1 cambió a Azul (Inky) hasta morir

[INFO] 2026-05-22 21:55:37 — Colisión jugador-jugador: ambos reiniciados a inicio

[INFO] 2026-05-22 21:55:37 — Checkpoint intermedio activado — monedas previas fijadas
may 22, 2026 9:55:37 P. M. main.domain.HardestGame movePlayer
SEVERE: movePlayer no permitido en estado PAUSED

[INFO] 2026-05-22 21:55:37 — Vida extra para Jugador 1 (total: 1)

[INFO] 2026-05-22 21:55:37 — Vida extra para Jugador 1 (total: 1)

[INFO] 2026-05-22 21:55:37 — Checkpoint intermedio activado — monedas previas fijadas

[INFO] 2026-05-22 21:55:37 — Checkpoint intermedio activado — monedas previas fijadas
may 22, 2026 9:55:37 P. M. main.domain.HardestGame moveSecondPlayer
SEVERE: moveSecondPlayer no permitido en estado PAUSED
may 22, 2026 9:55:37 P. M. main.domain.HardestGame loadConfiguration
SEVERE: No se puede cargar nivel: partida en estado PLAYING
may 22, 2026 9:55:37 P. M. main.domain.HardestGame createPlayer
SEVERE: Skin no registrado: Skin Inexistente 123
may 22, 2026 9:55:37 P. M. main.domain.HardestGame moveSecondPlayer
SEVERE: moveSecondPlayer sin modo dos jugadores activo
may 22, 2026 9:55:37 P. M. main.domain.GameConfiguration parseLine
WARNING: Comando desconocido en archivo: SAFE_INTER
may 22, 2026 9:55:37 P. M. main.domain.GameConfiguration parseLine
WARNING: Comando desconocido en archivo: SAFE_INTER

[INFO] 2026-05-22 21:55:37 — Vida extra para Jugador 1 (total: 1)

[INFO] 2026-05-22 21:55:37 — Vida extra para Jugador 1 (total: 1)

[INFO] 2026-05-22 21:55:37 — Vida extra para Jugador 1 (total: 1)

[INFO] 2026-05-22 21:55:37 — Vida extra absorbió un golpe para Jugador 1 (restantes: 0)

[INFO] 2026-05-22 21:55:37 — Vida extra para Jugador 1 (total: 1)

[INFO] 2026-05-22 21:55:37 — Vida extra para Jugador 1 (total: 1)

[INFO] 2026-05-22 21:55:37 — Vida extra absorbió un golpe para Jugador 1 (restantes: 0)
may 22, 2026 9:55:37 P. M. main.domain.Coin collect
SEVERE: Moneda ya recolectada en (3,5)
may 22, 2026 9:56:11 P. M. main.domain.Board setWall
SEVERE: Muro fuera del tablero en (-1,0)

════════════════════════════════════════════════════════════
[ERROR] 2026-05-22 21:56:11
────────────────────────────────────────────────────────────
Mensaje    : Mock error message
Excepción  : java.lang.NullPointerException
Detalle    : Mock unexpected exception for test
StackTrace :
  at test.ExceptionsTest.testGameLoggerUnexpectedErrorLogging(ExceptionsTest.java:47)
  at java.base/jdk.internal.reflect.DirectMethodHandleAccessor.invoke(DirectMethodHandleAccessor.java:104)
  at java.base/java.lang.reflect.Method.invoke(Method.java:565)
  at org.junit.runners.model.FrameworkMethod$1.runReflectiveCall(FrameworkMethod.java:59)
  at org.junit.internal.runners.model.ReflectiveCallable.run(ReflectiveCallable.java:12)
  at org.junit.runners.model.FrameworkMethod.invokeExplosively(FrameworkMethod.java:56)
  at org.junit.internal.runners.statements.InvokeMethod.evaluate(InvokeMethod.java:17)
  at org.junit.runners.ParentRunner$3.evaluate(ParentRunner.java:306)
  at org.junit.runners.BlockJUnit4ClassRunner$1.evaluate(BlockJUnit4ClassRunner.java:100)
  at org.junit.runners.ParentRunner.runLeaf(ParentRunner.java:366)
  at org.junit.runners.BlockJUnit4ClassRunner.runChild(BlockJUnit4ClassRunner.java:103)
  at org.junit.runners.BlockJUnit4ClassRunner.runChild(BlockJUnit4ClassRunner.java:63)
  at org.junit.runners.ParentRunner$4.run(ParentRunner.java:331)
  at org.junit.runners.ParentRunner$1.schedule(ParentRunner.java:79)
  at org.junit.runners.ParentRunner.runChildren(ParentRunner.java:329)
  at org.junit.runners.ParentRunner.access$100(ParentRunner.java:66)
  at org.junit.runners.ParentRunner$2.evaluate(ParentRunner.java:293)
  at org.junit.runners.ParentRunner$3.evaluate(ParentRunner.java:306)
  at org.junit.runners.ParentRunner.run(ParentRunner.java:413)
  at org.junit.runners.Suite.runChild(Suite.java:128)
  at org.junit.runners.Suite.runChild(Suite.java:27)
  at org.junit.runners.ParentRunner$4.run(ParentRunner.java:331)
  at org.junit.runners.ParentRunner$1.schedule(ParentRunner.java:79)
  at org.junit.runners.ParentRunner.runChildren(ParentRunner.java:329)
  at org.junit.runners.ParentRunner.access$100(ParentRunner.java:66)
  at org.junit.runners.ParentRunner$2.evaluate(ParentRunner.java:293)
  at org.junit.runners.ParentRunner$3.evaluate(ParentRunner.java:306)
  at org.junit.runners.ParentRunner.run(ParentRunner.java:413)
  at org.junit.runner.JUnitCore.run(JUnitCore.java:137)
  at com.intellij.junit4.JUnit4IdeaTestRunner.startRunnerWithArgs(JUnit4IdeaTestRunner.java:69)
  at com.intellij.rt.junit.IdeaTestRunner$Repeater$1.execute(IdeaTestRunner.java:38)
  at com.intellij.rt.execution.junit.TestsRepeater.repeat(TestsRepeater.java:11)
  at com.intellij.rt.junit.IdeaTestRunner$Repeater.startRunnerWithArgs(IdeaTestRunner.java:35)
  at com.intellij.rt.junit.JUnitStarter.prepareStreamsAndStart(JUnitStarter.java:231)
  at com.intellij.rt.junit.JUnitStarter.main(JUnitStarter.java:55)
════════════════════════════════════════════════════════════

════════════════════════════════════════════════════════════
[ERROR] 2026-05-22 21:56:11
────────────────────────────────────────────────────────────
Mensaje    : Single argument error
════════════════════════════════════════════════════════════

[INFO] 2026-05-22 21:56:11 — Information log message

════════════════════════════════════════════════════════════
[ERROR] 2026-05-22 21:56:11
────────────────────────────────────────────────────────────
Mensaje    : Test error message
Contexto   : Custom Extra Context
Excepción  : java.lang.RuntimeException
Detalle    : Runtime wrapper
Causa raíz : Root bad argument
StackTrace :
  at test.ExceptionsTest.testGameLoggerComprehensive(ExceptionsTest.java:90)
  at java.base/jdk.internal.reflect.DirectMethodHandleAccessor.invoke(DirectMethodHandleAccessor.java:104)
  at java.base/java.lang.reflect.Method.invoke(Method.java:565)
  at org.junit.runners.model.FrameworkMethod$1.runReflectiveCall(FrameworkMethod.java:59)
  at org.junit.internal.runners.model.ReflectiveCallable.run(ReflectiveCallable.java:12)
  at org.junit.runners.model.FrameworkMethod.invokeExplosively(FrameworkMethod.java:56)
  at org.junit.internal.runners.statements.InvokeMethod.evaluate(InvokeMethod.java:17)
  at org.junit.runners.ParentRunner$3.evaluate(ParentRunner.java:306)
  at org.junit.runners.BlockJUnit4ClassRunner$1.evaluate(BlockJUnit4ClassRunner.java:100)
  at org.junit.runners.ParentRunner.runLeaf(ParentRunner.java:366)
  at org.junit.runners.BlockJUnit4ClassRunner.runChild(BlockJUnit4ClassRunner.java:103)
  at org.junit.runners.BlockJUnit4ClassRunner.runChild(BlockJUnit4ClassRunner.java:63)
  at org.junit.runners.ParentRunner$4.run(ParentRunner.java:331)
  at org.junit.runners.ParentRunner$1.schedule(ParentRunner.java:79)
  at org.junit.runners.ParentRunner.runChildren(ParentRunner.java:329)
  at org.junit.runners.ParentRunner.access$100(ParentRunner.java:66)
  at org.junit.runners.ParentRunner$2.evaluate(ParentRunner.java:293)
  at org.junit.runners.ParentRunner$3.evaluate(ParentRunner.java:306)
  at org.junit.runners.ParentRunner.run(ParentRunner.java:413)
  at org.junit.runners.Suite.runChild(Suite.java:128)
  at org.junit.runners.Suite.runChild(Suite.java:27)
  at org.junit.runners.ParentRunner$4.run(ParentRunner.java:331)
  at org.junit.runners.ParentRunner$1.schedule(ParentRunner.java:79)
  at org.junit.runners.ParentRunner.runChildren(ParentRunner.java:329)
  at org.junit.runners.ParentRunner.access$100(ParentRunner.java:66)
  at org.junit.runners.ParentRunner$2.evaluate(ParentRunner.java:293)
  at org.junit.runners.ParentRunner$3.evaluate(ParentRunner.java:306)
  at org.junit.runners.ParentRunner.run(ParentRunner.java:413)
  at org.junit.runner.JUnitCore.run(JUnitCore.java:137)
  at com.intellij.junit4.JUnit4IdeaTestRunner.startRunnerWithArgs(JUnit4IdeaTestRunner.java:69)
  at com.intellij.rt.junit.IdeaTestRunner$Repeater$1.execute(IdeaTestRunner.java:38)
  at com.intellij.rt.execution.junit.TestsRepeater.repeat(TestsRepeater.java:11)
  at com.intellij.rt.junit.IdeaTestRunner$Repeater.startRunnerWithArgs(IdeaTestRunner.java:35)
  at com.intellij.rt.junit.JUnitStarter.prepareStreamsAndStart(JUnitStarter.java:231)
  at com.intellij.rt.junit.JUnitStarter.main(JUnitStarter.java:55)
════════════════════════════════════════════════════════════
may 22, 2026 9:56:11 P. M. main.domain.GameConfiguration parseDimension
SEVERE: ROWS o COLS requiere un valor numérico
may 22, 2026 9:56:11 P. M. main.domain.GameConfiguration validate
SEVERE: Dimensiones inválidas: -5x10
may 22, 2026 9:56:11 P. M. main.domain.GameConfiguration validate
SEVERE: Tiempo 5s menor al mínimo (10s)
may 22, 2026 9:56:11 P. M. main.domain.GameConfiguration validate
SEVERE: Falta SAFE_START en la configuración
may 22, 2026 9:56:11 P. M. main.domain.GameConfiguration validate
SEVERE: Falta SAFE_FINAL en la configuración
may 22, 2026 9:56:11 P. M. main.domain.GameConfiguration parseZoneLine
SEVERE: ZONA requiere fila, col, filas y cols
may 22, 2026 9:56:11 P. M. main.domain.GameConfiguration parseEnemy
SEVERE: ENEMY requiere tipo, fila y columna
may 22, 2026 9:56:11 P. M. main.domain.GameConfiguration parseEnemy
SEVERE: Tipo de enemigo desconocido: UNKNOWN
may 22, 2026 9:56:11 P. M. main.domain.GameConfiguration parseSpinnerEnemy
SEVERE: ENEMY SPINNER requiere filaCentro colCentro radio indexInicial horario velocidad
may 22, 2026 9:56:11 P. M. main.domain.GameConfiguration parseBasicEnemy
SEVERE: ENEMY BASIC requiere fila, columna y dirección
may 22, 2026 9:56:11 P. M. main.domain.GameConfiguration parseBasicEnemy
SEVERE: horizontalStep no aplica con dirección VERTICAL: LEFT
may 22, 2026 9:56:11 P. M. main.domain.GameConfiguration parseAcceleratedEnemy
SEVERE: ENEMY ACCEL requiere fila, columna y dirección
may 22, 2026 9:56:11 P. M. main.domain.GameConfiguration parseAcceleratedEnemy
SEVERE: Dirección ACCEL inválida: DIAGONAL
may 22, 2026 9:56:11 P. M. main.domain.GameConfiguration parseAcceleratedEnemy
SEVERE: horizontalStep no aplica con dirección VERTICAL: LEFT
may 22, 2026 9:56:11 P. M. main.domain.GameConfiguration parsePatrolEnemy
SEVERE: ENEMY PATROL requiere fila col filas cols o fila col zonaFila zonaCol filasZona colsZona
may 22, 2026 9:56:11 P. M. main.domain.GameConfiguration parseDirectionToken
SEVERE: Dirección de enemigo inválida: DIAGONAL
may 22, 2026 9:56:11 P. M. main.domain.GameConfiguration parseHorizontalStep
SEVERE: Sentido horizontal inválido: UP
may 22, 2026 9:56:11 P. M. main.domain.GameConfiguration load
SEVERE: Archivo no encontrado: archivo_no_existente_987654321.txt
java.nio.file.NoSuchFileException: archivo_no_existente_987654321.txt
	at java.base/sun.nio.fs.WindowsException.translateToIOException(WindowsException.java:85)
	at java.base/sun.nio.fs.WindowsException.rethrowAsIOException(WindowsException.java:103)
	at java.base/sun.nio.fs.WindowsException.rethrowAsIOException(WindowsException.java:108)
	at java.base/sun.nio.fs.WindowsFileSystemProvider.newByteChannel(WindowsFileSystemProvider.java:231)
	at java.base/java.nio.file.Files.newByteChannel(Files.java:357)
	at java.base/java.nio.file.Files.newByteChannel(Files.java:399)
	at java.base/java.nio.file.spi.FileSystemProvider.newInputStream(FileSystemProvider.java:371)
	at java.base/java.nio.file.Files.newInputStream(Files.java:154)
	at java.base/java.nio.file.Files.newBufferedReader(Files.java:2642)
	at java.base/java.nio.file.Files.readAllLines(Files.java:3082)
	at main.domain.GameConfiguration.load(GameConfiguration.java:55)
	at test.GameConfigurationTest.testErrorParsingBranches(GameConfigurationTest.java:240)
	at java.base/jdk.internal.reflect.DirectMethodHandleAccessor.invoke(DirectMethodHandleAccessor.java:104)
	at java.base/java.lang.reflect.Method.invoke(Method.java:565)
	at org.junit.runners.model.FrameworkMethod$1.runReflectiveCall(FrameworkMethod.java:59)
	at org.junit.internal.runners.model.ReflectiveCallable.run(ReflectiveCallable.java:12)
	at org.junit.runners.model.FrameworkMethod.invokeExplosively(FrameworkMethod.java:56)
	at org.junit.internal.runners.statements.InvokeMethod.evaluate(InvokeMethod.java:17)
	at org.junit.internal.runners.statements.RunBefores.evaluate(RunBefores.java:26)
	at org.junit.internal.runners.statements.RunAfters.evaluate(RunAfters.java:27)
	at org.junit.runners.ParentRunner$3.evaluate(ParentRunner.java:306)
	at org.junit.runners.BlockJUnit4ClassRunner$1.evaluate(BlockJUnit4ClassRunner.java:100)
	at org.junit.runners.ParentRunner.runLeaf(ParentRunner.java:366)
	at org.junit.runners.BlockJUnit4ClassRunner.runChild(BlockJUnit4ClassRunner.java:103)
	at org.junit.runners.BlockJUnit4ClassRunner.runChild(BlockJUnit4ClassRunner.java:63)
	at org.junit.runners.ParentRunner$4.run(ParentRunner.java:331)
	at org.junit.runners.ParentRunner$1.schedule(ParentRunner.java:79)
	at org.junit.runners.ParentRunner.runChildren(ParentRunner.java:329)
	at org.junit.runners.ParentRunner.access$100(ParentRunner.java:66)
	at org.junit.runners.ParentRunner$2.evaluate(ParentRunner.java:293)
	at org.junit.runners.ParentRunner$3.evaluate(ParentRunner.java:306)
	at org.junit.runners.ParentRunner.run(ParentRunner.java:413)
	at org.junit.runners.Suite.runChild(Suite.java:128)
	at org.junit.runners.Suite.runChild(Suite.java:27)
	at org.junit.runners.ParentRunner$4.run(ParentRunner.java:331)
	at org.junit.runners.ParentRunner$1.schedule(ParentRunner.java:79)
	at org.junit.runners.ParentRunner.runChildren(ParentRunner.java:329)
	at org.junit.runners.ParentRunner.access$100(ParentRunner.java:66)
	at org.junit.runners.ParentRunner$2.evaluate(ParentRunner.java:293)
	at org.junit.runners.ParentRunner$3.evaluate(ParentRunner.java:306)
	at org.junit.runners.ParentRunner.run(ParentRunner.java:413)
	at org.junit.runner.JUnitCore.run(JUnitCore.java:137)
	at com.intellij.junit4.JUnit4IdeaTestRunner.startRunnerWithArgs(JUnit4IdeaTestRunner.java:69)
	at com.intellij.rt.junit.IdeaTestRunner$Repeater$1.execute(IdeaTestRunner.java:38)
	at com.intellij.rt.execution.junit.TestsRepeater.repeat(TestsRepeater.java:11)
	at com.intellij.rt.junit.IdeaTestRunner$Repeater.startRunnerWithArgs(IdeaTestRunner.java:35)
	at com.intellij.rt.junit.JUnitStarter.prepareStreamsAndStart(JUnitStarter.java:231)
	at com.intellij.rt.junit.JUnitStarter.main(JUnitStarter.java:55)

may 22, 2026 9:56:11 P. M. main.domain.GameConfiguration parseLine
WARNING: Comando desconocido en archivo: UNKNOWN_CMD
may 22, 2026 9:56:11 P. M. main.domain.GameConfiguration validate
SEVERE: Falta SAFE_START en la configuración
may 22, 2026 9:56:11 P. M. main.domain.GameConfiguration validateNotOnWall
SEVERE: COIN colocado sobre un muro en (2,4)

[INFO] 2026-05-22 21:56:11 — Clyde absorbió un golpe con su escudo

[INFO] 2026-05-22 21:56:11 — Vida extra para Jugador 1 (total: 1)

[INFO] 2026-05-22 21:56:11 — Clyde absorbió un golpe con su escudo

[INFO] 2026-05-22 21:56:11 — Vida extra absorbió un golpe para Jugador 1 (restantes: 0)

[INFO] 2026-05-22 21:56:11 — Clyde absorbió un golpe con su escudo

[INFO] 2026-05-22 21:56:11 — Moneda skin: Jugador 1 cambió a Azul (Inky) hasta morir

[INFO] 2026-05-22 21:56:11 — Colisión jugador-jugador: ambos reiniciados a inicio

[INFO] 2026-05-22 21:56:11 — Checkpoint intermedio activado — monedas previas fijadas
may 22, 2026 9:56:11 P. M. main.domain.HardestGame movePlayer
SEVERE: movePlayer no permitido en estado PAUSED

[INFO] 2026-05-22 21:56:11 — Vida extra para Jugador 1 (total: 1)

[INFO] 2026-05-22 21:56:11 — Vida extra para Jugador 1 (total: 1)

[INFO] 2026-05-22 21:56:11 — Checkpoint intermedio activado — monedas previas fijadas

[INFO] 2026-05-22 21:56:11 — Checkpoint intermedio activado — monedas previas fijadas
may 22, 2026 9:56:11 P. M. main.domain.HardestGame moveSecondPlayer
SEVERE: moveSecondPlayer no permitido en estado PAUSED
may 22, 2026 9:56:11 P. M. main.domain.HardestGame loadConfiguration
SEVERE: No se puede cargar nivel: partida en estado PLAYING
may 22, 2026 9:56:11 P. M. main.domain.HardestGame createPlayer
SEVERE: Skin no registrado: Skin Inexistente 123
may 22, 2026 9:56:11 P. M. main.domain.HardestGame moveSecondPlayer
SEVERE: moveSecondPlayer sin modo dos jugadores activo
may 22, 2026 9:56:11 P. M. main.domain.GameConfiguration parseLine
WARNING: Comando desconocido en archivo: SAFE_INTER
may 22, 2026 9:56:11 P. M. main.domain.GameConfiguration parseLine
WARNING: Comando desconocido en archivo: SAFE_INTER

[INFO] 2026-05-22 21:56:11 — Vida extra para Jugador 1 (total: 1)

[INFO] 2026-05-22 21:56:11 — Vida extra para Jugador 1 (total: 1)

[INFO] 2026-05-22 21:56:12 — Vida extra para Jugador 1 (total: 1)

[INFO] 2026-05-22 21:56:12 — Vida extra absorbió un golpe para Jugador 1 (restantes: 0)

[INFO] 2026-05-22 21:56:12 — Vida extra para Jugador 1 (total: 1)

[INFO] 2026-05-22 21:56:12 — Vida extra para Jugador 1 (total: 1)

[INFO] 2026-05-22 21:56:12 — Vida extra absorbió un golpe para Jugador 1 (restantes: 0)
may 22, 2026 9:56:12 P. M. main.domain.Coin collect
SEVERE: Moneda ya recolectada en (3,5)
may 22, 2026 9:57:29 P. M. main.domain.Board setWall
SEVERE: Muro fuera del tablero en (-1,0)

════════════════════════════════════════════════════════════
[ERROR] 2026-05-22 21:57:29
────────────────────────────────────────────────────────────
Mensaje    : Mock error message
Excepción  : java.lang.NullPointerException
Detalle    : Mock unexpected exception for test
StackTrace :
  at test.ExceptionsTest.testGameLoggerUnexpectedErrorLogging(ExceptionsTest.java:47)
  at java.base/jdk.internal.reflect.DirectMethodHandleAccessor.invoke(DirectMethodHandleAccessor.java:104)
  at java.base/java.lang.reflect.Method.invoke(Method.java:565)
  at org.junit.runners.model.FrameworkMethod$1.runReflectiveCall(FrameworkMethod.java:59)
  at org.junit.internal.runners.model.ReflectiveCallable.run(ReflectiveCallable.java:12)
  at org.junit.runners.model.FrameworkMethod.invokeExplosively(FrameworkMethod.java:56)
  at org.junit.internal.runners.statements.InvokeMethod.evaluate(InvokeMethod.java:17)
  at org.junit.runners.ParentRunner$3.evaluate(ParentRunner.java:306)
  at org.junit.runners.BlockJUnit4ClassRunner$1.evaluate(BlockJUnit4ClassRunner.java:100)
  at org.junit.runners.ParentRunner.runLeaf(ParentRunner.java:366)
  at org.junit.runners.BlockJUnit4ClassRunner.runChild(BlockJUnit4ClassRunner.java:103)
  at org.junit.runners.BlockJUnit4ClassRunner.runChild(BlockJUnit4ClassRunner.java:63)
  at org.junit.runners.ParentRunner$4.run(ParentRunner.java:331)
  at org.junit.runners.ParentRunner$1.schedule(ParentRunner.java:79)
  at org.junit.runners.ParentRunner.runChildren(ParentRunner.java:329)
  at org.junit.runners.ParentRunner.access$100(ParentRunner.java:66)
  at org.junit.runners.ParentRunner$2.evaluate(ParentRunner.java:293)
  at org.junit.runners.ParentRunner$3.evaluate(ParentRunner.java:306)
  at org.junit.runners.ParentRunner.run(ParentRunner.java:413)
  at org.junit.runners.Suite.runChild(Suite.java:128)
  at org.junit.runners.Suite.runChild(Suite.java:27)
  at org.junit.runners.ParentRunner$4.run(ParentRunner.java:331)
  at org.junit.runners.ParentRunner$1.schedule(ParentRunner.java:79)
  at org.junit.runners.ParentRunner.runChildren(ParentRunner.java:329)
  at org.junit.runners.ParentRunner.access$100(ParentRunner.java:66)
  at org.junit.runners.ParentRunner$2.evaluate(ParentRunner.java:293)
  at org.junit.runners.ParentRunner$3.evaluate(ParentRunner.java:306)
  at org.junit.runners.ParentRunner.run(ParentRunner.java:413)
  at org.junit.runner.JUnitCore.run(JUnitCore.java:137)
  at com.intellij.junit4.JUnit4IdeaTestRunner.startRunnerWithArgs(JUnit4IdeaTestRunner.java:69)
  at com.intellij.rt.junit.IdeaTestRunner$Repeater$1.execute(IdeaTestRunner.java:38)
  at com.intellij.rt.execution.junit.TestsRepeater.repeat(TestsRepeater.java:11)
  at com.intellij.rt.junit.IdeaTestRunner$Repeater.startRunnerWithArgs(IdeaTestRunner.java:35)
  at com.intellij.rt.junit.JUnitStarter.prepareStreamsAndStart(JUnitStarter.java:231)
  at com.intellij.rt.junit.JUnitStarter.main(JUnitStarter.java:55)
════════════════════════════════════════════════════════════

════════════════════════════════════════════════════════════
[ERROR] 2026-05-22 21:57:29
────────────────────────────────────────────────────────────
Mensaje    : Single argument error
════════════════════════════════════════════════════════════

[INFO] 2026-05-22 21:57:29 — Information log message

════════════════════════════════════════════════════════════
[ERROR] 2026-05-22 21:57:29
────────────────────────────────────────────────────────────
Mensaje    : Test error message
Contexto   : Custom Extra Context
Excepción  : java.lang.RuntimeException
Detalle    : Runtime wrapper
Causa raíz : Root bad argument
StackTrace :
  at test.ExceptionsTest.testGameLoggerComprehensive(ExceptionsTest.java:90)
  at java.base/jdk.internal.reflect.DirectMethodHandleAccessor.invoke(DirectMethodHandleAccessor.java:104)
  at java.base/java.lang.reflect.Method.invoke(Method.java:565)
  at org.junit.runners.model.FrameworkMethod$1.runReflectiveCall(FrameworkMethod.java:59)
  at org.junit.internal.runners.model.ReflectiveCallable.run(ReflectiveCallable.java:12)
  at org.junit.runners.model.FrameworkMethod.invokeExplosively(FrameworkMethod.java:56)
  at org.junit.internal.runners.statements.InvokeMethod.evaluate(InvokeMethod.java:17)
  at org.junit.runners.ParentRunner$3.evaluate(ParentRunner.java:306)
  at org.junit.runners.BlockJUnit4ClassRunner$1.evaluate(BlockJUnit4ClassRunner.java:100)
  at org.junit.runners.ParentRunner.runLeaf(ParentRunner.java:366)
  at org.junit.runners.BlockJUnit4ClassRunner.runChild(BlockJUnit4ClassRunner.java:103)
  at org.junit.runners.BlockJUnit4ClassRunner.runChild(BlockJUnit4ClassRunner.java:63)
  at org.junit.runners.ParentRunner$4.run(ParentRunner.java:331)
  at org.junit.runners.ParentRunner$1.schedule(ParentRunner.java:79)
  at org.junit.runners.ParentRunner.runChildren(ParentRunner.java:329)
  at org.junit.runners.ParentRunner.access$100(ParentRunner.java:66)
  at org.junit.runners.ParentRunner$2.evaluate(ParentRunner.java:293)
  at org.junit.runners.ParentRunner$3.evaluate(ParentRunner.java:306)
  at org.junit.runners.ParentRunner.run(ParentRunner.java:413)
  at org.junit.runners.Suite.runChild(Suite.java:128)
  at org.junit.runners.Suite.runChild(Suite.java:27)
  at org.junit.runners.ParentRunner$4.run(ParentRunner.java:331)
  at org.junit.runners.ParentRunner$1.schedule(ParentRunner.java:79)
  at org.junit.runners.ParentRunner.runChildren(ParentRunner.java:329)
  at org.junit.runners.ParentRunner.access$100(ParentRunner.java:66)
  at org.junit.runners.ParentRunner$2.evaluate(ParentRunner.java:293)
  at org.junit.runners.ParentRunner$3.evaluate(ParentRunner.java:306)
  at org.junit.runners.ParentRunner.run(ParentRunner.java:413)
  at org.junit.runner.JUnitCore.run(JUnitCore.java:137)
  at com.intellij.junit4.JUnit4IdeaTestRunner.startRunnerWithArgs(JUnit4IdeaTestRunner.java:69)
  at com.intellij.rt.junit.IdeaTestRunner$Repeater$1.execute(IdeaTestRunner.java:38)
  at com.intellij.rt.execution.junit.TestsRepeater.repeat(TestsRepeater.java:11)
  at com.intellij.rt.junit.IdeaTestRunner$Repeater.startRunnerWithArgs(IdeaTestRunner.java:35)
  at com.intellij.rt.junit.JUnitStarter.prepareStreamsAndStart(JUnitStarter.java:231)
  at com.intellij.rt.junit.JUnitStarter.main(JUnitStarter.java:55)
════════════════════════════════════════════════════════════
may 22, 2026 9:57:29 P. M. main.domain.GameConfiguration parseDimension
SEVERE: ROWS o COLS requiere un valor numérico
may 22, 2026 9:57:29 P. M. main.domain.GameConfiguration validate
SEVERE: Dimensiones inválidas: -5x10
may 22, 2026 9:57:29 P. M. main.domain.GameConfiguration validate
SEVERE: Tiempo 5s menor al mínimo (10s)
may 22, 2026 9:57:29 P. M. main.domain.GameConfiguration validate
SEVERE: Falta SAFE_START en la configuración
may 22, 2026 9:57:29 P. M. main.domain.GameConfiguration validate
SEVERE: Falta SAFE_FINAL en la configuración
may 22, 2026 9:57:29 P. M. main.domain.GameConfiguration parseZoneLine
SEVERE: ZONA requiere fila, col, filas y cols
may 22, 2026 9:57:29 P. M. main.domain.GameConfiguration parseEnemy
SEVERE: ENEMY requiere tipo, fila y columna
may 22, 2026 9:57:29 P. M. main.domain.GameConfiguration parseEnemy
SEVERE: Tipo de enemigo desconocido: UNKNOWN
may 22, 2026 9:57:29 P. M. main.domain.GameConfiguration parseSpinnerEnemy
SEVERE: ENEMY SPINNER requiere filaCentro colCentro radio indexInicial horario velocidad
may 22, 2026 9:57:29 P. M. main.domain.GameConfiguration parseBasicEnemy
SEVERE: ENEMY BASIC requiere fila, columna y dirección
may 22, 2026 9:57:29 P. M. main.domain.GameConfiguration parseBasicEnemy
SEVERE: horizontalStep no aplica con dirección VERTICAL: LEFT
may 22, 2026 9:57:29 P. M. main.domain.GameConfiguration parseAcceleratedEnemy
SEVERE: ENEMY ACCEL requiere fila, columna y dirección
may 22, 2026 9:57:29 P. M. main.domain.GameConfiguration parseAcceleratedEnemy
SEVERE: Dirección ACCEL inválida: DIAGONAL
may 22, 2026 9:57:29 P. M. main.domain.GameConfiguration parseAcceleratedEnemy
SEVERE: horizontalStep no aplica con dirección VERTICAL: LEFT
may 22, 2026 9:57:29 P. M. main.domain.GameConfiguration parsePatrolEnemy
SEVERE: ENEMY PATROL requiere fila col filas cols o fila col zonaFila zonaCol filasZona colsZona
may 22, 2026 9:57:29 P. M. main.domain.GameConfiguration parseDirectionToken
SEVERE: Dirección de enemigo inválida: DIAGONAL
may 22, 2026 9:57:29 P. M. main.domain.GameConfiguration parseHorizontalStep
SEVERE: Sentido horizontal inválido: UP
may 22, 2026 9:57:29 P. M. main.domain.GameConfiguration load
SEVERE: Archivo no encontrado: archivo_no_existente_987654321.txt
java.nio.file.NoSuchFileException: archivo_no_existente_987654321.txt
	at java.base/sun.nio.fs.WindowsException.translateToIOException(WindowsException.java:85)
	at java.base/sun.nio.fs.WindowsException.rethrowAsIOException(WindowsException.java:103)
	at java.base/sun.nio.fs.WindowsException.rethrowAsIOException(WindowsException.java:108)
	at java.base/sun.nio.fs.WindowsFileSystemProvider.newByteChannel(WindowsFileSystemProvider.java:231)
	at java.base/java.nio.file.Files.newByteChannel(Files.java:357)
	at java.base/java.nio.file.Files.newByteChannel(Files.java:399)
	at java.base/java.nio.file.spi.FileSystemProvider.newInputStream(FileSystemProvider.java:371)
	at java.base/java.nio.file.Files.newInputStream(Files.java:154)
	at java.base/java.nio.file.Files.newBufferedReader(Files.java:2642)
	at java.base/java.nio.file.Files.readAllLines(Files.java:3082)
	at main.domain.GameConfiguration.load(GameConfiguration.java:55)
	at test.GameConfigurationTest.testErrorParsingBranches(GameConfigurationTest.java:240)
	at java.base/jdk.internal.reflect.DirectMethodHandleAccessor.invoke(DirectMethodHandleAccessor.java:104)
	at java.base/java.lang.reflect.Method.invoke(Method.java:565)
	at org.junit.runners.model.FrameworkMethod$1.runReflectiveCall(FrameworkMethod.java:59)
	at org.junit.internal.runners.model.ReflectiveCallable.run(ReflectiveCallable.java:12)
	at org.junit.runners.model.FrameworkMethod.invokeExplosively(FrameworkMethod.java:56)
	at org.junit.internal.runners.statements.InvokeMethod.evaluate(InvokeMethod.java:17)
	at org.junit.internal.runners.statements.RunBefores.evaluate(RunBefores.java:26)
	at org.junit.internal.runners.statements.RunAfters.evaluate(RunAfters.java:27)
	at org.junit.runners.ParentRunner$3.evaluate(ParentRunner.java:306)
	at org.junit.runners.BlockJUnit4ClassRunner$1.evaluate(BlockJUnit4ClassRunner.java:100)
	at org.junit.runners.ParentRunner.runLeaf(ParentRunner.java:366)
	at org.junit.runners.BlockJUnit4ClassRunner.runChild(BlockJUnit4ClassRunner.java:103)
	at org.junit.runners.BlockJUnit4ClassRunner.runChild(BlockJUnit4ClassRunner.java:63)
	at org.junit.runners.ParentRunner$4.run(ParentRunner.java:331)
	at org.junit.runners.ParentRunner$1.schedule(ParentRunner.java:79)
	at org.junit.runners.ParentRunner.runChildren(ParentRunner.java:329)
	at org.junit.runners.ParentRunner.access$100(ParentRunner.java:66)
	at org.junit.runners.ParentRunner$2.evaluate(ParentRunner.java:293)
	at org.junit.runners.ParentRunner$3.evaluate(ParentRunner.java:306)
	at org.junit.runners.ParentRunner.run(ParentRunner.java:413)
	at org.junit.runners.Suite.runChild(Suite.java:128)
	at org.junit.runners.Suite.runChild(Suite.java:27)
	at org.junit.runners.ParentRunner$4.run(ParentRunner.java:331)
	at org.junit.runners.ParentRunner$1.schedule(ParentRunner.java:79)
	at org.junit.runners.ParentRunner.runChildren(ParentRunner.java:329)
	at org.junit.runners.ParentRunner.access$100(ParentRunner.java:66)
	at org.junit.runners.ParentRunner$2.evaluate(ParentRunner.java:293)
	at org.junit.runners.ParentRunner$3.evaluate(ParentRunner.java:306)
	at org.junit.runners.ParentRunner.run(ParentRunner.java:413)
	at org.junit.runner.JUnitCore.run(JUnitCore.java:137)
	at com.intellij.junit4.JUnit4IdeaTestRunner.startRunnerWithArgs(JUnit4IdeaTestRunner.java:69)
	at com.intellij.rt.junit.IdeaTestRunner$Repeater$1.execute(IdeaTestRunner.java:38)
	at com.intellij.rt.execution.junit.TestsRepeater.repeat(TestsRepeater.java:11)
	at com.intellij.rt.junit.IdeaTestRunner$Repeater.startRunnerWithArgs(IdeaTestRunner.java:35)
	at com.intellij.rt.junit.JUnitStarter.prepareStreamsAndStart(JUnitStarter.java:231)
	at com.intellij.rt.junit.JUnitStarter.main(JUnitStarter.java:55)

may 22, 2026 9:57:29 P. M. main.domain.GameConfiguration parseLine
WARNING: Comando desconocido en archivo: UNKNOWN_CMD
may 22, 2026 9:57:29 P. M. main.domain.GameConfiguration validate
SEVERE: Falta SAFE_START en la configuración
may 22, 2026 9:57:29 P. M. main.domain.GameConfiguration validateNotOnWall
SEVERE: COIN colocado sobre un muro en (2,4)

[INFO] 2026-05-22 21:57:29 — Clyde absorbió un golpe con su escudo

[INFO] 2026-05-22 21:57:29 — Vida extra para Jugador 1 (total: 1)

[INFO] 2026-05-22 21:57:29 — Clyde absorbió un golpe con su escudo

[INFO] 2026-05-22 21:57:29 — Vida extra absorbió un golpe para Jugador 1 (restantes: 0)

[INFO] 2026-05-22 21:57:29 — Clyde absorbió un golpe con su escudo

[INFO] 2026-05-22 21:57:29 — Moneda skin: Jugador 1 cambió a Azul (Inky) hasta morir

[INFO] 2026-05-22 21:57:29 — Colisión jugador-jugador: ambos reiniciados a inicio

[INFO] 2026-05-22 21:57:29 — Checkpoint intermedio activado — monedas previas fijadas
may 22, 2026 9:57:29 P. M. main.domain.HardestGame movePlayer
SEVERE: movePlayer no permitido en estado PAUSED

[INFO] 2026-05-22 21:57:29 — Vida extra para Jugador 1 (total: 1)

[INFO] 2026-05-22 21:57:29 — Vida extra para Jugador 1 (total: 1)

[INFO] 2026-05-22 21:57:29 — Checkpoint intermedio activado — monedas previas fijadas

[INFO] 2026-05-22 21:57:29 — Checkpoint intermedio activado — monedas previas fijadas
may 22, 2026 9:57:29 P. M. main.domain.HardestGame moveSecondPlayer
SEVERE: moveSecondPlayer no permitido en estado PAUSED
may 22, 2026 9:57:29 P. M. main.domain.HardestGame loadConfiguration
SEVERE: No se puede cargar nivel: partida en estado PLAYING
may 22, 2026 9:57:29 P. M. main.domain.HardestGame createPlayer
SEVERE: Skin no registrado: Skin Inexistente 123
may 22, 2026 9:57:29 P. M. main.domain.HardestGame moveSecondPlayer
SEVERE: moveSecondPlayer sin modo dos jugadores activo
may 22, 2026 9:57:30 P. M. main.domain.GameConfiguration parseLine
WARNING: Comando desconocido en archivo: SAFE_INTER
may 22, 2026 9:57:30 P. M. main.domain.GameConfiguration parseLine
WARNING: Comando desconocido en archivo: SAFE_INTER

[INFO] 2026-05-22 21:57:30 — Vida extra para Jugador 1 (total: 1)

[INFO] 2026-05-22 21:57:30 — Vida extra para Jugador 1 (total: 1)

[INFO] 2026-05-22 21:57:30 — Vida extra para Jugador 1 (total: 1)

[INFO] 2026-05-22 21:57:30 — Vida extra absorbió un golpe para Jugador 1 (restantes: 0)

[INFO] 2026-05-22 21:57:30 — Vida extra para Jugador 1 (total: 1)

[INFO] 2026-05-22 21:57:30 — Vida extra para Jugador 1 (total: 1)

[INFO] 2026-05-22 21:57:30 — Vida extra absorbió un golpe para Jugador 1 (restantes: 0)
may 22, 2026 9:57:30 P. M. main.domain.Coin collect
SEVERE: Moneda ya recolectada en (3,5)

[INFO] 2026-05-22 21:58:36 — Moneda skin: Jugador 1 cambió a Azul (Inky) hasta morir

[INFO] 2026-05-22 21:58:47 — Clyde absorbió un golpe con su escudo

[INFO] 2026-05-22 21:58:55 — Moneda skin: Jugador 2 cambió a Rojo (Blinky) hasta morir

[INFO] 2026-05-22 21:58:55 — Moneda skin: Jugador 2 cambió a Azul (Inky) hasta morir
may 22, 2026 11:15:17 P. M. main.domain.Board setWall
SEVERE: Muro fuera del tablero en (-1,0)

════════════════════════════════════════════════════════════
[ERROR] 2026-05-22 23:15:18
────────────────────────────────────────────────────────────
Mensaje    : Mock error message
Excepción  : java.lang.NullPointerException
Detalle    : Mock unexpected exception for test
StackTrace :
  at test.ExceptionsTest.testGameLoggerUnexpectedErrorLogging(ExceptionsTest.java:47)
  at java.base/jdk.internal.reflect.DirectMethodHandleAccessor.invoke(DirectMethodHandleAccessor.java:104)
  at java.base/java.lang.reflect.Method.invoke(Method.java:565)
  at org.junit.runners.model.FrameworkMethod$1.runReflectiveCall(FrameworkMethod.java:59)
  at org.junit.internal.runners.model.ReflectiveCallable.run(ReflectiveCallable.java:12)
  at org.junit.runners.model.FrameworkMethod.invokeExplosively(FrameworkMethod.java:56)
  at org.junit.internal.runners.statements.InvokeMethod.evaluate(InvokeMethod.java:17)
  at org.junit.runners.ParentRunner$3.evaluate(ParentRunner.java:306)
  at org.junit.runners.BlockJUnit4ClassRunner$1.evaluate(BlockJUnit4ClassRunner.java:100)
  at org.junit.runners.ParentRunner.runLeaf(ParentRunner.java:366)
  at org.junit.runners.BlockJUnit4ClassRunner.runChild(BlockJUnit4ClassRunner.java:103)
  at org.junit.runners.BlockJUnit4ClassRunner.runChild(BlockJUnit4ClassRunner.java:63)
  at org.junit.runners.ParentRunner$4.run(ParentRunner.java:331)
  at org.junit.runners.ParentRunner$1.schedule(ParentRunner.java:79)
  at org.junit.runners.ParentRunner.runChildren(ParentRunner.java:329)
  at org.junit.runners.ParentRunner.access$100(ParentRunner.java:66)
  at org.junit.runners.ParentRunner$2.evaluate(ParentRunner.java:293)
  at org.junit.runners.ParentRunner$3.evaluate(ParentRunner.java:306)
  at org.junit.runners.ParentRunner.run(ParentRunner.java:413)
  at org.junit.runners.Suite.runChild(Suite.java:128)
  at org.junit.runners.Suite.runChild(Suite.java:27)
  at org.junit.runners.ParentRunner$4.run(ParentRunner.java:331)
  at org.junit.runners.ParentRunner$1.schedule(ParentRunner.java:79)
  at org.junit.runners.ParentRunner.runChildren(ParentRunner.java:329)
  at org.junit.runners.ParentRunner.access$100(ParentRunner.java:66)
  at org.junit.runners.ParentRunner$2.evaluate(ParentRunner.java:293)
  at org.junit.runners.ParentRunner$3.evaluate(ParentRunner.java:306)
  at org.junit.runners.ParentRunner.run(ParentRunner.java:413)
  at org.junit.runner.JUnitCore.run(JUnitCore.java:137)
  at com.intellij.junit4.JUnit4IdeaTestRunner.startRunnerWithArgs(JUnit4IdeaTestRunner.java:69)
  at com.intellij.rt.junit.IdeaTestRunner$Repeater$1.execute(IdeaTestRunner.java:38)
  at com.intellij.rt.execution.junit.TestsRepeater.repeat(TestsRepeater.java:11)
  at com.intellij.rt.junit.IdeaTestRunner$Repeater.startRunnerWithArgs(IdeaTestRunner.java:35)
  at com.intellij.rt.junit.JUnitStarter.prepareStreamsAndStart(JUnitStarter.java:231)
  at com.intellij.rt.junit.JUnitStarter.main(JUnitStarter.java:55)
════════════════════════════════════════════════════════════

════════════════════════════════════════════════════════════
[ERROR] 2026-05-22 23:15:18
────────────────────────────────────────────────────────────
Mensaje    : Single argument error
════════════════════════════════════════════════════════════

[INFO] 2026-05-22 23:15:18 — Information log message

════════════════════════════════════════════════════════════
[ERROR] 2026-05-22 23:15:18
────────────────────────────────────────────────────────────
Mensaje    : Test error message
Contexto   : Custom Extra Context
Excepción  : java.lang.RuntimeException
Detalle    : Runtime wrapper
Causa raíz : Root bad argument
StackTrace :
  at test.ExceptionsTest.testGameLoggerComprehensive(ExceptionsTest.java:90)
  at java.base/jdk.internal.reflect.DirectMethodHandleAccessor.invoke(DirectMethodHandleAccessor.java:104)
  at java.base/java.lang.reflect.Method.invoke(Method.java:565)
  at org.junit.runners.model.FrameworkMethod$1.runReflectiveCall(FrameworkMethod.java:59)
  at org.junit.internal.runners.model.ReflectiveCallable.run(ReflectiveCallable.java:12)
  at org.junit.runners.model.FrameworkMethod.invokeExplosively(FrameworkMethod.java:56)
  at org.junit.internal.runners.statements.InvokeMethod.evaluate(InvokeMethod.java:17)
  at org.junit.runners.ParentRunner$3.evaluate(ParentRunner.java:306)
  at org.junit.runners.BlockJUnit4ClassRunner$1.evaluate(BlockJUnit4ClassRunner.java:100)
  at org.junit.runners.ParentRunner.runLeaf(ParentRunner.java:366)
  at org.junit.runners.BlockJUnit4ClassRunner.runChild(BlockJUnit4ClassRunner.java:103)
  at org.junit.runners.BlockJUnit4ClassRunner.runChild(BlockJUnit4ClassRunner.java:63)
  at org.junit.runners.ParentRunner$4.run(ParentRunner.java:331)
  at org.junit.runners.ParentRunner$1.schedule(ParentRunner.java:79)
  at org.junit.runners.ParentRunner.runChildren(ParentRunner.java:329)
  at org.junit.runners.ParentRunner.access$100(ParentRunner.java:66)
  at org.junit.runners.ParentRunner$2.evaluate(ParentRunner.java:293)
  at org.junit.runners.ParentRunner$3.evaluate(ParentRunner.java:306)
  at org.junit.runners.ParentRunner.run(ParentRunner.java:413)
  at org.junit.runners.Suite.runChild(Suite.java:128)
  at org.junit.runners.Suite.runChild(Suite.java:27)
  at org.junit.runners.ParentRunner$4.run(ParentRunner.java:331)
  at org.junit.runners.ParentRunner$1.schedule(ParentRunner.java:79)
  at org.junit.runners.ParentRunner.runChildren(ParentRunner.java:329)
  at org.junit.runners.ParentRunner.access$100(ParentRunner.java:66)
  at org.junit.runners.ParentRunner$2.evaluate(ParentRunner.java:293)
  at org.junit.runners.ParentRunner$3.evaluate(ParentRunner.java:306)
  at org.junit.runners.ParentRunner.run(ParentRunner.java:413)
  at org.junit.runner.JUnitCore.run(JUnitCore.java:137)
  at com.intellij.junit4.JUnit4IdeaTestRunner.startRunnerWithArgs(JUnit4IdeaTestRunner.java:69)
  at com.intellij.rt.junit.IdeaTestRunner$Repeater$1.execute(IdeaTestRunner.java:38)
  at com.intellij.rt.execution.junit.TestsRepeater.repeat(TestsRepeater.java:11)
  at com.intellij.rt.junit.IdeaTestRunner$Repeater.startRunnerWithArgs(IdeaTestRunner.java:35)
  at com.intellij.rt.junit.JUnitStarter.prepareStreamsAndStart(JUnitStarter.java:231)
  at com.intellij.rt.junit.JUnitStarter.main(JUnitStarter.java:55)
════════════════════════════════════════════════════════════
may 22, 2026 11:15:18 P. M. main.domain.GameConfiguration parseDimension
SEVERE: ROWS o COLS requiere un valor numérico
may 22, 2026 11:15:18 P. M. main.domain.GameConfiguration validate
SEVERE: Dimensiones inválidas: -5x10
may 22, 2026 11:15:18 P. M. main.domain.GameConfiguration validate
SEVERE: Tiempo 5s menor al mínimo (10s)
may 22, 2026 11:15:18 P. M. main.domain.GameConfiguration validate
SEVERE: Falta SAFE_START en la configuración
may 22, 2026 11:15:18 P. M. main.domain.GameConfiguration validate
SEVERE: Falta SAFE_FINAL en la configuración
may 22, 2026 11:15:18 P. M. main.domain.GameConfiguration parseZoneLine
SEVERE: ZONA requiere fila, col, filas y cols
may 22, 2026 11:15:18 P. M. main.domain.GameConfiguration parseEnemy
SEVERE: ENEMY requiere tipo, fila y columna
may 22, 2026 11:15:18 P. M. main.domain.GameConfiguration parseEnemy
SEVERE: Tipo de enemigo desconocido: UNKNOWN
may 22, 2026 11:15:18 P. M. main.domain.GameConfiguration parseSpinnerEnemy
SEVERE: ENEMY SPINNER requiere filaCentro colCentro radio indexInicial horario velocidad
may 22, 2026 11:15:18 P. M. main.domain.GameConfiguration parseBasicEnemy
SEVERE: ENEMY BASIC requiere fila, columna y dirección
may 22, 2026 11:15:18 P. M. main.domain.GameConfiguration parseBasicEnemy
SEVERE: horizontalStep no aplica con dirección VERTICAL: LEFT
may 22, 2026 11:15:18 P. M. main.domain.GameConfiguration parseAcceleratedEnemy
SEVERE: ENEMY ACCEL requiere fila, columna y dirección
may 22, 2026 11:15:18 P. M. main.domain.GameConfiguration parseAcceleratedEnemy
SEVERE: Dirección ACCEL inválida: DIAGONAL
may 22, 2026 11:15:18 P. M. main.domain.GameConfiguration parseAcceleratedEnemy
SEVERE: horizontalStep no aplica con dirección VERTICAL: LEFT
may 22, 2026 11:15:18 P. M. main.domain.GameConfiguration parsePatrolEnemy
SEVERE: ENEMY PATROL requiere fila col filas cols o fila col zonaFila zonaCol filasZona colsZona
may 22, 2026 11:15:18 P. M. main.domain.GameConfiguration parseDirectionToken
SEVERE: Dirección de enemigo inválida: DIAGONAL
may 22, 2026 11:15:18 P. M. main.domain.GameConfiguration parseHorizontalStep
SEVERE: Sentido horizontal inválido: UP
may 22, 2026 11:15:18 P. M. main.domain.GameConfiguration load
SEVERE: Archivo no encontrado: archivo_no_existente_987654321.txt
java.nio.file.NoSuchFileException: archivo_no_existente_987654321.txt
	at java.base/sun.nio.fs.WindowsException.translateToIOException(WindowsException.java:85)
	at java.base/sun.nio.fs.WindowsException.rethrowAsIOException(WindowsException.java:103)
	at java.base/sun.nio.fs.WindowsException.rethrowAsIOException(WindowsException.java:108)
	at java.base/sun.nio.fs.WindowsFileSystemProvider.newByteChannel(WindowsFileSystemProvider.java:231)
	at java.base/java.nio.file.Files.newByteChannel(Files.java:357)
	at java.base/java.nio.file.Files.newByteChannel(Files.java:399)
	at java.base/java.nio.file.spi.FileSystemProvider.newInputStream(FileSystemProvider.java:371)
	at java.base/java.nio.file.Files.newInputStream(Files.java:154)
	at java.base/java.nio.file.Files.newBufferedReader(Files.java:2642)
	at java.base/java.nio.file.Files.readAllLines(Files.java:3082)
	at main.domain.GameConfiguration.load(GameConfiguration.java:52)
	at test.GameConfigurationTest.testErrorParsingBranches(GameConfigurationTest.java:240)
	at java.base/jdk.internal.reflect.DirectMethodHandleAccessor.invoke(DirectMethodHandleAccessor.java:104)
	at java.base/java.lang.reflect.Method.invoke(Method.java:565)
	at org.junit.runners.model.FrameworkMethod$1.runReflectiveCall(FrameworkMethod.java:59)
	at org.junit.internal.runners.model.ReflectiveCallable.run(ReflectiveCallable.java:12)
	at org.junit.runners.model.FrameworkMethod.invokeExplosively(FrameworkMethod.java:56)
	at org.junit.internal.runners.statements.InvokeMethod.evaluate(InvokeMethod.java:17)
	at org.junit.internal.runners.statements.RunBefores.evaluate(RunBefores.java:26)
	at org.junit.internal.runners.statements.RunAfters.evaluate(RunAfters.java:27)
	at org.junit.runners.ParentRunner$3.evaluate(ParentRunner.java:306)
	at org.junit.runners.BlockJUnit4ClassRunner$1.evaluate(BlockJUnit4ClassRunner.java:100)
	at org.junit.runners.ParentRunner.runLeaf(ParentRunner.java:366)
	at org.junit.runners.BlockJUnit4ClassRunner.runChild(BlockJUnit4ClassRunner.java:103)
	at org.junit.runners.BlockJUnit4ClassRunner.runChild(BlockJUnit4ClassRunner.java:63)
	at org.junit.runners.ParentRunner$4.run(ParentRunner.java:331)
	at org.junit.runners.ParentRunner$1.schedule(ParentRunner.java:79)
	at org.junit.runners.ParentRunner.runChildren(ParentRunner.java:329)
	at org.junit.runners.ParentRunner.access$100(ParentRunner.java:66)
	at org.junit.runners.ParentRunner$2.evaluate(ParentRunner.java:293)
	at org.junit.runners.ParentRunner$3.evaluate(ParentRunner.java:306)
	at org.junit.runners.ParentRunner.run(ParentRunner.java:413)
	at org.junit.runners.Suite.runChild(Suite.java:128)
	at org.junit.runners.Suite.runChild(Suite.java:27)
	at org.junit.runners.ParentRunner$4.run(ParentRunner.java:331)
	at org.junit.runners.ParentRunner$1.schedule(ParentRunner.java:79)
	at org.junit.runners.ParentRunner.runChildren(ParentRunner.java:329)
	at org.junit.runners.ParentRunner.access$100(ParentRunner.java:66)
	at org.junit.runners.ParentRunner$2.evaluate(ParentRunner.java:293)
	at org.junit.runners.ParentRunner$3.evaluate(ParentRunner.java:306)
	at org.junit.runners.ParentRunner.run(ParentRunner.java:413)
	at org.junit.runner.JUnitCore.run(JUnitCore.java:137)
	at com.intellij.junit4.JUnit4IdeaTestRunner.startRunnerWithArgs(JUnit4IdeaTestRunner.java:69)
	at com.intellij.rt.junit.IdeaTestRunner$Repeater$1.execute(IdeaTestRunner.java:38)
	at com.intellij.rt.execution.junit.TestsRepeater.repeat(TestsRepeater.java:11)
	at com.intellij.rt.junit.IdeaTestRunner$Repeater.startRunnerWithArgs(IdeaTestRunner.java:35)
	at com.intellij.rt.junit.JUnitStarter.prepareStreamsAndStart(JUnitStarter.java:231)
	at com.intellij.rt.junit.JUnitStarter.main(JUnitStarter.java:55)

may 22, 2026 11:15:18 P. M. main.domain.GameConfiguration parseLine
WARNING: Comando desconocido en archivo: UNKNOWN_CMD
may 22, 2026 11:15:18 P. M. main.domain.GameConfiguration validate
SEVERE: Falta SAFE_START en la configuración
may 22, 2026 11:15:18 P. M. main.domain.GameConfiguration validateNotOnWall
SEVERE: COIN colocado sobre un muro en (2,4)

[INFO] 2026-05-22 23:15:18 — Clyde absorbió un golpe con su escudo

[INFO] 2026-05-22 23:15:18 — Vida extra para Jugador 1 (total: 1)

[INFO] 2026-05-22 23:15:18 — Clyde absorbió un golpe con su escudo

[INFO] 2026-05-22 23:15:18 — Vida extra absorbió un golpe para Jugador 1 (restantes: 0)

[INFO] 2026-05-22 23:15:18 — Clyde absorbió un golpe con su escudo

[INFO] 2026-05-22 23:15:18 — Moneda skin: Jugador 1 cambió a Azul (Inky) hasta morir

[INFO] 2026-05-22 23:15:18 — Colisión jugador-jugador: ambos reiniciados a inicio

[INFO] 2026-05-22 23:15:18 — Checkpoint intermedio activado — monedas previas fijadas
may 22, 2026 11:15:18 P. M. main.domain.HardestGame movePlayer
SEVERE: movePlayer no permitido en estado PAUSED

[INFO] 2026-05-22 23:15:18 — Vida extra para Jugador 1 (total: 1)

[INFO] 2026-05-22 23:15:18 — Vida extra para Jugador 1 (total: 1)

[INFO] 2026-05-22 23:15:18 — Checkpoint intermedio activado — monedas previas fijadas

[INFO] 2026-05-22 23:15:18 — Checkpoint intermedio activado — monedas previas fijadas
may 22, 2026 11:15:18 P. M. main.domain.HardestGame moveSecondPlayer
SEVERE: moveSecondPlayer no permitido en estado PAUSED
may 22, 2026 11:15:18 P. M. main.domain.HardestGame loadConfiguration
SEVERE: No se puede cargar nivel: partida en estado PLAYING
may 22, 2026 11:15:18 P. M. main.domain.HardestGame createPlayer
SEVERE: Skin no registrado: Skin Inexistente 123
may 22, 2026 11:15:18 P. M. main.domain.HardestGame moveSecondPlayer
SEVERE: moveSecondPlayer sin modo dos jugadores activo
may 22, 2026 11:15:18 P. M. main.domain.GameConfiguration parseLine
WARNING: Comando desconocido en archivo: SAFE_INTER
may 22, 2026 11:15:18 P. M. main.domain.GameConfiguration load
SEVERE: Archivo no encontrado: configs/level_gemas.txt
java.nio.file.NoSuchFileException: configs\level_gemas.txt
	at java.base/sun.nio.fs.WindowsException.translateToIOException(WindowsException.java:85)
	at java.base/sun.nio.fs.WindowsException.rethrowAsIOException(WindowsException.java:103)
	at java.base/sun.nio.fs.WindowsException.rethrowAsIOException(WindowsException.java:108)
	at java.base/sun.nio.fs.WindowsFileSystemProvider.newByteChannel(WindowsFileSystemProvider.java:231)
	at java.base/java.nio.file.Files.newByteChannel(Files.java:357)
	at java.base/java.nio.file.Files.newByteChannel(Files.java:399)
	at java.base/java.nio.file.spi.FileSystemProvider.newInputStream(FileSystemProvider.java:371)
	at java.base/java.nio.file.Files.newInputStream(Files.java:154)
	at java.base/java.nio.file.Files.newBufferedReader(Files.java:2642)
	at java.base/java.nio.file.Files.readAllLines(Files.java:3082)
	at main.domain.GameConfiguration.load(GameConfiguration.java:52)
	at test.LoadAllLevelsTest.shouldLoadAllPackagedLevels(LoadAllLevelsTest.java:26)
	at java.base/jdk.internal.reflect.DirectMethodHandleAccessor.invoke(DirectMethodHandleAccessor.java:104)
	at java.base/java.lang.reflect.Method.invoke(Method.java:565)
	at org.junit.runners.model.FrameworkMethod$1.runReflectiveCall(FrameworkMethod.java:59)
	at org.junit.internal.runners.model.ReflectiveCallable.run(ReflectiveCallable.java:12)
	at org.junit.runners.model.FrameworkMethod.invokeExplosively(FrameworkMethod.java:56)
	at org.junit.internal.runners.statements.InvokeMethod.evaluate(InvokeMethod.java:17)
	at org.junit.runners.ParentRunner$3.evaluate(ParentRunner.java:306)
	at org.junit.runners.BlockJUnit4ClassRunner$1.evaluate(BlockJUnit4ClassRunner.java:100)
	at org.junit.runners.ParentRunner.runLeaf(ParentRunner.java:366)
	at org.junit.runners.BlockJUnit4ClassRunner.runChild(BlockJUnit4ClassRunner.java:103)
	at org.junit.runners.BlockJUnit4ClassRunner.runChild(BlockJUnit4ClassRunner.java:63)
	at org.junit.runners.ParentRunner$4.run(ParentRunner.java:331)
	at org.junit.runners.ParentRunner$1.schedule(ParentRunner.java:79)
	at org.junit.runners.ParentRunner.runChildren(ParentRunner.java:329)
	at org.junit.runners.ParentRunner.access$100(ParentRunner.java:66)
	at org.junit.runners.ParentRunner$2.evaluate(ParentRunner.java:293)
	at org.junit.runners.ParentRunner$3.evaluate(ParentRunner.java:306)
	at org.junit.runners.ParentRunner.run(ParentRunner.java:413)
	at org.junit.runners.Suite.runChild(Suite.java:128)
	at org.junit.runners.Suite.runChild(Suite.java:27)
	at org.junit.runners.ParentRunner$4.run(ParentRunner.java:331)
	at org.junit.runners.ParentRunner$1.schedule(ParentRunner.java:79)
	at org.junit.runners.ParentRunner.runChildren(ParentRunner.java:329)
	at org.junit.runners.ParentRunner.access$100(ParentRunner.java:66)
	at org.junit.runners.ParentRunner$2.evaluate(ParentRunner.java:293)
	at org.junit.runners.ParentRunner$3.evaluate(ParentRunner.java:306)
	at org.junit.runners.ParentRunner.run(ParentRunner.java:413)
	at org.junit.runner.JUnitCore.run(JUnitCore.java:137)
	at com.intellij.junit4.JUnit4IdeaTestRunner.startRunnerWithArgs(JUnit4IdeaTestRunner.java:69)
	at com.intellij.rt.junit.IdeaTestRunner$Repeater$1.execute(IdeaTestRunner.java:38)
	at com.intellij.rt.execution.junit.TestsRepeater.repeat(TestsRepeater.java:11)
	at com.intellij.rt.junit.IdeaTestRunner$Repeater.startRunnerWithArgs(IdeaTestRunner.java:35)
	at com.intellij.rt.junit.JUnitStarter.prepareStreamsAndStart(JUnitStarter.java:231)
	at com.intellij.rt.junit.JUnitStarter.main(JUnitStarter.java:55)


[INFO] 2026-05-22 23:15:18 — Vida extra para Jugador 1 (total: 1)

[INFO] 2026-05-22 23:15:18 — Vida extra para Jugador 1 (total: 1)

[INFO] 2026-05-22 23:15:18 — Vida extra para Jugador 1 (total: 1)

[INFO] 2026-05-22 23:15:18 — Vida extra absorbió un golpe para Jugador 1 (restantes: 0)

[INFO] 2026-05-22 23:15:18 — Vida extra para Jugador 1 (total: 1)

[INFO] 2026-05-22 23:15:18 — Vida extra para Jugador 1 (total: 1)

[INFO] 2026-05-22 23:15:18 — Vida extra absorbió un golpe para Jugador 1 (restantes: 0)
may 22, 2026 11:15:18 P. M. main.domain.Coin collect
SEVERE: Moneda ya recolectada en (3,5)
may 22, 2026 11:15:37 P. M. main.domain.Board setWall
SEVERE: Muro fuera del tablero en (-1,0)

════════════════════════════════════════════════════════════
[ERROR] 2026-05-22 23:15:37
────────────────────────────────────────────────────────────
Mensaje    : Mock error message
Excepción  : java.lang.NullPointerException
Detalle    : Mock unexpected exception for test
StackTrace :
  at test.ExceptionsTest.testGameLoggerUnexpectedErrorLogging(ExceptionsTest.java:47)
  at java.base/jdk.internal.reflect.DirectMethodHandleAccessor.invoke(DirectMethodHandleAccessor.java:104)
  at java.base/java.lang.reflect.Method.invoke(Method.java:565)
  at org.junit.runners.model.FrameworkMethod$1.runReflectiveCall(FrameworkMethod.java:59)
  at org.junit.internal.runners.model.ReflectiveCallable.run(ReflectiveCallable.java:12)
  at org.junit.runners.model.FrameworkMethod.invokeExplosively(FrameworkMethod.java:56)
  at org.junit.internal.runners.statements.InvokeMethod.evaluate(InvokeMethod.java:17)
  at org.junit.runners.ParentRunner$3.evaluate(ParentRunner.java:306)
  at org.junit.runners.BlockJUnit4ClassRunner$1.evaluate(BlockJUnit4ClassRunner.java:100)
  at org.junit.runners.ParentRunner.runLeaf(ParentRunner.java:366)
  at org.junit.runners.BlockJUnit4ClassRunner.runChild(BlockJUnit4ClassRunner.java:103)
  at org.junit.runners.BlockJUnit4ClassRunner.runChild(BlockJUnit4ClassRunner.java:63)
  at org.junit.runners.ParentRunner$4.run(ParentRunner.java:331)
  at org.junit.runners.ParentRunner$1.schedule(ParentRunner.java:79)
  at org.junit.runners.ParentRunner.runChildren(ParentRunner.java:329)
  at org.junit.runners.ParentRunner.access$100(ParentRunner.java:66)
  at org.junit.runners.ParentRunner$2.evaluate(ParentRunner.java:293)
  at org.junit.runners.ParentRunner$3.evaluate(ParentRunner.java:306)
  at org.junit.runners.ParentRunner.run(ParentRunner.java:413)
  at org.junit.runners.Suite.runChild(Suite.java:128)
  at org.junit.runners.Suite.runChild(Suite.java:27)
  at org.junit.runners.ParentRunner$4.run(ParentRunner.java:331)
  at org.junit.runners.ParentRunner$1.schedule(ParentRunner.java:79)
  at org.junit.runners.ParentRunner.runChildren(ParentRunner.java:329)
  at org.junit.runners.ParentRunner.access$100(ParentRunner.java:66)
  at org.junit.runners.ParentRunner$2.evaluate(ParentRunner.java:293)
  at org.junit.runners.ParentRunner$3.evaluate(ParentRunner.java:306)
  at org.junit.runners.ParentRunner.run(ParentRunner.java:413)
  at org.junit.runner.JUnitCore.run(JUnitCore.java:137)
  at com.intellij.junit4.JUnit4IdeaTestRunner.startRunnerWithArgs(JUnit4IdeaTestRunner.java:69)
  at com.intellij.rt.junit.IdeaTestRunner$Repeater$1.execute(IdeaTestRunner.java:38)
  at com.intellij.rt.execution.junit.TestsRepeater.repeat(TestsRepeater.java:11)
  at com.intellij.rt.junit.IdeaTestRunner$Repeater.startRunnerWithArgs(IdeaTestRunner.java:35)
  at com.intellij.rt.junit.JUnitStarter.prepareStreamsAndStart(JUnitStarter.java:231)
  at com.intellij.rt.junit.JUnitStarter.main(JUnitStarter.java:55)
════════════════════════════════════════════════════════════

════════════════════════════════════════════════════════════
[ERROR] 2026-05-22 23:15:37
────────────────────────────────────────────────────────────
Mensaje    : Single argument error
════════════════════════════════════════════════════════════

[INFO] 2026-05-22 23:15:37 — Information log message

════════════════════════════════════════════════════════════
[ERROR] 2026-05-22 23:15:37
────────────────────────────────────────────────────────────
Mensaje    : Test error message
Contexto   : Custom Extra Context
Excepción  : java.lang.RuntimeException
Detalle    : Runtime wrapper
Causa raíz : Root bad argument
StackTrace :
  at test.ExceptionsTest.testGameLoggerComprehensive(ExceptionsTest.java:90)
  at java.base/jdk.internal.reflect.DirectMethodHandleAccessor.invoke(DirectMethodHandleAccessor.java:104)
  at java.base/java.lang.reflect.Method.invoke(Method.java:565)
  at org.junit.runners.model.FrameworkMethod$1.runReflectiveCall(FrameworkMethod.java:59)
  at org.junit.internal.runners.model.ReflectiveCallable.run(ReflectiveCallable.java:12)
  at org.junit.runners.model.FrameworkMethod.invokeExplosively(FrameworkMethod.java:56)
  at org.junit.internal.runners.statements.InvokeMethod.evaluate(InvokeMethod.java:17)
  at org.junit.runners.ParentRunner$3.evaluate(ParentRunner.java:306)
  at org.junit.runners.BlockJUnit4ClassRunner$1.evaluate(BlockJUnit4ClassRunner.java:100)
  at org.junit.runners.ParentRunner.runLeaf(ParentRunner.java:366)
  at org.junit.runners.BlockJUnit4ClassRunner.runChild(BlockJUnit4ClassRunner.java:103)
  at org.junit.runners.BlockJUnit4ClassRunner.runChild(BlockJUnit4ClassRunner.java:63)
  at org.junit.runners.ParentRunner$4.run(ParentRunner.java:331)
  at org.junit.runners.ParentRunner$1.schedule(ParentRunner.java:79)
  at org.junit.runners.ParentRunner.runChildren(ParentRunner.java:329)
  at org.junit.runners.ParentRunner.access$100(ParentRunner.java:66)
  at org.junit.runners.ParentRunner$2.evaluate(ParentRunner.java:293)
  at org.junit.runners.ParentRunner$3.evaluate(ParentRunner.java:306)
  at org.junit.runners.ParentRunner.run(ParentRunner.java:413)
  at org.junit.runners.Suite.runChild(Suite.java:128)
  at org.junit.runners.Suite.runChild(Suite.java:27)
  at org.junit.runners.ParentRunner$4.run(ParentRunner.java:331)
  at org.junit.runners.ParentRunner$1.schedule(ParentRunner.java:79)
  at org.junit.runners.ParentRunner.runChildren(ParentRunner.java:329)
  at org.junit.runners.ParentRunner.access$100(ParentRunner.java:66)
  at org.junit.runners.ParentRunner$2.evaluate(ParentRunner.java:293)
  at org.junit.runners.ParentRunner$3.evaluate(ParentRunner.java:306)
  at org.junit.runners.ParentRunner.run(ParentRunner.java:413)
  at org.junit.runner.JUnitCore.run(JUnitCore.java:137)
  at com.intellij.junit4.JUnit4IdeaTestRunner.startRunnerWithArgs(JUnit4IdeaTestRunner.java:69)
  at com.intellij.rt.junit.IdeaTestRunner$Repeater$1.execute(IdeaTestRunner.java:38)
  at com.intellij.rt.execution.junit.TestsRepeater.repeat(TestsRepeater.java:11)
  at com.intellij.rt.junit.IdeaTestRunner$Repeater.startRunnerWithArgs(IdeaTestRunner.java:35)
  at com.intellij.rt.junit.JUnitStarter.prepareStreamsAndStart(JUnitStarter.java:231)
  at com.intellij.rt.junit.JUnitStarter.main(JUnitStarter.java:55)
════════════════════════════════════════════════════════════
may 22, 2026 11:15:37 P. M. main.domain.GameConfiguration parseDimension
SEVERE: ROWS o COLS requiere un valor numérico
may 22, 2026 11:15:37 P. M. main.domain.GameConfiguration validate
SEVERE: Dimensiones inválidas: -5x10
may 22, 2026 11:15:37 P. M. main.domain.GameConfiguration validate
SEVERE: Tiempo 5s menor al mínimo (10s)
may 22, 2026 11:15:37 P. M. main.domain.GameConfiguration validate
SEVERE: Falta SAFE_START en la configuración
may 22, 2026 11:15:37 P. M. main.domain.GameConfiguration validate
SEVERE: Falta SAFE_FINAL en la configuración
may 22, 2026 11:15:37 P. M. main.domain.GameConfiguration parseZoneLine
SEVERE: ZONA requiere fila, col, filas y cols
may 22, 2026 11:15:37 P. M. main.domain.GameConfiguration parseEnemy
SEVERE: ENEMY requiere tipo, fila y columna
may 22, 2026 11:15:37 P. M. main.domain.GameConfiguration parseEnemy
SEVERE: Tipo de enemigo desconocido: UNKNOWN
may 22, 2026 11:15:37 P. M. main.domain.GameConfiguration parseSpinnerEnemy
SEVERE: ENEMY SPINNER requiere filaCentro colCentro radio indexInicial horario velocidad
may 22, 2026 11:15:37 P. M. main.domain.GameConfiguration parseBasicEnemy
SEVERE: ENEMY BASIC requiere fila, columna y dirección
may 22, 2026 11:15:37 P. M. main.domain.GameConfiguration parseBasicEnemy
SEVERE: horizontalStep no aplica con dirección VERTICAL: LEFT
may 22, 2026 11:15:37 P. M. main.domain.GameConfiguration parseAcceleratedEnemy
SEVERE: ENEMY ACCEL requiere fila, columna y dirección
may 22, 2026 11:15:37 P. M. main.domain.GameConfiguration parseAcceleratedEnemy
SEVERE: Dirección ACCEL inválida: DIAGONAL
may 22, 2026 11:15:37 P. M. main.domain.GameConfiguration parseAcceleratedEnemy
SEVERE: horizontalStep no aplica con dirección VERTICAL: LEFT
may 22, 2026 11:15:37 P. M. main.domain.GameConfiguration parsePatrolEnemy
SEVERE: ENEMY PATROL requiere fila col filas cols o fila col zonaFila zonaCol filasZona colsZona
may 22, 2026 11:15:37 P. M. main.domain.GameConfiguration parseDirectionToken
SEVERE: Dirección de enemigo inválida: DIAGONAL
may 22, 2026 11:15:37 P. M. main.domain.GameConfiguration parseHorizontalStep
SEVERE: Sentido horizontal inválido: UP
may 22, 2026 11:15:37 P. M. main.domain.GameConfiguration load
SEVERE: Archivo no encontrado: archivo_no_existente_987654321.txt
java.nio.file.NoSuchFileException: archivo_no_existente_987654321.txt
	at java.base/sun.nio.fs.WindowsException.translateToIOException(WindowsException.java:85)
	at java.base/sun.nio.fs.WindowsException.rethrowAsIOException(WindowsException.java:103)
	at java.base/sun.nio.fs.WindowsException.rethrowAsIOException(WindowsException.java:108)
	at java.base/sun.nio.fs.WindowsFileSystemProvider.newByteChannel(WindowsFileSystemProvider.java:231)
	at java.base/java.nio.file.Files.newByteChannel(Files.java:357)
	at java.base/java.nio.file.Files.newByteChannel(Files.java:399)
	at java.base/java.nio.file.spi.FileSystemProvider.newInputStream(FileSystemProvider.java:371)
	at java.base/java.nio.file.Files.newInputStream(Files.java:154)
	at java.base/java.nio.file.Files.newBufferedReader(Files.java:2642)
	at java.base/java.nio.file.Files.readAllLines(Files.java:3082)
	at main.domain.GameConfiguration.load(GameConfiguration.java:52)
	at test.GameConfigurationTest.testErrorParsingBranches(GameConfigurationTest.java:240)
	at java.base/jdk.internal.reflect.DirectMethodHandleAccessor.invoke(DirectMethodHandleAccessor.java:104)
	at java.base/java.lang.reflect.Method.invoke(Method.java:565)
	at org.junit.runners.model.FrameworkMethod$1.runReflectiveCall(FrameworkMethod.java:59)
	at org.junit.internal.runners.model.ReflectiveCallable.run(ReflectiveCallable.java:12)
	at org.junit.runners.model.FrameworkMethod.invokeExplosively(FrameworkMethod.java:56)
	at org.junit.internal.runners.statements.InvokeMethod.evaluate(InvokeMethod.java:17)
	at org.junit.internal.runners.statements.RunBefores.evaluate(RunBefores.java:26)
	at org.junit.internal.runners.statements.RunAfters.evaluate(RunAfters.java:27)
	at org.junit.runners.ParentRunner$3.evaluate(ParentRunner.java:306)
	at org.junit.runners.BlockJUnit4ClassRunner$1.evaluate(BlockJUnit4ClassRunner.java:100)
	at org.junit.runners.ParentRunner.runLeaf(ParentRunner.java:366)
	at org.junit.runners.BlockJUnit4ClassRunner.runChild(BlockJUnit4ClassRunner.java:103)
	at org.junit.runners.BlockJUnit4ClassRunner.runChild(BlockJUnit4ClassRunner.java:63)
	at org.junit.runners.ParentRunner$4.run(ParentRunner.java:331)
	at org.junit.runners.ParentRunner$1.schedule(ParentRunner.java:79)
	at org.junit.runners.ParentRunner.runChildren(ParentRunner.java:329)
	at org.junit.runners.ParentRunner.access$100(ParentRunner.java:66)
	at org.junit.runners.ParentRunner$2.evaluate(ParentRunner.java:293)
	at org.junit.runners.ParentRunner$3.evaluate(ParentRunner.java:306)
	at org.junit.runners.ParentRunner.run(ParentRunner.java:413)
	at org.junit.runners.Suite.runChild(Suite.java:128)
	at org.junit.runners.Suite.runChild(Suite.java:27)
	at org.junit.runners.ParentRunner$4.run(ParentRunner.java:331)
	at org.junit.runners.ParentRunner$1.schedule(ParentRunner.java:79)
	at org.junit.runners.ParentRunner.runChildren(ParentRunner.java:329)
	at org.junit.runners.ParentRunner.access$100(ParentRunner.java:66)
	at org.junit.runners.ParentRunner$2.evaluate(ParentRunner.java:293)
	at org.junit.runners.ParentRunner$3.evaluate(ParentRunner.java:306)
	at org.junit.runners.ParentRunner.run(ParentRunner.java:413)
	at org.junit.runner.JUnitCore.run(JUnitCore.java:137)
	at com.intellij.junit4.JUnit4IdeaTestRunner.startRunnerWithArgs(JUnit4IdeaTestRunner.java:69)
	at com.intellij.rt.junit.IdeaTestRunner$Repeater$1.execute(IdeaTestRunner.java:38)
	at com.intellij.rt.execution.junit.TestsRepeater.repeat(TestsRepeater.java:11)
	at com.intellij.rt.junit.IdeaTestRunner$Repeater.startRunnerWithArgs(IdeaTestRunner.java:35)
	at com.intellij.rt.junit.JUnitStarter.prepareStreamsAndStart(JUnitStarter.java:231)
	at com.intellij.rt.junit.JUnitStarter.main(JUnitStarter.java:55)

may 22, 2026 11:15:37 P. M. main.domain.GameConfiguration parseLine
WARNING: Comando desconocido en archivo: UNKNOWN_CMD
may 22, 2026 11:15:37 P. M. main.domain.GameConfiguration validate
SEVERE: Falta SAFE_START en la configuración
may 22, 2026 11:15:37 P. M. main.domain.GameConfiguration validateNotOnWall
SEVERE: COIN colocado sobre un muro en (2,4)

[INFO] 2026-05-22 23:15:37 — Clyde absorbió un golpe con su escudo

[INFO] 2026-05-22 23:15:37 — Vida extra para Jugador 1 (total: 1)

[INFO] 2026-05-22 23:15:37 — Clyde absorbió un golpe con su escudo

[INFO] 2026-05-22 23:15:37 — Vida extra absorbió un golpe para Jugador 1 (restantes: 0)

[INFO] 2026-05-22 23:15:37 — Clyde absorbió un golpe con su escudo

[INFO] 2026-05-22 23:15:37 — Moneda skin: Jugador 1 cambió a Azul (Inky) hasta morir

[INFO] 2026-05-22 23:15:37 — Colisión jugador-jugador: ambos reiniciados a inicio

[INFO] 2026-05-22 23:15:37 — Checkpoint intermedio activado — monedas previas fijadas
may 22, 2026 11:15:37 P. M. main.domain.HardestGame movePlayer
SEVERE: movePlayer no permitido en estado PAUSED

[INFO] 2026-05-22 23:15:37 — Vida extra para Jugador 1 (total: 1)

[INFO] 2026-05-22 23:15:37 — Vida extra para Jugador 1 (total: 1)

[INFO] 2026-05-22 23:15:37 — Checkpoint intermedio activado — monedas previas fijadas

[INFO] 2026-05-22 23:15:37 — Checkpoint intermedio activado — monedas previas fijadas
may 22, 2026 11:15:37 P. M. main.domain.HardestGame moveSecondPlayer
SEVERE: moveSecondPlayer no permitido en estado PAUSED
may 22, 2026 11:15:37 P. M. main.domain.HardestGame loadConfiguration
SEVERE: No se puede cargar nivel: partida en estado PLAYING
may 22, 2026 11:15:37 P. M. main.domain.HardestGame createPlayer
SEVERE: Skin no registrado: Skin Inexistente 123
may 22, 2026 11:15:37 P. M. main.domain.HardestGame moveSecondPlayer
SEVERE: moveSecondPlayer sin modo dos jugadores activo
may 22, 2026 11:15:37 P. M. main.domain.GameConfiguration parseLine
WARNING: Comando desconocido en archivo: SAFE_INTER

[INFO] 2026-05-22 23:15:37 — Vida extra para Jugador 1 (total: 1)

[INFO] 2026-05-22 23:15:37 — Vida extra para Jugador 1 (total: 1)

[INFO] 2026-05-22 23:15:37 — Vida extra para Jugador 1 (total: 1)

[INFO] 2026-05-22 23:15:37 — Vida extra absorbió un golpe para Jugador 1 (restantes: 0)

[INFO] 2026-05-22 23:15:37 — Vida extra para Jugador 1 (total: 1)

[INFO] 2026-05-22 23:15:37 — Vida extra para Jugador 1 (total: 1)

[INFO] 2026-05-22 23:15:37 — Vida extra absorbió un golpe para Jugador 1 (restantes: 0)
may 22, 2026 11:15:37 P. M. main.domain.Coin collect
SEVERE: Moneda ya recolectada en (3,5)
may 22, 2026 11:15:45 P. M. main.domain.Board setWall
SEVERE: Muro fuera del tablero en (-1,0)

════════════════════════════════════════════════════════════
[ERROR] 2026-05-22 23:15:45
────────────────────────────────────────────────────────────
Mensaje    : Mock error message
Excepción  : java.lang.NullPointerException
Detalle    : Mock unexpected exception for test
StackTrace :
  at test.ExceptionsTest.testGameLoggerUnexpectedErrorLogging(ExceptionsTest.java:47)
  at java.base/jdk.internal.reflect.DirectMethodHandleAccessor.invoke(DirectMethodHandleAccessor.java:104)
  at java.base/java.lang.reflect.Method.invoke(Method.java:565)
  at org.junit.runners.model.FrameworkMethod$1.runReflectiveCall(FrameworkMethod.java:59)
  at org.junit.internal.runners.model.ReflectiveCallable.run(ReflectiveCallable.java:12)
  at org.junit.runners.model.FrameworkMethod.invokeExplosively(FrameworkMethod.java:56)
  at org.junit.internal.runners.statements.InvokeMethod.evaluate(InvokeMethod.java:17)
  at org.junit.runners.ParentRunner$3.evaluate(ParentRunner.java:306)
  at org.junit.runners.BlockJUnit4ClassRunner$1.evaluate(BlockJUnit4ClassRunner.java:100)
  at org.junit.runners.ParentRunner.runLeaf(ParentRunner.java:366)
  at org.junit.runners.BlockJUnit4ClassRunner.runChild(BlockJUnit4ClassRunner.java:103)
  at org.junit.runners.BlockJUnit4ClassRunner.runChild(BlockJUnit4ClassRunner.java:63)
  at org.junit.runners.ParentRunner$4.run(ParentRunner.java:331)
  at org.junit.runners.ParentRunner$1.schedule(ParentRunner.java:79)
  at org.junit.runners.ParentRunner.runChildren(ParentRunner.java:329)
  at org.junit.runners.ParentRunner.access$100(ParentRunner.java:66)
  at org.junit.runners.ParentRunner$2.evaluate(ParentRunner.java:293)
  at org.junit.runners.ParentRunner$3.evaluate(ParentRunner.java:306)
  at org.junit.runners.ParentRunner.run(ParentRunner.java:413)
  at org.junit.runners.Suite.runChild(Suite.java:128)
  at org.junit.runners.Suite.runChild(Suite.java:27)
  at org.junit.runners.ParentRunner$4.run(ParentRunner.java:331)
  at org.junit.runners.ParentRunner$1.schedule(ParentRunner.java:79)
  at org.junit.runners.ParentRunner.runChildren(ParentRunner.java:329)
  at org.junit.runners.ParentRunner.access$100(ParentRunner.java:66)
  at org.junit.runners.ParentRunner$2.evaluate(ParentRunner.java:293)
  at org.junit.runners.ParentRunner$3.evaluate(ParentRunner.java:306)
  at org.junit.runners.ParentRunner.run(ParentRunner.java:413)
  at org.junit.runner.JUnitCore.run(JUnitCore.java:137)
  at com.intellij.junit4.JUnit4IdeaTestRunner.startRunnerWithArgs(JUnit4IdeaTestRunner.java:69)
  at com.intellij.rt.junit.IdeaTestRunner$Repeater$1.execute(IdeaTestRunner.java:38)
  at com.intellij.rt.execution.junit.TestsRepeater.repeat(TestsRepeater.java:11)
  at com.intellij.rt.junit.IdeaTestRunner$Repeater.startRunnerWithArgs(IdeaTestRunner.java:35)
  at com.intellij.rt.junit.JUnitStarter.prepareStreamsAndStart(JUnitStarter.java:231)
  at com.intellij.rt.junit.JUnitStarter.main(JUnitStarter.java:55)
════════════════════════════════════════════════════════════

════════════════════════════════════════════════════════════
[ERROR] 2026-05-22 23:15:45
────────────────────────────────────────────────────────────
Mensaje    : Single argument error
════════════════════════════════════════════════════════════

[INFO] 2026-05-22 23:15:45 — Information log message

════════════════════════════════════════════════════════════
[ERROR] 2026-05-22 23:15:45
────────────────────────────────────────────────────────────
Mensaje    : Test error message
Contexto   : Custom Extra Context
Excepción  : java.lang.RuntimeException
Detalle    : Runtime wrapper
Causa raíz : Root bad argument
StackTrace :
  at test.ExceptionsTest.testGameLoggerComprehensive(ExceptionsTest.java:90)
  at java.base/jdk.internal.reflect.DirectMethodHandleAccessor.invoke(DirectMethodHandleAccessor.java:104)
  at java.base/java.lang.reflect.Method.invoke(Method.java:565)
  at org.junit.runners.model.FrameworkMethod$1.runReflectiveCall(FrameworkMethod.java:59)
  at org.junit.internal.runners.model.ReflectiveCallable.run(ReflectiveCallable.java:12)
  at org.junit.runners.model.FrameworkMethod.invokeExplosively(FrameworkMethod.java:56)
  at org.junit.internal.runners.statements.InvokeMethod.evaluate(InvokeMethod.java:17)
  at org.junit.runners.ParentRunner$3.evaluate(ParentRunner.java:306)
  at org.junit.runners.BlockJUnit4ClassRunner$1.evaluate(BlockJUnit4ClassRunner.java:100)
  at org.junit.runners.ParentRunner.runLeaf(ParentRunner.java:366)
  at org.junit.runners.BlockJUnit4ClassRunner.runChild(BlockJUnit4ClassRunner.java:103)
  at org.junit.runners.BlockJUnit4ClassRunner.runChild(BlockJUnit4ClassRunner.java:63)
  at org.junit.runners.ParentRunner$4.run(ParentRunner.java:331)
  at org.junit.runners.ParentRunner$1.schedule(ParentRunner.java:79)
  at org.junit.runners.ParentRunner.runChildren(ParentRunner.java:329)
  at org.junit.runners.ParentRunner.access$100(ParentRunner.java:66)
  at org.junit.runners.ParentRunner$2.evaluate(ParentRunner.java:293)
  at org.junit.runners.ParentRunner$3.evaluate(ParentRunner.java:306)
  at org.junit.runners.ParentRunner.run(ParentRunner.java:413)
  at org.junit.runners.Suite.runChild(Suite.java:128)
  at org.junit.runners.Suite.runChild(Suite.java:27)
  at org.junit.runners.ParentRunner$4.run(ParentRunner.java:331)
  at org.junit.runners.ParentRunner$1.schedule(ParentRunner.java:79)
  at org.junit.runners.ParentRunner.runChildren(ParentRunner.java:329)
  at org.junit.runners.ParentRunner.access$100(ParentRunner.java:66)
  at org.junit.runners.ParentRunner$2.evaluate(ParentRunner.java:293)
  at org.junit.runners.ParentRunner$3.evaluate(ParentRunner.java:306)
  at org.junit.runners.ParentRunner.run(ParentRunner.java:413)
  at org.junit.runner.JUnitCore.run(JUnitCore.java:137)
  at com.intellij.junit4.JUnit4IdeaTestRunner.startRunnerWithArgs(JUnit4IdeaTestRunner.java:69)
  at com.intellij.rt.junit.IdeaTestRunner$Repeater$1.execute(IdeaTestRunner.java:38)
  at com.intellij.rt.execution.junit.TestsRepeater.repeat(TestsRepeater.java:11)
  at com.intellij.rt.junit.IdeaTestRunner$Repeater.startRunnerWithArgs(IdeaTestRunner.java:35)
  at com.intellij.rt.junit.JUnitStarter.prepareStreamsAndStart(JUnitStarter.java:231)
  at com.intellij.rt.junit.JUnitStarter.main(JUnitStarter.java:55)
════════════════════════════════════════════════════════════
may 22, 2026 11:15:45 P. M. main.domain.GameConfiguration parseDimension
SEVERE: ROWS o COLS requiere un valor numérico
may 22, 2026 11:15:45 P. M. main.domain.GameConfiguration validate
SEVERE: Dimensiones inválidas: -5x10
may 22, 2026 11:15:45 P. M. main.domain.GameConfiguration validate
SEVERE: Tiempo 5s menor al mínimo (10s)
may 22, 2026 11:15:45 P. M. main.domain.GameConfiguration validate
SEVERE: Falta SAFE_START en la configuración
may 22, 2026 11:15:45 P. M. main.domain.GameConfiguration validate
SEVERE: Falta SAFE_FINAL en la configuración
may 22, 2026 11:15:45 P. M. main.domain.GameConfiguration parseZoneLine
SEVERE: ZONA requiere fila, col, filas y cols
may 22, 2026 11:15:45 P. M. main.domain.GameConfiguration parseEnemy
SEVERE: ENEMY requiere tipo, fila y columna
may 22, 2026 11:15:45 P. M. main.domain.GameConfiguration parseEnemy
SEVERE: Tipo de enemigo desconocido: UNKNOWN
may 22, 2026 11:15:45 P. M. main.domain.GameConfiguration parseSpinnerEnemy
SEVERE: ENEMY SPINNER requiere filaCentro colCentro radio indexInicial horario velocidad
may 22, 2026 11:15:45 P. M. main.domain.GameConfiguration parseBasicEnemy
SEVERE: ENEMY BASIC requiere fila, columna y dirección
may 22, 2026 11:15:45 P. M. main.domain.GameConfiguration parseBasicEnemy
SEVERE: horizontalStep no aplica con dirección VERTICAL: LEFT
may 22, 2026 11:15:45 P. M. main.domain.GameConfiguration parseAcceleratedEnemy
SEVERE: ENEMY ACCEL requiere fila, columna y dirección
may 22, 2026 11:15:45 P. M. main.domain.GameConfiguration parseAcceleratedEnemy
SEVERE: Dirección ACCEL inválida: DIAGONAL
may 22, 2026 11:15:45 P. M. main.domain.GameConfiguration parseAcceleratedEnemy
SEVERE: horizontalStep no aplica con dirección VERTICAL: LEFT
may 22, 2026 11:15:45 P. M. main.domain.GameConfiguration parsePatrolEnemy
SEVERE: ENEMY PATROL requiere fila col filas cols o fila col zonaFila zonaCol filasZona colsZona
may 22, 2026 11:15:45 P. M. main.domain.GameConfiguration parseDirectionToken
SEVERE: Dirección de enemigo inválida: DIAGONAL
may 22, 2026 11:15:45 P. M. main.domain.GameConfiguration parseHorizontalStep
SEVERE: Sentido horizontal inválido: UP
may 22, 2026 11:15:45 P. M. main.domain.GameConfiguration load
SEVERE: Archivo no encontrado: archivo_no_existente_987654321.txt
java.nio.file.NoSuchFileException: archivo_no_existente_987654321.txt
	at java.base/sun.nio.fs.WindowsException.translateToIOException(WindowsException.java:85)
	at java.base/sun.nio.fs.WindowsException.rethrowAsIOException(WindowsException.java:103)
	at java.base/sun.nio.fs.WindowsException.rethrowAsIOException(WindowsException.java:108)
	at java.base/sun.nio.fs.WindowsFileSystemProvider.newByteChannel(WindowsFileSystemProvider.java:231)
	at java.base/java.nio.file.Files.newByteChannel(Files.java:357)
	at java.base/java.nio.file.Files.newByteChannel(Files.java:399)
	at java.base/java.nio.file.spi.FileSystemProvider.newInputStream(FileSystemProvider.java:371)
	at java.base/java.nio.file.Files.newInputStream(Files.java:154)
	at java.base/java.nio.file.Files.newBufferedReader(Files.java:2642)
	at java.base/java.nio.file.Files.readAllLines(Files.java:3082)
	at main.domain.GameConfiguration.load(GameConfiguration.java:52)
	at test.GameConfigurationTest.testErrorParsingBranches(GameConfigurationTest.java:240)
	at java.base/jdk.internal.reflect.DirectMethodHandleAccessor.invoke(DirectMethodHandleAccessor.java:104)
	at java.base/java.lang.reflect.Method.invoke(Method.java:565)
	at org.junit.runners.model.FrameworkMethod$1.runReflectiveCall(FrameworkMethod.java:59)
	at org.junit.internal.runners.model.ReflectiveCallable.run(ReflectiveCallable.java:12)
	at org.junit.runners.model.FrameworkMethod.invokeExplosively(FrameworkMethod.java:56)
	at org.junit.internal.runners.statements.InvokeMethod.evaluate(InvokeMethod.java:17)
	at org.junit.internal.runners.statements.RunBefores.evaluate(RunBefores.java:26)
	at org.junit.internal.runners.statements.RunAfters.evaluate(RunAfters.java:27)
	at org.junit.runners.ParentRunner$3.evaluate(ParentRunner.java:306)
	at org.junit.runners.BlockJUnit4ClassRunner$1.evaluate(BlockJUnit4ClassRunner.java:100)
	at org.junit.runners.ParentRunner.runLeaf(ParentRunner.java:366)
	at org.junit.runners.BlockJUnit4ClassRunner.runChild(BlockJUnit4ClassRunner.java:103)
	at org.junit.runners.BlockJUnit4ClassRunner.runChild(BlockJUnit4ClassRunner.java:63)
	at org.junit.runners.ParentRunner$4.run(ParentRunner.java:331)
	at org.junit.runners.ParentRunner$1.schedule(ParentRunner.java:79)
	at org.junit.runners.ParentRunner.runChildren(ParentRunner.java:329)
	at org.junit.runners.ParentRunner.access$100(ParentRunner.java:66)
	at org.junit.runners.ParentRunner$2.evaluate(ParentRunner.java:293)
	at org.junit.runners.ParentRunner$3.evaluate(ParentRunner.java:306)
	at org.junit.runners.ParentRunner.run(ParentRunner.java:413)
	at org.junit.runners.Suite.runChild(Suite.java:128)
	at org.junit.runners.Suite.runChild(Suite.java:27)
	at org.junit.runners.ParentRunner$4.run(ParentRunner.java:331)
	at org.junit.runners.ParentRunner$1.schedule(ParentRunner.java:79)
	at org.junit.runners.ParentRunner.runChildren(ParentRunner.java:329)
	at org.junit.runners.ParentRunner.access$100(ParentRunner.java:66)
	at org.junit.runners.ParentRunner$2.evaluate(ParentRunner.java:293)
	at org.junit.runners.ParentRunner$3.evaluate(ParentRunner.java:306)
	at org.junit.runners.ParentRunner.run(ParentRunner.java:413)
	at org.junit.runner.JUnitCore.run(JUnitCore.java:137)
	at com.intellij.junit4.JUnit4IdeaTestRunner.startRunnerWithArgs(JUnit4IdeaTestRunner.java:69)
	at com.intellij.rt.junit.IdeaTestRunner$Repeater$1.execute(IdeaTestRunner.java:38)
	at com.intellij.rt.execution.junit.TestsRepeater.repeat(TestsRepeater.java:11)
	at com.intellij.rt.junit.IdeaTestRunner$Repeater.startRunnerWithArgs(IdeaTestRunner.java:35)
	at com.intellij.rt.junit.JUnitStarter.prepareStreamsAndStart(JUnitStarter.java:231)
	at com.intellij.rt.junit.JUnitStarter.main(JUnitStarter.java:55)

may 22, 2026 11:15:45 P. M. main.domain.GameConfiguration parseLine
WARNING: Comando desconocido en archivo: UNKNOWN_CMD
may 22, 2026 11:15:45 P. M. main.domain.GameConfiguration validate
SEVERE: Falta SAFE_START en la configuración
may 22, 2026 11:15:45 P. M. main.domain.GameConfiguration validateNotOnWall
SEVERE: COIN colocado sobre un muro en (2,4)

[INFO] 2026-05-22 23:15:45 — Clyde absorbió un golpe con su escudo

[INFO] 2026-05-22 23:15:45 — Vida extra para Jugador 1 (total: 1)

[INFO] 2026-05-22 23:15:45 — Clyde absorbió un golpe con su escudo

[INFO] 2026-05-22 23:15:45 — Vida extra absorbió un golpe para Jugador 1 (restantes: 0)

[INFO] 2026-05-22 23:15:45 — Clyde absorbió un golpe con su escudo

[INFO] 2026-05-22 23:15:45 — Moneda skin: Jugador 1 cambió a Azul (Inky) hasta morir

[INFO] 2026-05-22 23:15:45 — Colisión jugador-jugador: ambos reiniciados a inicio

[INFO] 2026-05-22 23:15:45 — Checkpoint intermedio activado — monedas previas fijadas
may 22, 2026 11:15:45 P. M. main.domain.HardestGame movePlayer
SEVERE: movePlayer no permitido en estado PAUSED

[INFO] 2026-05-22 23:15:45 — Vida extra para Jugador 1 (total: 1)

[INFO] 2026-05-22 23:15:45 — Vida extra para Jugador 1 (total: 1)

[INFO] 2026-05-22 23:15:45 — Checkpoint intermedio activado — monedas previas fijadas

[INFO] 2026-05-22 23:15:45 — Checkpoint intermedio activado — monedas previas fijadas
may 22, 2026 11:15:45 P. M. main.domain.HardestGame moveSecondPlayer
SEVERE: moveSecondPlayer no permitido en estado PAUSED
may 22, 2026 11:15:45 P. M. main.domain.HardestGame loadConfiguration
SEVERE: No se puede cargar nivel: partida en estado PLAYING
may 22, 2026 11:15:45 P. M. main.domain.HardestGame createPlayer
SEVERE: Skin no registrado: Skin Inexistente 123
may 22, 2026 11:15:45 P. M. main.domain.HardestGame moveSecondPlayer
SEVERE: moveSecondPlayer sin modo dos jugadores activo
may 22, 2026 11:15:45 P. M. main.domain.GameConfiguration parseLine
WARNING: Comando desconocido en archivo: SAFE_INTER

[INFO] 2026-05-22 23:15:45 — Vida extra para Jugador 1 (total: 1)

[INFO] 2026-05-22 23:15:45 — Vida extra para Jugador 1 (total: 1)

[INFO] 2026-05-22 23:15:45 — Vida extra para Jugador 1 (total: 1)

[INFO] 2026-05-22 23:15:45 — Vida extra absorbió un golpe para Jugador 1 (restantes: 0)

[INFO] 2026-05-22 23:15:45 — Vida extra para Jugador 1 (total: 1)

[INFO] 2026-05-22 23:15:45 — Vida extra para Jugador 1 (total: 1)

[INFO] 2026-05-22 23:15:45 — Vida extra absorbió un golpe para Jugador 1 (restantes: 0)
may 22, 2026 11:15:45 P. M. main.domain.Coin collect
SEVERE: Moneda ya recolectada en (3,5)
may 22, 2026 11:16:45 P. M. main.domain.GameConfiguration parseLine
WARNING: Comando desconocido en archivo: SAFE_INTER

[INFO] 2026-05-22 23:19:28 — Moneda skin: Jugador 2 cambió a Rojo (Blinky) hasta morir

[INFO] 2026-05-22 23:19:28 — Moneda skin: Jugador 2 cambió a Azul (Inky) hasta morir

[INFO] 2026-05-22 23:19:32 — Moneda skin: Jugador 2 cambió a Rojo (Blinky) hasta morir

[INFO] 2026-05-22 23:19:33 — Moneda skin: Jugador 2 cambió a Azul (Inky) hasta morir

[INFO] 2026-05-22 23:19:35 — Moneda skin: Jugador 2 cambió a Azul (Inky) hasta morir

[INFO] 2026-05-22 23:19:37 — Moneda skin: Jugador 2 cambió a Azul (Inky) hasta morir

[INFO] 2026-05-22 23:19:40 — Moneda skin: Jugador 2 cambió a Rojo (Blinky) hasta morir

[INFO] 2026-05-22 23:19:45 — Moneda skin: Jugador 2 cambió a Rojo (Blinky) hasta morir

[INFO] 2026-05-22 23:20:33 — Clyde absorbió un golpe con su escudo

[INFO] 2026-05-22 23:20:57 — Moneda skin: Jugador 2 cambió a Azul (Inky) hasta morir

[INFO] 2026-05-22 23:20:58 — Moneda skin: Jugador 2 cambió a Azul (Inky) hasta morir

[INFO] 2026-05-22 23:20:58 — Moneda skin: Jugador 2 cambió a Verde (Clyde) hasta morir

[INFO] 2026-05-22 23:20:59 — Colisión jugador-jugador: ambos reiniciados a inicio

[INFO] 2026-05-22 23:21:00 — Clyde absorbió un golpe con su escudo

[INFO] 2026-05-22 23:21:01 — Colisión jugador-jugador: ambos reiniciados a inicio

[INFO] 2026-05-22 23:21:02 — Moneda skin: Jugador 2 cambió a Azul (Inky) hasta morir

[INFO] 2026-05-22 23:21:03 — Moneda skin: Jugador 2 cambió a Azul (Inky) hasta morir

[INFO] 2026-05-22 23:21:03 — Moneda skin: Jugador 2 cambió a Verde (Clyde) hasta morir

[INFO] 2026-05-22 23:21:04 — Colisión jugador-jugador: ambos reiniciados a inicio

[INFO] 2026-05-22 23:21:06 — Clyde absorbió un golpe con su escudo

[INFO] 2026-05-22 23:21:07 — Colisión jugador-jugador: ambos reiniciados a inicio

[INFO] 2026-05-22 23:21:09 — Moneda skin: Jugador 2 cambió a Azul (Inky) hasta morir

[INFO] 2026-05-22 23:21:09 — Moneda skin: Jugador 2 cambió a Azul (Inky) hasta morir

[INFO] 2026-05-22 23:21:09 — Moneda skin: Jugador 2 cambió a Verde (Clyde) hasta morir
may 22, 2026 11:21:21 P. M. main.domain.GameConfiguration parseLine
WARNING: Comando desconocido en archivo: SAFE_INTER

[INFO] 2026-05-22 23:22:38 — Moneda skin: Jugador 2 cambió a Azul (Inky) hasta morir

[INFO] 2026-05-22 23:22:38 — Moneda skin: Jugador 2 cambió a Verde (Clyde) hasta morir

[INFO] 2026-05-22 23:22:38 — Clyde absorbió un golpe con su escudo

[INFO] 2026-05-22 23:22:39 — Colisión jugador-jugador: ambos reiniciados a inicio
